datetime,open,high,low,close,volume
2026-03-12T13:30:00+00:00,661.4799999999999,661.4799999999999,652.9799999999999,654.31,418
2026-03-12T13:35:00+00:00,654.31,656.6399999999999,654.2599999999999,656.2199999999999,348
2026-03-12T13:40:00+00:00,656.2199999999999,656.7399999999999,654.6899999999999,655.6099999999999,306
2026-03-12T13:45:00+00:00,655.6099999999999,655.6099999999999,651.3399999999999,653.9999999999999,453
2026-03-12T13:50:00+00:00,653.9999999999999,655.17,651.1099999999999,651.6999999999999,419
2026-03-12T13:55:00+00:00,651.6999999999999,651.93,649.8599999999999,650.2399999999999,437
2026-03-12T14:00:00+00:00,650.2399999999999,653.4699999999999,650.2399999999999,652.41,272
2026-03-12T14:05:00+00:00,652.41,653.9399999999999,652.2299999999999,653.1299999999999,184
2026-03-12T14:10:00+00:00,653.1299999999999,653.5999999999999,652.6899999999999,653.2199999999999,224
2026-03-12T14:15:00+00:00,653.2199999999999,653.68,652.0899999999999,652.1099999999999,287
2026-03-12T14:20:00+00:00,652.1099999999999,652.81,651.4999999999999,652.3799999999999,271
2026-03-12T14:25:00+00:00,652.3799999999999,653.3899999999999,651.4899999999999,651.4999999999999,212
2026-03-12T14:30:00+00:00,651.4999999999999,651.4999999999999,649.8299999999999,650.7299999999999,350
2026-03-12T14:35:00+00:00,650.7299999999999,651.6299999999999,649.8699999999999,650.7099999999999,282
2026-03-12T14:40:00+00:00,650.7099999999999,651.5799999999999,649.93,651.28,281
2026-03-12T14:45:00+00:00,651.28,652.79,649.8399999999999,650.0099999999999,298
2026-03-12T14:50:00+00:00,650.0099999999999,651.3699999999999,649.8399999999999,651.2299999999999,233
2026-03-12T14:55:00+00:00,651.2299999999999,651.5099999999999,650.1299999999999,650.28,247
2026-03-12T15:00:00+00:00,650.28,650.6399999999999,648.8399999999999,648.93,300
2026-03-12T15:05:00+00:00,648.93,648.93,648.1999999999999,648.2699999999999,299
2026-03-12T15:10:00+00:00,648.2699999999999,648.5199999999999,646.7299999999999,647.7699999999999,332
2026-03-12T15:15:00+00:00,647.7699999999999,648.2199999999999,646.79,646.8,270
2026-03-12T15:20:00+00:00,646.8,647.3499999999999,645.8899999999999,646.7199999999999,262
2026-03-12T15:25:00+00:00,646.7199999999999,647.9899999999999,646.4899999999999,646.9899999999999,322
2026-03-12T15:30:00+00:00,646.9899999999999,648.3199999999999,646.3799999999999,646.7699999999999,299
2026-03-12T15:35:00+00:00,646.7699999999999,649.5799999999999,645.92,649.5799999999999,334
2026-03-12T15:40:00+00:00,649.5799999999999,649.5799999999999,647.6899999999999,649.0699999999999,364
2026-03-12T15:45:00+00:00,649.0699999999999,649.2399999999999,647.1899999999999,648.79,285
2026-03-12T15:50:00+00:00,648.79,649.8,648.6899999999999,649.41,232
2026-03-12T15:55:00+00:00,649.41,649.42,647.6899999999999,647.8199999999999,235
2026-03-12T16:00:00+00:00,647.8199999999999,648.6199999999999,647.0999999999999,648.55,313
2026-03-12T16:05:00+00:00,648.55,649.1899999999999,645.1399999999999,645.16,280
2026-03-12T16:10:00+00:00,645.16,647.03,645.1399999999999,646.7299999999999,352
2026-03-12T16:15:00+00:00,646.7299999999999,647.6999999999999,646.4499999999999,647.5699999999999,256
2026-03-12T16:20:00+00:00,647.5699999999999,649.2099999999999,647.3,647.7099999999999,231
2026-03-12T16:25:00+00:00,647.7099999999999,647.8299999999999,645.8899999999999,646.05,267
2026-03-12T16:30:00+00:00,646.05,647.2299999999999,645.4399999999999,646.6999999999999,277
2026-03-12T16:35:00+00:00,646.6999999999999,647.9999999999999,646.4899999999999,647.7099999999999,213
2026-03-12T16:40:00+00:00,647.7099999999999,647.8299999999999,646.6899999999999,647.03,269
2026-03-12T16:45:00+00:00,647.03,647.4399999999999,645.4899999999999,646.6999999999999,302
2026-03-12T16:50:00+00:00,646.6999999999999,646.8799999999999,645.79,646.3399999999999,252
2026-03-12T16:55:00+00:00,646.3399999999999,646.9399999999999,645.79,646.55,228
2026-03-12T17:00:00+00:00,646.55,647.8,646.4799999999999,647.7199999999999,237
2026-03-12T17:05:00+00:00,647.7199999999999,648.4499999999999,646.81,647.0799999999999,241
2026-03-12T17:10:00+00:00,647.0799999999999,647.9399999999999,646.6899999999999,646.7699999999999,255
2026-03-12T17:15:00+00:00,646.7699999999999,647.28,646.29,646.41,233
2026-03-12T17:20:00+00:00,646.41,647.3499999999999,645.8899999999999,646.7399999999999,222
2026-03-12T17:25:00+00:00,646.7399999999999,647.0999999999999,645.6999999999999,646.1099999999999,242
2026-03-12T17:30:00+00:00,646.1099999999999,647.41,645.8799999999999,647.0899999999999,285
2026-03-12T17:35:00+00:00,647.0899999999999,648.0099999999999,646.6899999999999,647.16,239
2026-03-12T17:40:00+00:00,647.16,647.4599999999999,645.7399999999999,645.7399999999999,280
2026-03-12T17:45:00+00:00,645.7399999999999,646.3799999999999,645.2099999999999,645.2299999999999,286
2026-03-12T17:50:00+00:00,645.2299999999999,646.0699999999999,644.7399999999999,644.7399999999999,241
2026-03-12T17:55:00+00:00,644.7399999999999,644.8699999999999,643.53,644.7499999999999,361
2026-03-12T18:00:00+00:00,644.7499999999999,646.0699999999999,644.4799999999999,645.4599999999999,273
2026-03-12T18:05:00+00:00,645.4599999999999,646.05,645.1299999999999,645.4699999999999,227
2026-03-12T18:10:00+00:00,645.4699999999999,646.16,645.3599999999999,645.6999999999999,201
2026-03-12T18:15:00+00:00,645.6999999999999,646.54,645.1399999999999,645.16,222
2026-03-12T18:20:00+00:00,645.16,645.6199999999999,644.8199999999999,645.3,232
2026-03-12T18:25:00+00:00,645.3,646.0699999999999,645.29,645.9,228
2026-03-12T18:30:00+00:00,645.9,646.1299999999999,645.3799999999999,645.3799999999999,216
2026-03-12T18:35:00+00:00,645.3799999999999,645.9899999999999,644.9899999999999,645.5899999999999,201
2026-03-12T18:40:00+00:00,645.5899999999999,645.93,645.2199999999999,645.4699999999999,195
2026-03-12T18:45:00+00:00,645.4699999999999,645.78,645.1999999999999,645.2699999999999,237
2026-03-12T18:50:00+00:00,645.2699999999999,645.9699999999999,644.8899999999999,645.4499999999999,236
2026-03-12T18:55:00+00:00,645.4499999999999,645.4699999999999,644.8899999999999,645.1099999999999,260
2026-03-12T19:00:00+00:00,645.1099999999999,645.7699999999999,644.4699999999999,644.91,267
2026-03-12T19:05:00+00:00,644.91,645.8699999999999,644.7199999999999,645.41,296
2026-03-12T19:10:00+00:00,645.41,645.8199999999999,644.4999999999999,645.1199999999999,308
2026-03-12T19:15:00+00:00,645.1199999999999,645.8299999999999,644.8199999999999,645.42,279
2026-03-12T19:20:00+00:00,645.42,646.1399999999999,644.8199999999999,645.4,286
2026-03-12T19:25:00+00:00,645.4,645.7199999999999,644.9399999999999,645.2699999999999,281
2026-03-12T19:30:00+00:00,645.2699999999999,646.3799999999999,644.9699999999999,645.8399999999999,293
2026-03-12T19:35:00+00:00,645.8399999999999,646.04,644.7099999999999,645.31,320
2026-03-12T19:40:00+00:00,645.31,645.41,644.3899999999999,645.04,384
2026-03-12T19:45:00+00:00,645.04,645.04,644.3,644.79,371
2026-03-12T19:50:00+00:00,644.79,645.9,644.29,645.03,499
2026-03-12T19:55:00+00:00,645.03,646.28,644.0699999999999,644.3899999999999,878
2026-03-13T13:30:00+00:00,644.3899999999999,644.3899999999999,624.1999999999999,625.65,1050
2026-03-13T13:35:00+00:00,625.65,628.7299999999999,625.6099999999999,626.81,709
2026-03-13T13:40:00+00:00,626.81,630.3399999999999,625.8899999999999,630.1299999999999,617
2026-03-13T13:45:00+00:00,630.1299999999999,632.0799999999999,629.6899999999999,630.9599999999999,513
2026-03-13T13:50:00+00:00,630.9599999999999,632.6899999999999,630.3,632.6899999999999,476
2026-03-13T13:55:00+00:00,632.6899999999999,633.0799999999999,631.2599999999999,631.78,479
2026-03-13T14:00:00+00:00,631.78,632.79,631.28,632.1999999999999,425
2026-03-13T14:05:00+00:00,632.1999999999999,633.78,631.8,633.03,392
2026-03-13T14:10:00+00:00,633.03,633.91,632.6299999999999,633.4599999999999,364
2026-03-13T14:15:00+00:00,633.4599999999999,633.7199999999999,632.2399999999999,632.6899999999999,373
2026-03-13T14:20:00+00:00,632.6899999999999,633.2599999999999,631.9699999999999,632.6899999999999,276
2026-03-13T14:25:00+00:00,632.6899999999999,633.3499999999999,631.9699999999999,633.3499999999999,271
2026-03-13T14:30:00+00:00,633.3499999999999,635.7499999999999,632.7299999999999,633.2099999999999,302
2026-03-13T14:35:00+00:00,633.2099999999999,633.4899999999999,631.29,632.0899999999999,399
2026-03-13T14:40:00+00:00,632.0899999999999,632.2599999999999,631.16,631.18,308
2026-03-13T14:45:00+00:00,631.18,631.18,628.3699999999999,628.78,428
2026-03-13T14:50:00+00:00,628.78,629.3399999999999,626.8399999999999,627.3399999999999,449
2026-03-13T14:55:00+00:00,627.3399999999999,627.65,626.0199999999999,626.0199999999999,422
2026-03-13T15:00:00+00:00,626.0199999999999,626.4399999999999,624.8399999999999,625.91,449
2026-03-13T15:05:00+00:00,625.91,626.93,625.79,626.78,324
2026-03-13T15:10:00+00:00,626.78,627.5699999999999,626.3799999999999,627.05,315
2026-03-13T15:15:00+00:00,627.05,627.6899999999999,626.6099999999999,626.6299999999999,311
2026-03-13T15:20:00+00:00,626.6299999999999,626.9899999999999,624.43,624.43,375
2026-03-13T15:25:00+00:00,624.43,625.28,623.9899999999999,624.9899999999999,441
2026-03-13T15:30:00+00:00,624.9899999999999,625.42,623.9399999999999,624.81,375
2026-03-13T15:35:00+00:00,624.81,625.2399999999999,622.9899999999999,623.91,426
2026-03-13T15:40:00+00:00,623.91,624.1099999999999,621.9699999999999,622.4999999999999,388
2026-03-13T15:45:00+00:00,622.4999999999999,624.6199999999999,621.8499999999999,623.4799999999999,393
2026-03-13T15:50:00+00:00,623.4799999999999,624.29,622.6899999999999,624.06,377
2026-03-13T15:55:00+00:00,624.06,624.2299999999999,623.3299999999999,623.91,297
2026-03-13T16:00:00+00:00,623.91,624.9399999999999,623.8599999999999,624.5099999999999,285
2026-03-13T16:05:00+00:00,624.5099999999999,625.7599999999999,624.4899999999999,625.1999999999999,338
2026-03-13T16:10:00+00:00,625.1999999999999,626.29,624.29,625.1299999999999,364
2026-03-13T16:15:00+00:00,625.1299999999999,625.3499999999999,624.4599999999999,624.7199999999999,334
2026-03-13T16:20:00+00:00,624.7199999999999,625.18,624.6199999999999,624.6399999999999,242
2026-03-13T16:25:00+00:00,624.6399999999999,624.93,623.4399999999999,624.1999999999999,302
2026-03-13T16:30:00+00:00,624.1999999999999,625.0899999999999,624.1899999999999,624.65,204
2026-03-13T16:35:00+00:00,624.65,625.3499999999999,623.54,623.6299999999999,262
2026-03-13T16:40:00+00:00,623.6299999999999,623.66,621.29,621.5199999999999,372
2026-03-13T16:45:00+00:00,621.5199999999999,622.0099999999999,620.4699999999999,621.78,376
2026-03-13T16:50:00+00:00,621.78,622.5799999999999,621.7299999999999,622.1999999999999,305
2026-03-13T16:55:00+00:00,622.1999999999999,622.41,620.2399999999999,620.55,449
2026-03-13T17:00:00+00:00,620.55,620.79,619.9399999999999,620.3699999999999,393
2026-03-13T17:05:00+00:00,620.3699999999999,621.53,620.0899999999999,621.4999999999999,362
2026-03-13T17:10:00+00:00,621.4999999999999,621.7499999999999,620.3899999999999,621.7499999999999,341
2026-03-13T17:15:00+00:00,621.7499999999999,623.0999999999999,621.5799999999999,622.8899999999999,327
2026-03-13T17:20:00+00:00,622.8899999999999,622.9499999999999,621.8899999999999,621.9899999999999,262
2026-03-13T17:25:00+00:00,621.9899999999999,622.7199999999999,621.8899999999999,622.3199999999999,369
2026-03-13T17:30:00+00:00,622.3199999999999,622.54,621.1899999999999,621.3,341
2026-03-13T17:35:00+00:00,621.3,621.3,620.0899999999999,620.2699999999999,402
2026-03-13T17:40:00+00:00,620.2699999999999,620.6099999999999,619.4499999999999,619.9999999999999,333
2026-03-13T17:45:00+00:00,619.9999999999999,620.1099999999999,617.15,617.15,459
2026-03-13T17:50:00+00:00,617.15,617.7499999999999,616.29,617.5199999999999,536
2026-03-13T17:55:00+00:00,617.5199999999999,618.0999999999999,617.2699999999999,617.91,332
2026-03-13T18:00:00+00:00,617.91,618.2199999999999,617.0899999999999,617.4599999999999,374
2026-03-13T18:05:00+00:00,617.4599999999999,618.0999999999999,617.28,618.0899999999999,380
2026-03-13T18:10:00+00:00,618.0899999999999,619.7099999999999,618.0799999999999,619.1899999999999,370
2026-03-13T18:15:00+00:00,619.1899999999999,619.81,618.2599999999999,618.3599999999999,378
2026-03-13T18:20:00+00:00,618.3599999999999,619.29,618.2699999999999,618.6999999999999,296
2026-03-13T18:25:00+00:00,618.6999999999999,619.9699999999999,618.5899999999999,619.8299999999999,252
2026-03-13T18:30:00+00:00,619.8299999999999,620.43,619.4799999999999,620.04,310
2026-03-13T18:35:00+00:00,620.04,620.7099999999999,619.8499999999999,620.67,257
2026-03-13T18:40:00+00:00,620.67,620.7199999999999,619.9699999999999,620.41,278
2026-03-13T18:45:00+00:00,620.41,620.6299999999999,619.9699999999999,620.53,275
2026-03-13T18:50:00+00:00,620.53,620.8799999999999,619.9599999999999,620.6899999999999,275
2026-03-13T18:55:00+00:00,620.6899999999999,620.7599999999999,619.9599999999999,620.1999999999999,277
2026-03-13T19:00:00+00:00,620.1999999999999,620.56,619.6999999999999,620.0199999999999,303
2026-03-13T19:05:00+00:00,620.0199999999999,620.0199999999999,619.2199999999999,619.55,322
2026-03-13T19:10:00+00:00,619.55,619.8699999999999,619.2399999999999,619.5099999999999,379
2026-03-13T19:15:00+00:00,619.5099999999999,620.1899999999999,619.3899999999999,619.8199999999999,336
2026-03-13T19:20:00+00:00,619.8199999999999,619.8199999999999,618.2399999999999,618.78,388
2026-03-13T19:25:00+00:00,618.78,619.4499999999999,618.41,618.43,367
2026-03-13T19:30:00+00:00,618.43,619.7499999999999,618.43,619.3399999999999,374
2026-03-13T19:35:00+00:00,619.3399999999999,620.16,618.81,618.9899999999999,447
2026-03-13T19:40:00+00:00,618.9899999999999,619.3499999999999,618.4599999999999,619.2099999999999,551
2026-03-13T19:45:00+00:00,619.2099999999999,620.0999999999999,619.16,619.2399999999999,517
2026-03-13T19:50:00+00:00,619.2399999999999,620.81,619.2399999999999,620.81,544
2026-03-13T19:55:00+00:00,620.81,621.4999999999999,619.8399999999999,620.53,986
2026-03-16T13:30:00+00:00,620.53,638.7499999999999,620.53,638.7499999999999,796
2026-03-16T13:35:00+00:00,638.7499999999999,641.0099999999999,636.1399999999999,636.15,631
2026-03-16T13:40:00+00:00,636.15,637.1399999999999,633.1899999999999,633.2699999999999,586
2026-03-16T13:45:00+00:00,633.2699999999999,636.0999999999999,633.1899999999999,635.79,538
2026-03-16T13:50:00+00:00,635.79,636.5699999999999,634.9399999999999,635.5099999999999,393
2026-03-16T13:55:00+00:00,635.5099999999999,638.6199999999999,635.0699999999999,637.91,409
2026-03-16T14:00:00+00:00,637.91,638.2699999999999,635.56,636.5899999999999,365
2026-03-16T14:05:00+00:00,636.5899999999999,639.9499999999999,636.28,639.65,443
2026-03-16T14:10:00+00:00,639.65,641.3399999999999,639.56,639.6999999999999,448
2026-03-16T14:15:00+00:00,639.6999999999999,640.4799999999999,639.29,639.4,424
2026-03-16T14:20:00+00:00,639.4,640.3699999999999,637.7699999999999,638.81,389
2026-03-16T14:25:00+00:00,638.81,639.9699999999999,638.4599999999999,638.6899999999999,367
2026-03-16T14:30:00+00:00,638.6899999999999,638.7099999999999,636.3199999999999,636.3399999999999,452
2026-03-16T14:35:00+00:00,636.3399999999999,637.3499999999999,634.2199999999999,634.8899999999999,458
2026-03-16T14:40:00+00:00,634.8899999999999,635.78,634.6899999999999,635.04,337
2026-03-16T14:45:00+00:00,635.04,635.7699999999999,634.2399999999999,634.8199999999999,376
2026-03-16T14:50:00+00:00,634.8199999999999,636.18,634.1899999999999,635.78,311
2026-03-16T14:55:00+00:00,635.78,636.2499999999999,635.2599999999999,636.16,330
2026-03-16T15:00:00+00:00,636.16,636.2299999999999,634.0799999999999,634.1999999999999,425
2026-03-16T15:05:00+00:00,634.1999999999999,635.79,633.7099999999999,635.66,376
2026-03-16T15:10:00+00:00,635.66,636.04,634.5899999999999,635.7399999999999,329
2026-03-16T15:15:00+00:00,635.7399999999999,635.7399999999999,634.4599999999999,635.7299999999999,319
2026-03-16T15:20:00+00:00,635.7299999999999,635.7299999999999,634.7199999999999,635.3799999999999,295
2026-03-16T15:25:00+00:00,635.3799999999999,636.29,634.9799999999999,635.8399999999999,304
2026-03-16T15:30:00+00:00,635.8399999999999,636.1999999999999,634.81,635.8,293
2026-03-16T15:35:00+00:00,635.8,636.67,635.6199999999999,635.8699999999999,257
2026-03-16T15:40:00+00:00,635.8699999999999,635.8899999999999,634.9599999999999,635.4599999999999,239
2026-03-16T15:45:00+00:00,635.4599999999999,635.7099999999999,634.9899999999999,635.1999999999999,279
2026-03-16T15:50:00+00:00,635.1999999999999,635.1999999999999,634.06,634.3499999999999,339
2026-03-16T15:55:00+00:00,634.3499999999999,634.4399999999999,633.5999999999999,633.5999999999999,374
2026-03-16T16:00:00+00:00,633.5999999999999,634.16,632.54,632.5999999999999,385
2026-03-16T16:05:00+00:00,632.5999999999999,632.9499999999999,632.1999999999999,632.4499999999999,374
2026-03-16T16:10:00+00:00,632.4499999999999,632.65,631.06,631.1999999999999,398
2026-03-16T16:15:00+00:00,631.1999999999999,631.42,630.6899999999999,630.8899999999999,384
2026-03-16T16:20:00+00:00,630.8899999999999,631.4799999999999,630.3499999999999,630.4699999999999,426
2026-03-16T16:25:00+00:00,630.4699999999999,630.6999999999999,629.79,630.0199999999999,306
2026-03-16T16:30:00+00:00,630.0199999999999,630.9599999999999,629.93,630.3,393
2026-03-16T16:35:00+00:00,630.3,631.4,630.29,631.3199999999999,346
2026-03-16T16:40:00+00:00,631.3199999999999,632.1099999999999,630.7099999999999,631.8799999999999,279
2026-03-16T16:45:00+00:00,631.8799999999999,631.91,631.1899999999999,631.7099999999999,270
2026-03-16T16:50:00+00:00,631.7099999999999,632.3499999999999,631.4899999999999,632.05,264
2026-03-16T16:55:00+00:00,632.05,633.1199999999999,632.04,632.3699999999999,265
2026-03-16T17:00:00+00:00,632.3699999999999,633.6399999999999,632.1899999999999,632.3,270
2026-03-16T17:05:00+00:00,632.3,633.04,631.81,631.81,221
2026-03-16T17:10:00+00:00,631.81,631.9999999999999,631.2299999999999,631.6999999999999,229
2026-03-16T17:15:00+00:00,631.6999999999999,632.9499999999999,631.3899999999999,632.91,278
2026-03-16T17:20:00+00:00,632.91,633.2599999999999,632.6399999999999,632.6899999999999,224
2026-03-16T17:25:00+00:00,632.6899999999999,632.8299999999999,632.0899999999999,632.0899999999999,264
2026-03-16T17:30:00+00:00,632.0899999999999,632.2499999999999,631.6099999999999,631.7199999999999,264
2026-03-16T17:35:00+00:00,631.7199999999999,631.93,630.5699999999999,630.5799999999999,322
2026-03-16T17:40:00+00:00,630.5799999999999,631.1899999999999,630.16,630.7399999999999,308
2026-03-16T17:45:00+00:00,630.7399999999999,631.65,630.6899999999999,631.0099999999999,268
2026-03-16T17:50:00+00:00,631.0099999999999,631.04,630.0699999999999,630.3399999999999,293
2026-03-16T17:55:00+00:00,630.3399999999999,630.81,630.29,630.31,279
2026-03-16T18:00:00+00:00,630.31,630.6199999999999,630.1899999999999,630.56,272
2026-03-16T18:05:00+00:00,630.56,631.55,630.3599999999999,630.92,323
2026-03-16T18:10:00+00:00,630.92,631.29,630.5699999999999,630.92,329
2026-03-16T18:15:00+00:00,630.92,631.3,630.8899999999999,631.1299999999999,306
2026-03-16T18:20:00+00:00,631.1299999999999,633.04,630.91,632.8299999999999,314
2026-03-16T18:25:00+00:00,632.8299999999999,633.4799999999999,632.41,633.41,268
2026-03-16T18:30:00+00:00,633.41,634.1199999999999,632.56,632.7599999999999,415
2026-03-16T18:35:00+00:00,632.7599999999999,633.93,632.6899999999999,633.8,263
2026-03-16T18:40:00+00:00,633.8,634.1199999999999,633.0999999999999,634.06,274
2026-03-16T18:45:00+00:00,634.06,634.6999999999999,633.8599999999999,634.4399999999999,247
2026-03-16T18:50:00+00:00,634.4399999999999,634.7399999999999,634.18,634.3299999999999,223
2026-03-16T18:55:00+00:00,634.3299999999999,634.5099999999999,633.9699999999999,634.1999999999999,255
2026-03-16T19:00:00+00:00,634.1999999999999,634.79,634.1899999999999,634.3699999999999,258
2026-03-16T19:05:00+00:00,634.3699999999999,634.7399999999999,633.1999999999999,634.7399999999999,362
2026-03-16T19:10:00+00:00,634.7399999999999,635.1899999999999,632.6899999999999,633.53,405
2026-03-16T19:15:00+00:00,633.53,634.4999999999999,632.2499999999999,632.43,350
2026-03-16T19:20:00+00:00,632.43,633.8299999999999,632.3699999999999,633.4,248
2026-03-16T19:25:00+00:00,633.4,634.3399999999999,633.1099999999999,634.0099999999999,330
2026-03-16T19:30:00+00:00,634.0099999999999,634.2099999999999,633.4,633.6199999999999,279
2026-03-16T19:35:00+00:00,633.6199999999999,634.8299999999999,633.6199999999999,634.1899999999999,295
2026-03-16T19:40:00+00:00,634.1899999999999,634.3899999999999,633.4399999999999,633.7599999999999,357
2026-03-16T19:45:00+00:00,633.7599999999999,634.4399999999999,633.5899999999999,633.9999999999999,400
2026-03-16T19:50:00+00:00,633.9999999999999,634.7299999999999,633.1899999999999,633.9,547
2026-03-16T19:55:00+00:00,633.9,634.66,632.7099999999999,634.1199999999999,749
2026-03-17T13:30:00+00:00,634.1199999999999,642.5799999999999,634.0199999999999,641.16,835
2026-03-17T13:35:00+00:00,641.16,642.9,640.55,642.1999999999999,833
2026-03-17T13:40:00+00:00,642.1999999999999,643.05,638.9399999999999,639.67,657
2026-03-17T13:45:00+00:00,639.67,641.5099999999999,639.41,641.17,587
2026-03-17T13:50:00+00:00,641.17,641.9899999999999,639.4599999999999,639.81,630
2026-03-17T13:55:00+00:00,639.81,639.9699999999999,638.5199999999999,639.1899999999999,574
2026-03-17T14:00:00+00:00,639.1899999999999,639.1899999999999,637.4,637.6099999999999,611
2026-03-17T14:05:00+00:00,637.6099999999999,638.06,636.1899999999999,637.1899999999999,522
2026-03-17T14:10:00+00:00,637.1899999999999,637.5099999999999,636.1999999999999,636.28,520
2026-03-17T14:15:00+00:00,636.28,636.91,635.6899999999999,636.67,576
2026-03-17T14:20:00+00:00,636.67,636.91,635.93,636.5799999999999,518
2026-03-17T14:25:00+00:00,636.5799999999999,637.2399999999999,635.79,636.29,528
2026-03-17T14:30:00+00:00,636.29,636.4999999999999,635.1199999999999,636.2499999999999,509
2026-03-17T14:35:00+00:00,636.2499999999999,637.18,635.6899999999999,635.91,476
2026-03-17T14:40:00+00:00,635.91,637.3699999999999,635.5799999999999,637.1899999999999,573
2026-03-17T14:45:00+00:00,637.1899999999999,637.5199999999999,636.93,637.0699999999999,482
2026-03-17T14:50:00+00:00,637.0699999999999,637.3299999999999,636.6099999999999,636.6999999999999,475
2026-03-17T14:55:00+00:00,636.6999999999999,636.7199999999999,636.0099999999999,636.2499999999999,438
2026-03-17T15:00:00+00:00,636.2499999999999,636.3699999999999,634.3199999999999,634.3299999999999,602
2026-03-17T15:05:00+00:00,634.3299999999999,634.66,633.4899999999999,633.5199999999999,570
2026-03-17T15:10:00+00:00,633.5199999999999,633.8299999999999,632.8599999999999,632.8699999999999,663
2026-03-17T15:15:00+00:00,632.8699999999999,633.79,632.6999999999999,633.2099999999999,483
2026-03-17T15:20:00+00:00,633.2099999999999,633.4399999999999,632.31,632.6199999999999,535
2026-03-17T15:25:00+00:00,632.6199999999999,633.05,631.8399999999999,631.8399999999999,512
2026-03-17T15:30:00+00:00,631.8399999999999,632.53,631.8399999999999,631.8599999999999,476
2026-03-17T15:35:00+00:00,631.8599999999999,632.4899999999999,631.1999999999999,632.2499999999999,679
2026-03-17T15:40:00+00:00,632.2499999999999,632.66,631.92,632.4999999999999,553
2026-03-17T15:45:00+00:00,632.4999999999999,632.8399999999999,631.93,631.93,665
2026-03-17T15:50:00+00:00,631.93,633.0799999999999,631.92,633.05,436
2026-03-17T15:55:00+00:00,633.05,633.6399999999999,632.4399999999999,633.29,456
2026-03-17T16:00:00+00:00,633.29,633.53,632.6899999999999,633.0099999999999,577
2026-03-17T16:05:00+00:00,633.0099999999999,633.2399999999999,631.7699999999999,632.4,521
2026-03-17T16:10:00+00:00,632.4,632.7199999999999,631.7399999999999,631.81,470
2026-03-17T16:15:00+00:00,631.81,632.1199999999999,631.5899999999999,631.9999999999999,529
2026-03-17T16:20:00+00:00,631.9999999999999,632.3199999999999,631.6099999999999,632.2199999999999,586
2026-03-17T16:25:00+00:00,632.2199999999999,632.2199999999999,631.7299999999999,632.03,476
2026-03-17T16:30:00+00:00,632.03,632.3299999999999,631.6899999999999,631.8199999999999,641
2026-03-17T16:35:00+00:00,631.8199999999999,632.2299999999999,630.8,631.2499999999999,469
2026-03-17T16:40:00+00:00,631.2499999999999,631.9699999999999,631.1899999999999,631.8499999999999,308
2026-03-17T16:45:00+00:00,631.8499999999999,632.2399999999999,631.1899999999999,631.2099999999999,373
2026-03-17T16:50:00+00:00,631.2099999999999,631.4399999999999,630.5699999999999,630.65,431
2026-03-17T16:55:00+00:00,630.65,630.79,630.3199999999999,630.55,375
2026-03-17T17:00:00+00:00,630.55,632.4499999999999,630.53,631.91,374
2026-03-17T17:05:00+00:00,631.91,632.5999999999999,631.6999999999999,631.9499999999999,428
2026-03-17T17:10:00+00:00,631.9499999999999,632.2099999999999,631.53,631.91,413
2026-03-17T17:15:00+00:00,631.91,631.91,631.0699999999999,631.1299999999999,414
2026-03-17T17:20:00+00:00,631.1299999999999,631.2399999999999,630.93,631.1199999999999,341
2026-03-17T17:25:00+00:00,631.1199999999999,631.3799999999999,630.93,631.2099999999999,301
2026-03-17T17:30:00+00:00,631.2099999999999,631.6099999999999,630.9399999999999,631.4799999999999,324
2026-03-17T17:35:00+00:00,631.4799999999999,632.4699999999999,631.4799999999999,632.3,292
2026-03-17T17:40:00+00:00,632.3,632.31,631.6899999999999,631.7599999999999,307
2026-03-17T17:45:00+00:00,631.7599999999999,632.0799999999999,631.5699999999999,631.7599999999999,305
2026-03-17T17:50:00+00:00,631.7599999999999,632.6899999999999,631.5899999999999,632.5999999999999,386
2026-03-17T17:55:00+00:00,632.5999999999999,633.03,632.3699999999999,632.65,269
2026-03-17T18:00:00+00:00,632.65,632.7399999999999,631.93,631.9499999999999,406
2026-03-17T18:05:00+00:00,631.9499999999999,632.3599999999999,631.5699999999999,631.92,300
2026-03-17T18:10:00+00:00,631.92,632.1099999999999,631.2099999999999,631.3,392
2026-03-17T18:15:00+00:00,631.3,631.5899999999999,631.1899999999999,631.3799999999999,280
2026-03-17T18:20:00+00:00,631.3799999999999,631.4899999999999,630.3499999999999,630.3699999999999,423
2026-03-17T18:25:00+00:00,630.3699999999999,630.7199999999999,629.9899999999999,630.06,488
2026-03-17T18:30:00+00:00,630.06,630.3499999999999,629.8499999999999,630.15,472
2026-03-17T18:35:00+00:00,630.15,630.2499999999999,629.8399999999999,630.05,365
2026-03-17T18:40:00+00:00,630.05,630.4399999999999,629.9,629.9899999999999,441
2026-03-17T18:45:00+00:00,629.9899999999999,630.3699999999999,629.9399999999999,630.16,359
2026-03-17T18:50:00+00:00,630.16,630.16,629.3,629.6899999999999,298
2026-03-17T18:55:00+00:00,629.6899999999999,629.7099999999999,629.0099999999999,629.6199999999999,320
2026-03-17T19:00:00+00:00,629.6199999999999,629.8499999999999,629.1999999999999,629.2099999999999,382
2026-03-17T19:05:00+00:00,629.2099999999999,629.29,628.3499999999999,629.0999999999999,464
2026-03-17T19:10:00+00:00,629.0999999999999,629.5799999999999,628.8,629.4799999999999,283
2026-03-17T19:15:00+00:00,629.4799999999999,630.0199999999999,629.4599999999999,629.5999999999999,351
2026-03-17T19:20:00+00:00,629.5999999999999,630.0199999999999,629.4999999999999,629.9799999999999,301
2026-03-17T19:25:00+00:00,629.9799999999999,629.9899999999999,629.4899999999999,629.6399999999999,364
2026-03-17T19:30:00+00:00,629.6399999999999,630.1399999999999,629.42,629.4899999999999,356
2026-03-17T19:35:00+00:00,629.4899999999999,629.6899999999999,628.7199999999999,628.7199999999999,318
2026-03-17T19:40:00+00:00,628.7199999999999,628.9999999999999,628.41,628.54,364
2026-03-17T19:45:00+00:00,628.54,629.29,628.54,628.55,405
2026-03-17T19:50:00+00:00,628.55,630.3399999999999,628.55,630.3299999999999,740
2026-03-17T19:55:00+00:00,630.3299999999999,630.3299999999999,628.7099999999999,629.56,1054
2026-03-18T13:30:00+00:00,629.56,629.56,621.9999999999999,624.78,781
2026-03-18T13:35:00+00:00,624.78,628.2599999999999,624.78,626.1999999999999,710
2026-03-18T13:40:00+00:00,626.1999999999999,627.9399999999999,626.0699999999999,626.7099999999999,492
2026-03-18T13:45:00+00:00,626.7099999999999,628.18,626.3799999999999,627.4,706
2026-03-18T13:50:00+00:00,627.4,628.0999999999999,625.8699999999999,625.93,813
2026-03-18T13:55:00+00:00,625.93,627.2699999999999,625.7399999999999,627.05,707
2026-03-18T14:00:00+00:00,627.05,627.5799999999999,626.3299999999999,626.8899999999999,583
2026-03-18T14:05:00+00:00,626.8899999999999,627.6099999999999,625.81,626.7599999999999,763
2026-03-18T14:10:00+00:00,626.7599999999999,627.9799999999999,626.29,627.15,682
2026-03-18T14:15:00+00:00,627.15,627.7499999999999,625.9599999999999,625.9599999999999,755
2026-03-18T14:20:00+00:00,625.9599999999999,626.55,624.8,624.8199999999999,710
2026-03-18T14:25:00+00:00,624.8199999999999,624.9999999999999,622.4399999999999,622.4699999999999,889
2026-03-18T14:30:00+00:00,622.4699999999999,624.05,622.15,623.3699999999999,737
2026-03-18T14:35:00+00:00,623.3699999999999,625.03,623.3499999999999,623.8899999999999,639
2026-03-18T14:40:00+00:00,623.8899999999999,624.8799999999999,623.6999999999999,624.66,591
2026-03-18T14:45:00+00:00,624.66,625.3,624.4,625.0099999999999,551
2026-03-18T14:50:00+00:00,625.0099999999999,626.16,624.8199999999999,626.1099999999999,559
2026-03-18T14:55:00+00:00,626.1099999999999,628.1099999999999,625.7499999999999,627.6999999999999,561
2026-03-18T15:00:00+00:00,627.6999999999999,628.1299999999999,626.6999999999999,626.7499999999999,583
2026-03-18T15:05:00+00:00,626.7499999999999,627.78,626.28,627.6299999999999,677
2026-03-18T15:10:00+00:00,627.6299999999999,627.6299999999999,626.54,626.5999999999999,494
2026-03-18T15:15:00+00:00,626.5999999999999,627.17,626.3499999999999,626.5099999999999,487
2026-03-18T15:20:00+00:00,626.5099999999999,627.7699999999999,626.2699999999999,627.7699999999999,494
2026-03-18T15:25:00+00:00,627.7699999999999,629.05,627.7299999999999,628.1999999999999,550
2026-03-18T15:30:00+00:00,628.1999999999999,629.28,627.9799999999999,628.8199999999999,577
2026-03-18T15:35:00+00:00,628.8199999999999,628.8299999999999,628.04,628.17,380
2026-03-18T15:40:00+00:00,628.17,628.2499999999999,627.2099999999999,627.53,350
2026-03-18T15:45:00+00:00,627.53,627.92,626.2699999999999,626.29,454
2026-03-18T15:50:00+00:00,626.29,626.68,625.9799999999999,626.67,419
2026-03-18T15:55:00+00:00,626.67,627.54,626.66,627.0999999999999,399
2026-03-18T16:00:00+00:00,627.0999999999999,627.2599999999999,626.6899999999999,626.9599999999999,518
2026-03-18T16:05:00+00:00,626.9599999999999,627.7699999999999,626.3699999999999,626.5899999999999,561
2026-03-18T16:10:00+00:00,626.5899999999999,627.67,626.4499999999999,627.3199999999999,437
2026-03-18T16:15:00+00:00,627.3199999999999,627.4,626.6899999999999,627.0799999999999,383
2026-03-18T16:20:00+00:00,627.0799999999999,627.4599999999999,626.6999999999999,626.9599999999999,356
2026-03-18T16:25:00+00:00,626.9599999999999,626.9799999999999,625.8899999999999,625.9,439
2026-03-18T16:30:00+00:00,625.9,626.1099999999999,624.9899999999999,625.0099999999999,379
2026-03-18T16:35:00+00:00,625.0099999999999,625.3399999999999,624.2699999999999,625.15,453
2026-03-18T16:40:00+00:00,625.15,625.29,623.9599999999999,623.9799999999999,381
2026-03-18T16:45:00+00:00,623.9799999999999,625.03,623.7599999999999,624.6199999999999,285
2026-03-18T16:50:00+00:00,624.6199999999999,625.3499999999999,624.5199999999999,625.0899999999999,263
2026-03-18T16:55:00+00:00,625.0899999999999,625.3299999999999,624.5899999999999,624.7099999999999,276
2026-03-18T17:00:00+00:00,624.7099999999999,624.7199999999999,623.8,624.3599999999999,400
2026-03-18T17:05:00+00:00,624.3599999999999,624.5099999999999,623.7399999999999,623.8899999999999,348
2026-03-18T17:10:00+00:00,623.8899999999999,624.05,623.3799999999999,623.4499999999999,348
2026-03-18T17:15:00+00:00,623.4499999999999,624.3399999999999,623.3799999999999,623.9599999999999,304
2026-03-18T17:20:00+00:00,623.9599999999999,624.4999999999999,623.9499999999999,624.2199999999999,368
2026-03-18T17:25:00+00:00,624.2199999999999,624.4899999999999,623.8599999999999,624.31,312
2026-03-18T17:30:00+00:00,624.31,624.4799999999999,623.4899999999999,624.2099999999999,344
2026-03-18T17:35:00+00:00,624.2099999999999,625.8799999999999,624.2099999999999,625.6199999999999,351
2026-03-18T17:40:00+00:00,625.6199999999999,625.9399999999999,625.1899999999999,625.2499999999999,315
2026-03-18T17:45:00+00:00,625.2499999999999,626.0899999999999,625.2499999999999,625.42,329
2026-03-18T17:50:00+00:00,625.42,625.8299999999999,625.0699999999999,625.81,361
2026-03-18T17:55:00+00:00,625.81,626.8199999999999,625.6399999999999,626.1999999999999,350
2026-03-18T18:00:00+00:00,626.1999999999999,627.68,626.1999999999999,627.5199999999999,577
2026-03-18T18:05:00+00:00,627.5199999999999,627.54,626.5799999999999,626.6399999999999,578
2026-03-18T18:10:00+00:00,626.6399999999999,627.3299999999999,626.4599999999999,626.9499999999999,466
2026-03-18T18:15:00+00:00,626.9499999999999,626.9699999999999,625.55,625.78,578
2026-03-18T18:20:00+00:00,625.78,625.9499999999999,624.7599999999999,625.0799999999999,422
2026-03-18T18:25:00+00:00,625.0799999999999,625.5099999999999,624.9399999999999,625.18,349
2026-03-18T18:30:00+00:00,625.18,625.42,624.2099999999999,624.2299999999999,551
2026-03-18T18:35:00+00:00,624.2299999999999,625.81,624.1899999999999,624.3399999999999,556
2026-03-18T18:40:00+00:00,624.3399999999999,625.03,624.0099999999999,624.1899999999999,659
2026-03-18T18:45:00+00:00,624.1899999999999,624.3399999999999,623.5799999999999,623.65,606
2026-03-18T18:50:00+00:00,623.65,623.7599999999999,622.54,622.6899999999999,623
2026-03-18T18:55:00+00:00,622.6899999999999,623.0199999999999,622.0199999999999,622.03,607
2026-03-18T19:00:00+00:00,622.03,623.66,621.7199999999999,623.6099999999999,640
2026-03-18T19:05:00+00:00,623.6099999999999,624.7599999999999,623.4599999999999,624.4899999999999,629
2026-03-18T19:10:00+00:00,624.4899999999999,624.6399999999999,623.91,624.2599999999999,401
2026-03-18T19:15:00+00:00,624.2599999999999,624.31,623.5799999999999,623.6099999999999,517
2026-03-18T19:20:00+00:00,623.6099999999999,623.9399999999999,623.1899999999999,623.5199999999999,595
2026-03-18T19:25:00+00:00,623.5199999999999,623.8899999999999,623.29,623.3599999999999,458
2026-03-18T19:30:00+00:00,623.3599999999999,623.7099999999999,622.9999999999999,623.5099999999999,591
2026-03-18T19:35:00+00:00,623.5099999999999,623.53,622.3899999999999,622.5699999999999,557
2026-03-18T19:40:00+00:00,622.5699999999999,622.6299999999999,621.29,621.65,636
2026-03-18T19:45:00+00:00,621.65,622.0099999999999,621.31,621.6099999999999,667
2026-03-18T19:50:00+00:00,621.6099999999999,622.29,621.4399999999999,621.7099999999999,874
2026-03-18T19:55:00+00:00,621.7099999999999,623.2199999999999,621.54,622.54,857
2026-03-19T13:30:00+00:00,622.54,622.54,614.79,616.93,868
2026-03-19T13:35:00+00:00,616.93,618.56,616.2499999999999,617.3699999999999,904
2026-03-19T13:40:00+00:00,617.3699999999999,619.3799999999999,617.1899999999999,617.3699999999999,861
2026-03-19T13:45:00+00:00,617.3699999999999,617.43,615.6999999999999,617.06,849
2026-03-19T13:50:00+00:00,617.06,619.5899999999999,616.6999999999999,619.3699999999999,891
2026-03-19T13:55:00+00:00,619.3699999999999,619.3799999999999,618.2299999999999,618.9799999999999,802
2026-03-19T14:00:00+00:00,618.9799999999999,619.5999999999999,615.7199999999999,615.7399999999999,716
2026-03-19T14:05:00+00:00,615.7399999999999,616.7199999999999,615.0899999999999,615.4699999999999,887
2026-03-19T14:10:00+00:00,615.4699999999999,617.15,615.2199999999999,615.4,823
2026-03-19T14:15:00+00:00,615.4,615.9399999999999,614.16,614.3699999999999,851
2026-03-19T14:20:00+00:00,614.3699999999999,614.8799999999999,613.7499999999999,614.5099999999999,835
2026-03-19T14:25:00+00:00,614.5099999999999,614.92,613.2499999999999,613.5899999999999,786
2026-03-19T14:30:00+00:00,613.5899999999999,615.6399999999999,613.4999999999999,615.29,804
2026-03-19T14:35:00+00:00,615.29,615.8599999999999,614.0999999999999,614.53,734
2026-03-19T14:40:00+00:00,614.53,615.67,613.5899999999999,614.0199999999999,659
2026-03-19T14:45:00+00:00,614.0199999999999,614.6399999999999,613.8499999999999,614.56,540
2026-03-19T14:50:00+00:00,614.56,615.3699999999999,613.8899999999999,614.55,698
2026-03-19T14:55:00+00:00,614.55,615.6999999999999,613.9999999999999,614.7099999999999,860
2026-03-19T15:00:00+00:00,614.7099999999999,615.2199999999999,614.4799999999999,615.05,614
2026-03-19T15:05:00+00:00,615.05,616.9399999999999,615.05,615.5699999999999,577
2026-03-19T15:10:00+00:00,615.5699999999999,615.8299999999999,614.9399999999999,615.5799999999999,498
2026-03-19T15:15:00+00:00,615.5799999999999,616.2099999999999,613.7499999999999,613.7499999999999,538
2026-03-19T15:20:00+00:00,613.7499999999999,614.0899999999999,612.7099999999999,612.7299999999999,603
2026-03-19T15:25:00+00:00,612.7299999999999,613.6099999999999,612.6899999999999,613.28,667
2026-03-19T15:30:00+00:00,613.28,613.3,612.0699999999999,612.0799999999999,674
2026-03-19T15:35:00+00:00,612.0799999999999,612.67,611.8,612.0799999999999,629
2026-03-19T15:40:00+00:00,612.0799999999999,612.5199999999999,611.7399999999999,612.0699999999999,648
2026-03-19T15:45:00+00:00,612.0699999999999,612.8,611.7699999999999,612.5199999999999,770
2026-03-19T15:50:00+00:00,612.5199999999999,612.78,612.1099999999999,612.18,714
2026-03-19T15:55:00+00:00,612.18,613.4699999999999,612.15,613.1999999999999,570
2026-03-19T16:00:00+00:00,613.1999999999999,614.4499999999999,612.9999999999999,614.06,538
2026-03-19T16:05:00+00:00,614.06,615.03,613.41,613.79,573
2026-03-19T16:10:00+00:00,613.79,614.2599999999999,613.0699999999999,613.0899999999999,659
2026-03-19T16:15:00+00:00,613.0899999999999,613.2599999999999,612.29,612.4599999999999,537
2026-03-19T16:20:00+00:00,612.4599999999999,613.0699999999999,612.4399999999999,612.65,516
2026-03-19T16:25:00+00:00,612.65,613.6999999999999,612.6299999999999,613.4699999999999,553
2026-03-19T16:30:00+00:00,613.4699999999999,613.7699999999999,612.1899999999999,612.2699999999999,517
2026-03-19T16:35:00+00:00,612.2699999999999,613.0199999999999,611.6999999999999,612.9999999999999,507
2026-03-19T16:40:00+00:00,612.9999999999999,613.7099999999999,612.8599999999999,613.3899999999999,479
2026-03-19T16:45:00+00:00,613.3899999999999,613.5199999999999,612.9399999999999,613.04,503
2026-03-19T16:50:00+00:00,613.04,613.3599999999999,612.29,612.6299999999999,467
2026-03-19T16:55:00+00:00,612.6299999999999,613.4599999999999,612.4,613.28,390
2026-03-19T17:00:00+00:00,613.28,613.3499999999999,611.9499999999999,611.9699999999999,379
2026-03-19T17:05:00+00:00,611.9699999999999,612.2399999999999,611.3,611.3,466
2026-03-19T17:10:00+00:00,611.3,611.8599999999999,611.2599999999999,611.5199999999999,439
2026-03-19T17:15:00+00:00,611.5199999999999,612.4699999999999,611.4399999999999,612.4599999999999,422
2026-03-19T17:20:00+00:00,612.4599999999999,612.6099999999999,611.7199999999999,612.31,440
2026-03-19T17:25:00+00:00,612.31,612.3599999999999,611.8499999999999,611.91,365
2026-03-19T17:30:00+00:00,611.91,612.5699999999999,611.4499999999999,611.4499999999999,431
2026-03-19T17:35:00+00:00,611.4499999999999,611.5099999999999,610.42,610.4399999999999,486
2026-03-19T17:40:00+00:00,610.4399999999999,610.7399999999999,610.3,610.3499999999999,572
2026-03-19T17:45:00+00:00,610.3499999999999,610.91,610.3499999999999,610.8499999999999,379
2026-03-19T17:50:00+00:00,610.8499999999999,612.0999999999999,610.67,611.8,502
2026-03-19T17:55:00+00:00,611.8,611.8,610.8699999999999,610.8699999999999,427
2026-03-19T18:00:00+00:00,610.8699999999999,610.91,609.9499999999999,609.9499999999999,524
2026-03-19T18:05:00+00:00,609.9499999999999,610.68,609.92,610.6399999999999,520
2026-03-19T18:10:00+00:00,610.6399999999999,612.0699999999999,610.6399999999999,611.7399999999999,582
2026-03-19T18:15:00+00:00,611.7399999999999,611.8899999999999,610.8799999999999,611.0999999999999,572
2026-03-19T18:20:00+00:00,611.0999999999999,611.2099999999999,610.3699999999999,610.5799999999999,511
2026-03-19T18:25:00+00:00,610.5799999999999,611.0999999999999,610.41,610.41,546
2026-03-19T18:30:00+00:00,610.41,610.4399999999999,610.1199999999999,610.3199999999999,480
2026-03-19T18:35:00+00:00,610.3199999999999,610.54,609.4399999999999,609.67,499
2026-03-19T18:40:00+00:00,609.67,609.8899999999999,609.3199999999999,609.56,472
2026-03-19T18:45:00+00:00,609.56,609.6399999999999,608.9399999999999,609.0999999999999,440
2026-03-19T18:50:00+00:00,609.0999999999999,610.1199999999999,608.9899999999999,610.04,459
2026-03-19T18:55:00+00:00,610.04,611.7199999999999,609.9399999999999,611.3699999999999,740
2026-03-19T19:00:00+00:00,611.3699999999999,614.0199999999999,611.0699999999999,613.3399999999999,969
2026-03-19T19:05:00+00:00,613.3399999999999,615.68,612.6999999999999,614.3499999999999,1559
2026-03-19T19:10:00+00:00,614.3499999999999,615.1099999999999,612.7099999999999,614.41,1180
2026-03-19T19:15:00+00:00,614.41,615.3399999999999,613.7699999999999,614.31,1018
2026-03-19T19:20:00+00:00,614.31,614.31,612.8699999999999,613.41,838
2026-03-19T19:25:00+00:00,613.41,613.4599999999999,612.0699999999999,612.78,863
2026-03-19T19:30:00+00:00,612.78,613.15,612.3599999999999,612.4699999999999,1012
2026-03-19T19:35:00+00:00,612.4699999999999,612.7699999999999,611.3299999999999,612.5699999999999,883
2026-03-19T19:40:00+00:00,612.5699999999999,612.8499999999999,611.9499999999999,612.54,925
2026-03-19T19:45:00+00:00,612.54,612.8599999999999,611.7099999999999,612.05,948
2026-03-19T19:50:00+00:00,612.05,612.8799999999999,611.5799999999999,612.2199999999999,866
2026-03-19T19:55:00+00:00,612.2199999999999,613.78,612.2199999999999,613.1199999999999,793
2026-03-20T13:30:00+00:00,613.1199999999999,613.1199999999999,605.4499999999999,606.2499999999999,975
2026-03-20T13:35:00+00:00,606.2499999999999,607.8199999999999,605.6999999999999,606.4799999999999,867
2026-03-20T13:40:00+00:00,606.4799999999999,607.3199999999999,605.7199999999999,605.8699999999999,728
2026-03-20T13:45:00+00:00,605.8699999999999,607.7399999999999,604.56,604.5799999999999,855
2026-03-20T13:50:00+00:00,604.5799999999999,604.8299999999999,601.1999999999999,602.15,947
2026-03-20T13:55:00+00:00,602.15,602.3499999999999,600.4899999999999,600.5099999999999,850
2026-03-20T14:00:00+00:00,600.5099999999999,601.31,599.8899999999999,600.4599999999999,1021
2026-03-20T14:05:00+00:00,600.4599999999999,601.7399999999999,600.4399999999999,601.5199999999999,856
2026-03-20T14:10:00+00:00,601.5199999999999,601.7299999999999,600.15,600.67,887
2026-03-20T14:15:00+00:00,600.67,602.4,600.4699999999999,601.8399999999999,734
2026-03-20T14:20:00+00:00,601.8399999999999,602.7599999999999,601.6899999999999,602.3699999999999,635
2026-03-20T14:25:00+00:00,602.3699999999999,602.9599999999999,601.9999999999999,602.4399999999999,747
2026-03-20T14:30:00+00:00,602.4399999999999,603.1999999999999,602.4399999999999,602.9599999999999,702
2026-03-20T14:35:00+00:00,602.9599999999999,603.29,601.2099999999999,602.4,666
2026-03-20T14:40:00+00:00,602.4,602.8,601.5899999999999,601.9999999999999,587
2026-03-20T14:45:00+00:00,601.9999999999999,602.6899999999999,601.7399999999999,602.3,616
2026-03-20T14:50:00+00:00,602.3,602.54,601.03,601.05,625
2026-03-20T14:55:00+00:00,601.05,601.9699999999999,600.9899999999999,601.2199999999999,513
2026-03-20T15:00:00+00:00,601.2199999999999,602.42,599.29,599.92,615
2026-03-20T15:05:00+00:00,599.92,600.1399999999999,598.7399999999999,599.2399999999999,701
2026-03-20T15:10:00+00:00,599.2399999999999,600.7699999999999,599.2399999999999,600.3599999999999,614
2026-03-20T15:15:00+00:00,600.3599999999999,600.7099999999999,599.5999999999999,599.6399999999999,644
2026-03-20T15:20:00+00:00,599.6399999999999,600.5699999999999,598.9,599.2099999999999,667
2026-03-20T15:25:00+00:00,599.2099999999999,599.5999999999999,598.3899999999999,598.7099999999999,689
2026-03-20T15:30:00+00:00,598.7099999999999,600.0699999999999,598.5699999999999,599.8599999999999,626
2026-03-20T15:35:00+00:00,599.8599999999999,600.18,599.31,599.8899999999999,631
2026-03-20T15:40:00+00:00,599.8899999999999,600.28,599.4399999999999,600.0699999999999,564
2026-03-20T15:45:00+00:00,600.0699999999999,600.6999999999999,599.8899999999999,600.16,710
2026-03-20T15:50:00+00:00,600.16,601.0199999999999,599.6899999999999,600.53,597
2026-03-20T15:55:00+00:00,600.53,601.31,600.5199999999999,601.18,491
2026-03-20T16:00:00+00:00,601.18,602.1999999999999,601.18,602.0999999999999,527
2026-03-20T16:05:00+00:00,602.0999999999999,602.5999999999999,601.7099999999999,602.2199999999999,594
2026-03-20T16:10:00+00:00,602.2199999999999,602.65,601.6999999999999,602.2099999999999,474
2026-03-20T16:15:00+00:00,602.2099999999999,603.0199999999999,601.6999999999999,602.9499999999999,477
2026-03-20T16:20:00+00:00,602.9499999999999,603.2099999999999,602.2699999999999,602.4699999999999,508
2026-03-20T16:25:00+00:00,602.4699999999999,602.65,601.93,602.05,408
2026-03-20T16:30:00+00:00,602.05,602.1199999999999,600.9899999999999,601.6999999999999,571
2026-03-20T16:35:00+00:00,601.6999999999999,601.91,600.67,600.7099999999999,405
2026-03-20T16:40:00+00:00,600.7099999999999,601.3899999999999,600.3399999999999,600.9899999999999,446
2026-03-20T16:45:00+00:00,600.9899999999999,601.3599999999999,600.6199999999999,600.8399999999999,382
2026-03-20T16:50:00+00:00,600.8399999999999,601.2099999999999,600.4999999999999,600.8,450
2026-03-20T16:55:00+00:00,600.8,601.6999999999999,600.4999999999999,600.7099999999999,473
2026-03-20T17:00:00+00:00,600.7099999999999,601.28,600.4899999999999,600.4899999999999,438
2026-03-20T17:05:00+00:00,600.4899999999999,600.4899999999999,598.8699999999999,599.8199999999999,515
2026-03-20T17:10:00+00:00,599.8199999999999,600.6399999999999,599.6899999999999,600.3,519
2026-03-20T17:15:00+00:00,600.3,601.04,599.6999999999999,600.43,457
2026-03-20T17:20:00+00:00,600.43,601.5199999999999,600.28,600.9,415
2026-03-20T17:25:00+00:00,600.9,601.3299999999999,600.8499999999999,600.9999999999999,490
2026-03-20T17:30:00+00:00,600.9999999999999,601.2499999999999,599.7199999999999,599.8899999999999,636
2026-03-20T17:35:00+00:00,599.8899999999999,600.0699999999999,598.5999999999999,599.5199999999999,723
2026-03-20T17:40:00+00:00,599.5199999999999,599.8299999999999,598.7499999999999,598.8,654
2026-03-20T17:45:00+00:00,598.8,599.2599999999999,598.7199999999999,598.79,367
2026-03-20T17:50:00+00:00,598.79,599.9999999999999,598.7299999999999,599.7499999999999,495
2026-03-20T17:55:00+00:00,599.7499999999999,601.0799999999999,599.7499999999999,600.6999999999999,434
2026-03-20T18:00:00+00:00,600.6999999999999,601.1399999999999,600.42,600.7099999999999,404
2026-03-20T18:05:00+00:00,600.7099999999999,600.81,599.92,600.56,454
2026-03-20T18:10:00+00:00,600.56,600.6399999999999,599.8199999999999,600.1099999999999,388
2026-03-20T18:15:00+00:00,600.1099999999999,600.4899999999999,599.9,600.1999999999999,374
2026-03-20T18:20:00+00:00,600.1999999999999,600.54,598.4799999999999,598.56,725
2026-03-20T18:25:00+00:00,598.56,599.55,598.56,599.0199999999999,614
2026-03-20T18:30:00+00:00,599.0199999999999,599.29,598.3899999999999,598.5699999999999,474
2026-03-20T18:35:00+00:00,598.5699999999999,598.7499999999999,598.16,598.2199999999999,510
2026-03-20T18:40:00+00:00,598.2199999999999,598.93,598.06,598.4499999999999,470
2026-03-20T18:45:00+00:00,598.4499999999999,598.5799999999999,597.9399999999999,598.0099999999999,569
2026-03-20T18:50:00+00:00,598.0099999999999,598.18,597.55,597.6999999999999,527
2026-03-20T18:55:00+00:00,597.6999999999999,598.1299999999999,597.3299999999999,597.4899999999999,480
2026-03-20T19:00:00+00:00,597.4899999999999,597.7499999999999,596.4599999999999,596.4999999999999,555
2026-03-20T19:05:00+00:00,596.4999999999999,597.3299999999999,596.28,596.6999999999999,596
2026-03-20T19:10:00+00:00,596.6999999999999,597.06,596.05,596.8599999999999,542
2026-03-20T19:15:00+00:00,596.8599999999999,597.0699999999999,596.05,596.56,618
2026-03-20T19:20:00+00:00,596.56,596.5899999999999,595.4,595.56,537
2026-03-20T19:25:00+00:00,595.56,597.0199999999999,595.4,596.8299999999999,587
2026-03-20T19:30:00+00:00,596.8299999999999,597.41,595.9999999999999,596.03,593
2026-03-20T19:35:00+00:00,596.03,596.3,593.8899999999999,594.7499999999999,961
2026-03-20T19:40:00+00:00,594.7499999999999,597.0899999999999,594.55,596.9999999999999,703
2026-03-20T19:45:00+00:00,596.9999999999999,598.0099999999999,596.5999999999999,596.9599999999999,727
2026-03-20T19:50:00+00:00,596.9599999999999,598.7199999999999,596.6199999999999,598.29,869
2026-03-20T19:55:00+00:00,598.29,600.8699999999999,598.29,600.43,962
2026-03-23T13:30:00+00:00,600.43,611.54,600.43,606.3499999999999,1096
2026-03-23T13:35:00+00:00,606.3499999999999,609.43,606.3299999999999,609.0199999999999,1156
2026-03-23T13:40:00+00:00,609.0199999999999,609.1099999999999,605.7499999999999,607.4499999999999,1082
2026-03-23T13:45:00+00:00,607.4499999999999,609.55,607.1999999999999,609.3799999999999,1153
2026-03-23T13:50:00+00:00,609.3799999999999,611.41,608.3799999999999,610.31,1014
2026-03-23T13:55:00+00:00,610.31,610.7099999999999,609.6899999999999,610.6399999999999,943
2026-03-23T14:00:00+00:00,610.6399999999999,610.7499999999999,608.9399999999999,608.9799999999999,1176
2026-03-23T14:05:00+00:00,608.9799999999999,609.68,607.7099999999999,608.7099999999999,1046
2026-03-23T14:10:00+00:00,608.7099999999999,611.0199999999999,608.5699999999999,610.29,858
2026-03-23T14:15:00+00:00,610.29,612.1099999999999,610.28,612.05,869
2026-03-23T14:20:00+00:00,612.05,612.92,611.7199999999999,612.5899999999999,787
2026-03-23T14:25:00+00:00,612.5899999999999,612.7499999999999,610.8,612.05,1015
2026-03-23T14:30:00+00:00,612.05,612.31,611.1199999999999,612.2299999999999,807
2026-03-23T14:35:00+00:00,612.2299999999999,612.2499999999999,610.29,610.79,697
2026-03-23T14:40:00+00:00,610.79,610.92,609.7199999999999,609.9499999999999,814
2026-03-23T14:45:00+00:00,609.9499999999999,611.42,609.6999999999999,611.3399999999999,1000
2026-03-23T14:50:00+00:00,611.3399999999999,611.7099999999999,609.7099999999999,611.1399999999999,938
2026-03-23T14:55:00+00:00,611.1399999999999,612.4799999999999,611.0199999999999,612.1899999999999,769
2026-03-23T15:00:00+00:00,612.1899999999999,614.81,611.9999999999999,614.5999999999999,951
2026-03-23T15:05:00+00:00,614.5999999999999,614.6999999999999,613.5099999999999,614.2099999999999,845
2026-03-23T15:10:00+00:00,614.2099999999999,614.67,613.81,614.67,749
2026-03-23T15:15:00+00:00,614.67,614.9499999999999,613.4399999999999,613.6399999999999,759
2026-03-23T15:20:00+00:00,613.6399999999999,615.2399999999999,612.6899999999999,614.92,1063
2026-03-23T15:25:00+00:00,614.92,614.92,613.7299999999999,614.3799999999999,736
2026-03-23T15:30:00+00:00,614.3799999999999,614.9399999999999,614.16,614.3799999999999,744
2026-03-23T15:35:00+00:00,614.3799999999999,614.6999999999999,613.54,614.2299999999999,811
2026-03-23T15:40:00+00:00,614.2299999999999,614.8599999999999,613.7299999999999,614.18,762
2026-03-23T15:45:00+00:00,614.18,614.18,612.67,613.05,648
2026-03-23T15:50:00+00:00,613.05,613.93,612.1999999999999,612.2499999999999,816
2026-03-23T15:55:00+00:00,612.2499999999999,612.3899999999999,610.7099999999999,611.1299999999999,1165
2026-03-23T16:00:00+00:00,611.1299999999999,612.9699999999999,611.0999999999999,612.3299999999999,915
2026-03-23T16:05:00+00:00,612.3299999999999,614.3499999999999,611.7099999999999,613.6999999999999,852
2026-03-23T16:10:00+00:00,613.6999999999999,613.8499999999999,612.2499999999999,612.4599999999999,788
2026-03-23T16:15:00+00:00,612.4599999999999,612.7199999999999,609.3499999999999,610.56,775
2026-03-23T16:20:00+00:00,610.56,610.8399999999999,609.4899999999999,609.4899999999999,739
2026-03-23T16:25:00+00:00,609.4899999999999,609.68,607.4699999999999,607.6899999999999,812
2026-03-23T16:30:00+00:00,607.6899999999999,609.1199999999999,607.5899999999999,608.8199999999999,750
2026-03-23T16:35:00+00:00,608.8199999999999,609.8399999999999,608.66,608.7699999999999,798
2026-03-23T16:40:00+00:00,608.7699999999999,609.5799999999999,608.7199999999999,609.16,683
2026-03-23T16:45:00+00:00,609.16,609.91,608.93,609.42,628
2026-03-23T16:50:00+00:00,609.42,610.1099999999999,608.9499999999999,609.4899999999999,599
2026-03-23T16:55:00+00:00,609.4899999999999,609.81,608.8799999999999,609.04,576
2026-03-23T17:00:00+00:00,609.04,609.67,608.3,608.3299999999999,625
2026-03-23T17:05:00+00:00,608.3299999999999,609.3699999999999,608.2099999999999,609.3,597
2026-03-23T17:10:00+00:00,609.3,609.3299999999999,607.9699999999999,607.9699999999999,574
2026-03-23T17:15:00+00:00,607.9699999999999,608.4399999999999,607.1899999999999,608.3,577
2026-03-23T17:20:00+00:00,608.3,608.3,607.1899999999999,607.42,497
2026-03-23T17:25:00+00:00,607.42,609.0199999999999,607.3299999999999,608.4999999999999,559
2026-03-23T17:30:00+00:00,608.4999999999999,609.9899999999999,608.4899999999999,609.68,507
2026-03-23T17:35:00+00:00,609.68,610.93,608.91,609.7399999999999,797
2026-03-23T17:40:00+00:00,609.7399999999999,609.7499999999999,608.2099999999999,608.5699999999999,532
2026-03-23T17:45:00+00:00,608.5699999999999,608.91,608.4,608.7599999999999,455
2026-03-23T17:50:00+00:00,608.7599999999999,609.5099999999999,608.5699999999999,609.4899999999999,464
2026-03-23T17:55:00+00:00,609.4899999999999,609.9699999999999,609.3399999999999,609.7099999999999,606
2026-03-23T18:00:00+00:00,609.7099999999999,609.8599999999999,609.1899999999999,609.43,447
2026-03-23T18:05:00+00:00,609.43,609.9699999999999,608.41,609.0799999999999,600
2026-03-23T18:10:00+00:00,609.0799999999999,609.7299999999999,609.0699999999999,609.1999999999999,600
2026-03-23T18:15:00+00:00,609.1999999999999,609.5199999999999,608.54,609.1899999999999,611
2026-03-23T18:20:00+00:00,609.1899999999999,609.54,608.9999999999999,609.4799999999999,433
2026-03-23T18:25:00+00:00,609.4799999999999,610.2299999999999,609.3499999999999,609.5699999999999,641
2026-03-23T18:30:00+00:00,609.5699999999999,611.5799999999999,609.4599999999999,611.5199999999999,694
2026-03-23T18:35:00+00:00,611.5199999999999,612.6999999999999,611.28,611.6299999999999,744
2026-03-23T18:40:00+00:00,611.6299999999999,612.55,611.4899999999999,612.3499999999999,624
2026-03-23T18:45:00+00:00,612.3499999999999,613.2299999999999,612.06,613.2299999999999,589
2026-03-23T18:50:00+00:00,613.2299999999999,614.2499999999999,613.0899999999999,613.3499999999999,543
2026-03-23T18:55:00+00:00,613.3499999999999,614.3299999999999,613.2299999999999,614.0199999999999,460
2026-03-23T19:00:00+00:00,614.0199999999999,614.42,613.3699999999999,613.9999999999999,518
2026-03-23T19:05:00+00:00,613.9999999999999,614.3799999999999,613.7099999999999,613.92,449
2026-03-23T19:10:00+00:00,613.92,614.1899999999999,613.1899999999999,613.3,530
2026-03-23T19:15:00+00:00,613.3,613.6299999999999,612.6899999999999,613.04,514
2026-03-23T19:20:00+00:00,613.04,613.28,612.93,613.0099999999999,415
2026-03-23T19:25:00+00:00,613.0099999999999,613.7699999999999,612.7699999999999,613.4,497
2026-03-23T19:30:00+00:00,613.4,613.6999999999999,612.54,612.8899999999999,557
2026-03-23T19:35:00+00:00,612.8899999999999,613.56,612.6199999999999,613.43,453
2026-03-23T19:40:00+00:00,613.43,613.7099999999999,613.31,613.5999999999999,435
2026-03-23T19:45:00+00:00,613.5999999999999,614.0899999999999,613.4599999999999,613.7499999999999,635
2026-03-23T19:50:00+00:00,613.7499999999999,613.7599999999999,611.0699999999999,611.8699999999999,1096
2026-03-23T19:55:00+00:00,611.8699999999999,611.9799999999999,609.16,610.31,1064
2026-03-24T13:30:00+00:00,610.31,610.31,603.8599999999999,605.8499999999999,659
2026-03-24T13:35:00+00:00,605.8499999999999,605.9899999999999,603.3599999999999,603.5799999999999,658
2026-03-24T13:40:00+00:00,603.5799999999999,604.1399999999999,602.6399999999999,602.9899999999999,660
2026-03-24T13:45:00+00:00,602.9899999999999,604.55,601.6099999999999,602.04,699
2026-03-24T13:50:00+00:00,602.04,603.6099999999999,601.9599999999999,602.8499999999999,604
2026-03-24T13:55:00+00:00,602.8499999999999,602.91,601.3299999999999,601.8399999999999,577
2026-03-24T14:00:00+00:00,601.8399999999999,602.65,600.81,601.2699999999999,601
2026-03-24T14:05:00+00:00,601.2699999999999,602.6199999999999,600.1899999999999,601.7599999999999,694
2026-03-24T14:10:00+00:00,601.7599999999999,602.06,598.81,599.8599999999999,768
2026-03-24T14:15:00+00:00,599.8599999999999,599.8699999999999,598.6999999999999,599.81,751
2026-03-24T14:20:00+00:00,599.81,600.66,599.3699999999999,599.7199999999999,630
2026-03-24T14:25:00+00:00,599.7199999999999,601.29,599.4999999999999,600.3599999999999,654
2026-03-24T14:30:00+00:00,600.3599999999999,601.1099999999999,600.17,600.93,548
2026-03-24T14:35:00+00:00,600.93,601.1299999999999,599.93,600.8399999999999,551
2026-03-24T14:40:00+00:00,600.8399999999999,602.42,600.7399999999999,602.3599999999999,509
2026-03-24T14:45:00+00:00,602.3599999999999,603.55,601.4999999999999,601.7499999999999,575
2026-03-24T14:50:00+00:00,601.7499999999999,604.6099999999999,600.7099999999999,602.9599999999999,762
2026-03-24T14:55:00+00:00,602.9599999999999,604.0699999999999,600.0899999999999,601.5099999999999,796
2026-03-24T15:00:00+00:00,601.5099999999999,603.7199999999999,601.5099999999999,602.9,583
2026-03-24T15:05:00+00:00,602.9,603.18,602.4499999999999,602.78,500
2026-03-24T15:10:00+00:00,602.78,603.3,602.29,602.8799999999999,579
2026-03-24T15:15:00+00:00,602.8799999999999,603.6399999999999,602.4499999999999,602.5099999999999,511
2026-03-24T15:20:00+00:00,602.5099999999999,602.91,601.9699999999999,602.6899999999999,410
2026-03-24T15:25:00+00:00,602.6899999999999,602.9499999999999,601.79,601.79,367
2026-03-24T15:30:00+00:00,601.79,602.2199999999999,601.29,602.0199999999999,470
2026-03-24T15:35:00+00:00,602.0199999999999,603.8599999999999,601.8499999999999,603.41,381
2026-03-24T15:40:00+00:00,603.41,603.54,602.6899999999999,602.92,432
2026-03-24T15:45:00+00:00,602.92,603.1399999999999,602.4499999999999,603.03,375
2026-03-24T15:50:00+00:00,603.03,603.4,602.4399999999999,602.4599999999999,389
2026-03-24T15:55:00+00:00,602.4599999999999,602.4599999999999,600.2699999999999,600.5199999999999,505
2026-03-24T16:00:00+00:00,600.5199999999999,601.2499999999999,600.4899999999999,600.4999999999999,431
2026-03-24T16:05:00+00:00,600.4999999999999,600.7199999999999,600.2399999999999,600.53,498
2026-03-24T16:10:00+00:00,600.53,601.43,600.53,601.43,336
2026-03-24T16:15:00+00:00,601.43,603.4999999999999,601.42,603.1999999999999,389
2026-03-24T16:20:00+00:00,603.1999999999999,604.2599999999999,602.9999999999999,603.9399999999999,396
2026-03-24T16:25:00+00:00,603.9399999999999,603.9599999999999,602.8399999999999,603.1999999999999,432
2026-03-24T16:30:00+00:00,603.1999999999999,603.4999999999999,602.6899999999999,602.6999999999999,379
2026-03-24T16:35:00+00:00,602.6999999999999,602.6999999999999,600.67,600.7099999999999,362
2026-03-24T16:40:00+00:00,600.7099999999999,602.1399999999999,600.5699999999999,601.9599999999999,340
2026-03-24T16:45:00+00:00,601.9599999999999,602.9999999999999,601.7499999999999,602.1299999999999,372
2026-03-24T16:50:00+00:00,602.1299999999999,602.3599999999999,601.8499999999999,601.8699999999999,216
2026-03-24T16:55:00+00:00,601.8699999999999,602.0899999999999,601.3899999999999,601.91,310
2026-03-24T17:00:00+00:00,601.91,602.3899999999999,600.3599999999999,600.3899999999999,388
2026-03-24T17:05:00+00:00,600.3899999999999,600.3899999999999,598.9499999999999,598.9499999999999,637
2026-03-24T17:10:00+00:00,598.9499999999999,599.17,598.3499999999999,598.8499999999999,503
2026-03-24T17:15:00+00:00,598.8499999999999,599.2199999999999,598.3499999999999,598.41,517
2026-03-24T17:20:00+00:00,598.41,599.06,598.2599999999999,598.7099999999999,426
2026-03-24T17:25:00+00:00,598.7099999999999,598.8,597.67,598.7499999999999,379
2026-03-24T17:30:00+00:00,598.7499999999999,599.7299999999999,598.7499999999999,598.9599999999999,440
2026-03-24T17:35:00+00:00,598.9599999999999,599.9799999999999,598.9399999999999,599.7099999999999,450
2026-03-24T17:40:00+00:00,599.7099999999999,600.16,599.2099999999999,599.43,331
2026-03-24T17:45:00+00:00,599.43,600.1099999999999,599.3499999999999,599.8699999999999,370
2026-03-24T17:50:00+00:00,599.8699999999999,600.78,599.6899999999999,600.54,368
2026-03-24T17:55:00+00:00,600.54,601.6299999999999,599.8199999999999,600.17,495
2026-03-24T18:00:00+00:00,600.17,601.3799999999999,600.15,601.2199999999999,351
2026-03-24T18:05:00+00:00,601.2199999999999,601.5099999999999,601.0899999999999,601.2499999999999,369
2026-03-24T18:10:00+00:00,601.2499999999999,601.8399999999999,601.2299999999999,601.6099999999999,372
2026-03-24T18:15:00+00:00,601.6099999999999,601.67,600.5899999999999,601.15,444
2026-03-24T18:20:00+00:00,601.15,601.7199999999999,601.0199999999999,601.0899999999999,413
2026-03-24T18:25:00+00:00,601.0899999999999,601.6899999999999,600.6899999999999,600.91,337
2026-03-24T18:30:00+00:00,600.91,602.2099999999999,600.9,601.78,376
2026-03-24T18:35:00+00:00,601.78,602.9999999999999,601.6099999999999,602.9999999999999,351
2026-03-24T18:40:00+00:00,602.9999999999999,602.9999999999999,601.1899999999999,601.81,397
2026-03-24T18:45:00+00:00,601.81,601.9999999999999,600.7199999999999,600.81,352
2026-03-24T18:50:00+00:00,600.81,601.9399999999999,600.78,601.6999999999999,381
2026-03-24T18:55:00+00:00,601.6999999999999,601.7499999999999,601.1899999999999,601.65,271
2026-03-24T19:00:00+00:00,601.65,602.41,601.65,601.8799999999999,342
2026-03-24T19:05:00+00:00,601.8799999999999,602.4499999999999,601.7499999999999,602.2399999999999,331
2026-03-24T19:10:00+00:00,602.2399999999999,602.67,602.1199999999999,602.43,328
2026-03-24T19:15:00+00:00,602.43,602.68,602.1899999999999,602.41,385
2026-03-24T19:20:00+00:00,602.41,602.9399999999999,601.8899999999999,602.6999999999999,418
2026-03-24T19:25:00+00:00,602.6999999999999,602.7299999999999,601.9999999999999,602.05,305
2026-03-24T19:30:00+00:00,602.05,602.18,600.8899999999999,600.91,457
2026-03-24T19:35:00+00:00,600.91,600.91,599.92,600.6299999999999,490
2026-03-24T19:40:00+00:00,600.6299999999999,601.65,600.6199999999999,600.7599999999999,503
2026-03-24T19:45:00+00:00,600.7599999999999,600.7599999999999,599.29,599.4,566
2026-03-24T19:50:00+00:00,599.4,600.17,598.9899999999999,599.1299999999999,654
2026-03-24T19:55:00+00:00,599.1299999999999,600.0799999999999,598.6999999999999,599.5799999999999,734
2026-03-25T13:30:00+00:00,599.5799999999999,607.9,599.5799999999999,607.7399999999999,895
2026-03-25T13:35:00+00:00,607.7399999999999,610.2299999999999,606.7199999999999,607.6199999999999,771
2026-03-25T13:40:00+00:00,607.6199999999999,608.4499999999999,606.3899999999999,606.6099999999999,666
2026-03-25T13:45:00+00:00,606.6099999999999,607.2199999999999,604.7099999999999,604.9999999999999,821
2026-03-25T13:50:00+00:00,604.9999999999999,605.06,602.4799999999999,603.6199999999999,916
2026-03-25T13:55:00+00:00,603.6199999999999,605.3399999999999,603.42,604.2099999999999,884
2026-03-25T14:00:00+00:00,604.2099999999999,604.6299999999999,601.8199999999999,603.93,931
2026-03-25T14:05:00+00:00,603.93,605.8699999999999,603.6899999999999,604.4599999999999,794
2026-03-25T14:10:00+00:00,604.4599999999999,606.93,604.1899999999999,606.92,654
2026-03-25T14:15:00+00:00,606.92,606.9599999999999,605.43,605.4399999999999,747
2026-03-25T14:20:00+00:00,605.4399999999999,606.1299999999999,604.0899999999999,604.6399999999999,618
2026-03-25T14:25:00+00:00,604.6399999999999,606.79,604.4799999999999,606.3,550
2026-03-25T14:30:00+00:00,606.3,606.9399999999999,605.9599999999999,606.6899999999999,612
2026-03-25T14:35:00+00:00,606.6899999999999,607.3299999999999,604.9,606.1199999999999,696
2026-03-25T14:40:00+00:00,606.1199999999999,607.1199999999999,605.3899999999999,605.41,524
2026-03-25T14:45:00+00:00,605.41,606.56,605.3,605.7599999999999,550
2026-03-25T14:50:00+00:00,605.7599999999999,605.9399999999999,603.9599999999999,604.1999999999999,665
2026-03-25T14:55:00+00:00,604.1999999999999,605.4,604.1899999999999,604.7599999999999,611
2026-03-25T15:00:00+00:00,604.7599999999999,605.6399999999999,603.6899999999999,605.6399999999999,512
2026-03-25T15:05:00+00:00,605.6399999999999,606.1099999999999,604.54,604.54,540
2026-03-25T15:10:00+00:00,604.54,605.1899999999999,601.4899999999999,601.65,715
2026-03-25T15:15:00+00:00,601.65,602.4599999999999,600.2399999999999,600.92,875
2026-03-25T15:20:00+00:00,600.92,604.91,600.91,604.5799999999999,643
2026-03-25T15:25:00+00:00,604.5799999999999,604.8499999999999,603.8199999999999,604.7599999999999,630
2026-03-25T15:30:00+00:00,604.7599999999999,605.8399999999999,604.2099999999999,604.78,510
2026-03-25T15:35:00+00:00,604.78,605.06,603.78,603.93,483
2026-03-25T15:40:00+00:00,603.93,605.0999999999999,603.8199999999999,604.2499999999999,480
2026-03-25T15:45:00+00:00,604.2499999999999,604.7199999999999,604.1999999999999,604.4399999999999,485
2026-03-25T15:50:00+00:00,604.4399999999999,605.3799999999999,604.1999999999999,605.3699999999999,616
2026-03-25T15:55:00+00:00,605.3699999999999,606.5199999999999,605.2199999999999,605.9399999999999,527
2026-03-25T16:00:00+00:00,605.9399999999999,606.66,605.5199999999999,605.7699999999999,448
2026-03-25T16:05:00+00:00,605.7699999999999,605.9699999999999,604.7199999999999,605.1899999999999,521
2026-03-25T16:10:00+00:00,605.1899999999999,605.1999999999999,604.2099999999999,604.3299999999999,525
2026-03-25T16:15:00+00:00,604.3299999999999,604.8499999999999,603.6899999999999,604.5899999999999,522
2026-03-25T16:20:00+00:00,604.5899999999999,605.29,604.2499999999999,605.29,573
2026-03-25T16:25:00+00:00,605.29,605.9899999999999,604.6399999999999,605.1199999999999,540
2026-03-25T16:30:00+00:00,605.1199999999999,605.8299999999999,604.6899999999999,605.5699999999999,560
2026-03-25T16:35:00+00:00,605.5699999999999,606.41,605.4999999999999,606.04,460
2026-03-25T16:40:00+00:00,606.04,606.1399999999999,605.1899999999999,605.4799999999999,374
2026-03-25T16:45:00+00:00,605.4799999999999,605.6399999999999,605.1899999999999,605.3399999999999,445
2026-03-25T16:50:00+00:00,605.3399999999999,605.9399999999999,604.6899999999999,605.7299999999999,351
2026-03-25T16:55:00+00:00,605.7299999999999,605.7499999999999,605.0799999999999,605.2199999999999,272
2026-03-25T17:00:00+00:00,605.2199999999999,605.4499999999999,603.9399999999999,604.2299999999999,428
2026-03-25T17:05:00+00:00,604.2299999999999,604.3,603.56,603.81,369
2026-03-25T17:10:00+00:00,603.81,605.05,603.6899999999999,604.9599999999999,445
2026-03-25T17:15:00+00:00,604.9599999999999,605.3899999999999,604.16,604.6999999999999,536
2026-03-25T17:20:00+00:00,604.6999999999999,605.56,603.91,605.0199999999999,452
2026-03-25T17:25:00+00:00,605.0199999999999,608.9599999999999,604.9599999999999,607.9699999999999,593
2026-03-25T17:30:00+00:00,607.9699999999999,608.2099999999999,606.16,606.9,441
2026-03-25T17:35:00+00:00,606.9,607.2099999999999,606.6999999999999,606.8199999999999,305
2026-03-25T17:40:00+00:00,606.8199999999999,607.7399999999999,606.5699999999999,606.9,464
2026-03-25T17:45:00+00:00,606.9,606.9399999999999,606.16,606.17,440
2026-03-25T17:50:00+00:00,606.17,606.8299999999999,605.7699999999999,605.8299999999999,368
2026-03-25T17:55:00+00:00,605.8299999999999,606.4,605.54,605.8699999999999,480
2026-03-25T18:00:00+00:00,605.8699999999999,606.1399999999999,604.7699999999999,605.3499999999999,436
2026-03-25T18:05:00+00:00,605.3499999999999,605.68,603.03,603.41,471
2026-03-25T18:10:00+00:00,603.41,603.7199999999999,603.1099999999999,603.5899999999999,432
2026-03-25T18:15:00+00:00,603.5899999999999,603.91,603.3299999999999,603.4899999999999,402
2026-03-25T18:20:00+00:00,603.4899999999999,604.06,603.4499999999999,603.9899999999999,327
2026-03-25T18:25:00+00:00,603.9899999999999,604.2399999999999,603.15,603.15,438
2026-03-25T18:30:00+00:00,603.15,604.31,602.81,604.1199999999999,468
2026-03-25T18:35:00+00:00,604.1199999999999,604.3299999999999,603.8599999999999,604.0099999999999,316
2026-03-25T18:40:00+00:00,604.0099999999999,605.03,603.9899999999999,604.5799999999999,536
2026-03-25T18:45:00+00:00,604.5799999999999,605.4899999999999,604.1899999999999,604.1999999999999,404
2026-03-25T18:50:00+00:00,604.1999999999999,604.5199999999999,603.5999999999999,603.6199999999999,340
2026-03-25T18:55:00+00:00,603.6199999999999,603.66,601.9399999999999,602.2099999999999,565
2026-03-25T19:00:00+00:00,602.2099999999999,602.29,600.5099999999999,601.15,734
2026-03-25T19:05:00+00:00,601.15,601.3899999999999,600.8599999999999,601.28,538
2026-03-25T19:10:00+00:00,601.28,601.4599999999999,600.43,601.28,543
2026-03-25T19:15:00+00:00,601.28,602.3199999999999,601.1299999999999,602.1999999999999,463
2026-03-25T19:20:00+00:00,602.1999999999999,602.6399999999999,601.6999999999999,602.18,421
2026-03-25T19:25:00+00:00,602.18,602.8899999999999,601.6899999999999,602.4699999999999,417
2026-03-25T19:30:00+00:00,602.4699999999999,602.5099999999999,601.81,602.0999999999999,483
2026-03-25T19:35:00+00:00,602.0999999999999,602.16,601.42,601.66,471
2026-03-25T19:40:00+00:00,601.66,602.05,601.29,601.3199999999999,554
2026-03-25T19:45:00+00:00,601.3199999999999,601.4399999999999,600.6999999999999,600.7199999999999,432
2026-03-25T19:50:00+00:00,600.7199999999999,602.4699999999999,600.3299999999999,600.65,609
2026-03-25T19:55:00+00:00,600.65,601.8299999999999,600.0799999999999,601.8,915
2026-03-26T13:30:00+00:00,601.8,601.8,583.9699999999999,585.1999999999999,890
2026-03-26T13:35:00+00:00,585.1999999999999,586.2099999999999,582.4399999999999,582.54,817
2026-03-26T13:40:00+00:00,582.54,584.2099999999999,582.3899999999999,582.78,798
2026-03-26T13:45:00+00:00,582.78,585.05,582.6999999999999,584.0199999999999,782
2026-03-26T13:50:00+00:00,584.0199999999999,586.6199999999999,583.8899999999999,586.2099999999999,851
2026-03-26T13:55:00+00:00,586.2099999999999,586.4899999999999,581.16,582.6399999999999,807
2026-03-26T14:00:00+00:00,582.6399999999999,584.8,582.2599999999999,584.4,783
2026-03-26T14:05:00+00:00,584.4,586.03,582.6899999999999,582.7099999999999,728
2026-03-26T14:10:00+00:00,582.7099999999999,582.81,580.8899999999999,581.5799999999999,751
2026-03-26T14:15:00+00:00,581.5799999999999,582.16,580.8899999999999,580.92,664
2026-03-26T14:20:00+00:00,580.92,580.92,578.9999999999999,579.31,863
2026-03-26T14:25:00+00:00,579.31,579.3299999999999,575.3399999999999,575.3699999999999,1016
2026-03-26T14:30:00+00:00,575.3699999999999,577.0699999999999,574.8899999999999,576.7199999999999,884
2026-03-26T14:35:00+00:00,576.7199999999999,577.0699999999999,574.79,574.9399999999999,787
2026-03-26T14:40:00+00:00,574.9399999999999,576.1099999999999,571.2499999999999,571.3599999999999,1134
2026-03-26T14:45:00+00:00,571.3599999999999,571.7199999999999,568.4999999999999,569.1999999999999,1253
2026-03-26T14:50:00+00:00,569.1999999999999,569.4,567.8699999999999,568.18,1047
2026-03-26T14:55:00+00:00,568.18,569.15,567.56,568.0799999999999,887
2026-03-26T15:00:00+00:00,568.0799999999999,569.5999999999999,567.5199999999999,567.5199999999999,865
2026-03-26T15:05:00+00:00,567.5199999999999,569.81,567.2499999999999,569.6899999999999,822
2026-03-26T15:10:00+00:00,569.6899999999999,570.7699999999999,569.5099999999999,570.53,838
2026-03-26T15:15:00+00:00,570.53,570.8599999999999,568.3399999999999,569.6199999999999,726
2026-03-26T15:20:00+00:00,569.6199999999999,570.03,567.2299999999999,567.3199999999999,641
2026-03-26T15:25:00+00:00,567.3199999999999,568.1399999999999,567.29,567.3299999999999,671
2026-03-26T15:30:00+00:00,567.3299999999999,567.3499999999999,565.04,565.9599999999999,861
2026-03-26T15:35:00+00:00,565.9599999999999,566.6199999999999,564.9,566.41,735
2026-03-26T15:40:00+00:00,566.41,567.0999999999999,565.8199999999999,565.8799999999999,603
2026-03-26T15:45:00+00:00,565.8799999999999,566.8599999999999,565.4999999999999,566.2699999999999,629
2026-03-26T15:50:00+00:00,566.2699999999999,566.5199999999999,565.1899999999999,565.4899999999999,597
2026-03-26T15:55:00+00:00,565.4899999999999,565.5899999999999,562.9499999999999,563.2299999999999,762
2026-03-26T16:00:00+00:00,563.2299999999999,563.9499999999999,562.8,562.9999999999999,732
2026-03-26T16:05:00+00:00,562.9999999999999,563.31,562.2599999999999,562.6999999999999,715
2026-03-26T16:10:00+00:00,562.6999999999999,563.6999999999999,562.3199999999999,563.55,637
2026-03-26T16:15:00+00:00,563.55,563.56,562.3699999999999,563.3,616
2026-03-26T16:20:00+00:00,563.3,563.3199999999999,560.2499999999999,560.92,794
2026-03-26T16:25:00+00:00,560.92,561.4599999999999,560.6999999999999,561.04,703
2026-03-26T16:30:00+00:00,561.04,561.7299999999999,560.6899999999999,560.8199999999999,579
2026-03-26T16:35:00+00:00,560.8199999999999,562.3499999999999,559.9699999999999,560.4599999999999,717
2026-03-26T16:40:00+00:00,560.4599999999999,561.17,559.9599999999999,560.3899999999999,616
2026-03-26T16:45:00+00:00,560.3899999999999,560.7099999999999,559.28,560.03,625
2026-03-26T16:50:00+00:00,560.03,560.9,559.5999999999999,559.7099999999999,670
2026-03-26T16:55:00+00:00,559.7099999999999,559.8599999999999,557.8499999999999,558.3299999999999,763
2026-03-26T17:00:00+00:00,558.3299999999999,559.66,557.79,559.3,883
2026-03-26T17:05:00+00:00,559.3,560.1099999999999,558.6899999999999,558.9,704
2026-03-26T17:10:00+00:00,558.9,559.43,558.7699999999999,558.9899999999999,553
2026-03-26T17:15:00+00:00,558.9899999999999,559.93,557.9899999999999,558.68,664
2026-03-26T17:20:00+00:00,558.68,558.8299999999999,557.3399999999999,557.78,657
2026-03-26T17:25:00+00:00,557.78,558.06,556.9899999999999,557.81,571
2026-03-26T17:30:00+00:00,557.81,559.2599999999999,557.7099999999999,559.1099999999999,612
2026-03-26T17:35:00+00:00,559.1099999999999,559.6999999999999,558.6999999999999,559.3299999999999,545
2026-03-26T17:40:00+00:00,559.3299999999999,559.3799999999999,555.79,556.2599999999999,735
2026-03-26T17:45:00+00:00,556.2599999999999,556.4399999999999,554.1899999999999,554.6199999999999,810
2026-03-26T17:50:00+00:00,554.6199999999999,554.67,552.2299999999999,552.8699999999999,745
2026-03-26T17:55:00+00:00,552.8699999999999,553.2099999999999,551.9699999999999,552.7199999999999,612
2026-03-26T18:00:00+00:00,552.7199999999999,554.6199999999999,552.4599999999999,554.1099999999999,666
2026-03-26T18:05:00+00:00,554.1099999999999,554.5999999999999,553.4499999999999,553.91,587
2026-03-26T18:10:00+00:00,553.91,554.04,552.9999999999999,553.6199999999999,572
2026-03-26T18:15:00+00:00,553.6199999999999,553.91,552.2399999999999,552.2499999999999,509
2026-03-26T18:20:00+00:00,552.2499999999999,553.0899999999999,551.6899999999999,552.91,547
2026-03-26T18:25:00+00:00,552.91,553.4999999999999,550.0799999999999,550.7199999999999,727
2026-03-26T18:30:00+00:00,550.7199999999999,551.7299999999999,550.3799999999999,550.9599999999999,578
2026-03-26T18:35:00+00:00,550.9599999999999,552.4599999999999,550.7099999999999,552.2199999999999,614
2026-03-26T18:40:00+00:00,552.2199999999999,553.3799999999999,552.0199999999999,552.43,540
2026-03-26T18:45:00+00:00,552.43,554.0999999999999,552.0099999999999,553.7399999999999,536
2026-03-26T18:50:00+00:00,553.7399999999999,554.7099999999999,553.2399999999999,553.68,570
2026-03-26T18:55:00+00:00,553.68,554.0199999999999,552.4899999999999,553.7199999999999,553
2026-03-26T19:00:00+00:00,553.7199999999999,554.29,552.6899999999999,553.0099999999999,534
2026-03-26T19:05:00+00:00,553.0099999999999,553.2099999999999,552.43,552.6099999999999,577
2026-03-26T19:10:00+00:00,552.6099999999999,554.78,552.2199999999999,554.6999999999999,600
2026-03-26T19:15:00+00:00,554.6999999999999,556.0999999999999,554.4499999999999,555.3499999999999,651
2026-03-26T19:20:00+00:00,555.3499999999999,556.6299999999999,555.2199999999999,555.8599999999999,670
2026-03-26T19:25:00+00:00,555.8599999999999,556.31,554.3299999999999,556.31,604
2026-03-26T19:30:00+00:00,556.31,556.6099999999999,554.2299999999999,555.4699999999999,670
2026-03-26T19:35:00+00:00,555.4699999999999,555.8299999999999,554.6899999999999,554.6899999999999,588
2026-03-26T19:40:00+00:00,554.6899999999999,555.0899999999999,553.5099999999999,554.41,565
2026-03-26T19:45:00+00:00,554.41,554.41,553.4899999999999,553.6199999999999,621
2026-03-26T19:50:00+00:00,553.6199999999999,553.91,552.8899999999999,553.7499999999999,959
2026-03-26T19:55:00+00:00,553.7499999999999,554.6099999999999,553.4799999999999,554.3399999999999,1278
2026-03-27T13:30:00+00:00,554.3399999999999,554.3399999999999,544.4599999999999,544.56,1096
2026-03-27T13:35:00+00:00,544.56,545.2699999999999,542.5699999999999,543.55,1024
2026-03-27T13:40:00+00:00,543.55,545.4799999999999,542.4,543.66,910
2026-03-27T13:45:00+00:00,543.66,546.4799999999999,543.65,545.7199999999999,826
2026-03-27T13:50:00+00:00,545.7199999999999,546.28,543.9,544.0899999999999,704
2026-03-27T13:55:00+00:00,544.0899999999999,544.0999999999999,540.56,540.5799999999999,952
2026-03-27T14:00:00+00:00,540.5799999999999,541.1899999999999,539.1099999999999,539.4399999999999,920
2026-03-27T14:05:00+00:00,539.4399999999999,539.6099999999999,537.9399999999999,538.0199999999999,986
2026-03-27T14:10:00+00:00,538.0199999999999,540.5699999999999,537.8299999999999,539.0899999999999,957
2026-03-27T14:15:00+00:00,539.0899999999999,540.9,538.1999999999999,539.17,795
2026-03-27T14:20:00+00:00,539.17,539.5199999999999,536.7099999999999,537.5099999999999,791
2026-03-27T14:25:00+00:00,537.5099999999999,537.93,536.5099999999999,537.4699999999999,640
2026-03-27T14:30:00+00:00,537.4699999999999,538.9499999999999,537.1999999999999,538.6899999999999,641
2026-03-27T14:35:00+00:00,538.6899999999999,539.31,538.0099999999999,538.7099999999999,633
2026-03-27T14:40:00+00:00,538.7099999999999,539.4999999999999,538.29,539.31,649
2026-03-27T14:45:00+00:00,539.31,539.6999999999999,537.4999999999999,538.2299999999999,679
2026-03-27T14:50:00+00:00,538.2299999999999,538.29,536.1999999999999,536.41,673
2026-03-27T14:55:00+00:00,536.41,537.3699999999999,535.9,536.8399999999999,700
2026-03-27T15:00:00+00:00,536.8399999999999,537.7199999999999,535.9999999999999,536.9499999999999,791
2026-03-27T15:05:00+00:00,536.9499999999999,537.56,536.4999999999999,537.3299999999999,662
2026-03-27T15:10:00+00:00,537.3299999999999,537.3299999999999,535.1899999999999,535.1899999999999,715
2026-03-27T15:15:00+00:00,535.1899999999999,535.6099999999999,533.4699999999999,533.8899999999999,903
2026-03-27T15:20:00+00:00,533.8899999999999,537.8199999999999,533.1999999999999,537.31,1042
2026-03-27T15:25:00+00:00,537.31,537.6099999999999,535.6899999999999,535.9399999999999,846
2026-03-27T15:30:00+00:00,535.9399999999999,537.31,535.4699999999999,536.4899999999999,727
2026-03-27T15:35:00+00:00,536.4899999999999,536.8,535.53,535.8199999999999,701
2026-03-27T15:40:00+00:00,535.8199999999999,536.03,534.92,535.3699999999999,557
2026-03-27T15:45:00+00:00,535.3699999999999,536.6299999999999,534.8,536.3299999999999,685
2026-03-27T15:50:00+00:00,536.3299999999999,536.93,535.55,535.5699999999999,557
2026-03-27T15:55:00+00:00,535.5699999999999,536.8399999999999,534.8,536.1399999999999,631
2026-03-27T16:00:00+00:00,536.1399999999999,536.7499999999999,535.29,535.67,619
2026-03-27T16:05:00+00:00,535.67,536.5099999999999,534.54,534.5999999999999,603
2026-03-27T16:10:00+00:00,534.5999999999999,534.9799999999999,534.29,534.65,587
2026-03-27T16:15:00+00:00,534.65,534.66,533.4399999999999,534.2499999999999,565
2026-03-27T16:20:00+00:00,534.2499999999999,534.7399999999999,532.79,533.0999999999999,551
2026-03-27T16:25:00+00:00,533.0999999999999,533.7499999999999,533.0799999999999,533.65,551
2026-03-27T16:30:00+00:00,533.65,535.1199999999999,533.4699999999999,534.3899999999999,589
2026-03-27T16:35:00+00:00,534.3899999999999,534.7699999999999,533.7699999999999,534.2699999999999,465
2026-03-27T16:40:00+00:00,534.2699999999999,535.8699999999999,533.6899999999999,535.6899999999999,499
2026-03-27T16:45:00+00:00,535.6899999999999,536.9899999999999,535.68,536.6999999999999,595
2026-03-27T16:50:00+00:00,536.6999999999999,536.7099999999999,535.1899999999999,535.7099999999999,473
2026-03-27T16:55:00+00:00,535.7099999999999,535.7099999999999,534.4499999999999,534.5199999999999,434
2026-03-27T17:00:00+00:00,534.5199999999999,534.6899999999999,533.3599999999999,534.04,577
2026-03-27T17:05:00+00:00,534.04,536.0799999999999,533.9599999999999,534.9699999999999,562
2026-03-27T17:10:00+00:00,534.9699999999999,535.03,534.1399999999999,534.5899999999999,487
2026-03-27T17:15:00+00:00,534.5899999999999,534.6999999999999,532.8899999999999,533.03,492
2026-03-27T17:20:00+00:00,533.03,533.0699999999999,532.29,532.3299999999999,610
2026-03-27T17:25:00+00:00,532.3299999999999,532.3799999999999,530.2299999999999,530.9599999999999,753
2026-03-27T17:30:00+00:00,530.9599999999999,531.04,529.8899999999999,530.41,632
2026-03-27T17:35:00+00:00,530.41,530.6099999999999,529.7299999999999,530.41,485
2026-03-27T17:40:00+00:00,530.41,530.4999999999999,529.1999999999999,529.3199999999999,564
2026-03-27T17:45:00+00:00,529.3199999999999,530.2299999999999,529.1999999999999,530.04,671
2026-03-27T17:50:00+00:00,530.04,530.2199999999999,529.4999999999999,529.51,473.21995835812015
2026-03-27T17:55:00+00:00,529.51,529.5899999999999,527.8199999999999,527.8199999999999,703
2026-03-27T18:00:00+00:00,527.8199999999999,528.1999999999999,527.2499999999999,527.52,669
2026-03-27T18:05:00+00:00,527.52,528.92,527.05,528.9,587
2026-03-27T18:10:00+00:00,528.9,529.81,528.3199999999999,529.41,624
2026-03-27T18:15:00+00:00,529.41,530.31,529.3199999999999,529.91,508
2026-03-27T18:20:00+00:00,529.91,530.9799999999999,529.56,530.4799999999999,553
2026-03-27T18:25:00+00:00,530.4799999999999,531.1299999999999,530.04,530.7499999999999,584
2026-03-27T18:30:00+00:00,530.7499999999999,531.8,530.3499999999999,531.2299999999999,562
2026-03-27T18:35:00+00:00,531.2299999999999,531.3499999999999,530.41,531.2399999999999,482
2026-03-27T18:40:00+00:00,531.2399999999999,531.9899999999999,530.8,530.9999999999999,627
2026-03-27T18:45:00+00:00,530.9999999999999,531.6899999999999,530.0999999999999,531.4399999999999,631
2026-03-27T18:50:00+00:00,531.4399999999999,532.02,531.41,531.8399999999999,592
2026-03-27T18:55:00+00:00,531.8399999999999,532.14,530.8,531.28,532
2026-03-27T19:00:00+00:00,531.28,531.76,530.27,530.6199999999999,427
2026-03-27T19:05:00+00:00,530.6199999999999,531.14,530.1999999999999,530.4999999999999,480
2026-03-27T19:10:00+00:00,530.4999999999999,531.2199999999999,530.2099999999999,530.65,496
2026-03-27T19:15:00+00:00,530.65,531.66,530.6099999999999,530.8299999999999,640
2026-03-27T19:20:00+00:00,530.8299999999999,532.8399999999999,530.1999999999999,532.4899999999999,682
2026-03-27T19:25:00+00:00,532.4899999999999,533.3799999999999,532.1999999999999,533.14,684
2026-03-27T19:30:00+00:00,533.14,533.9499999999999,532.91,533.52,609
2026-03-27T19:35:00+00:00,533.52,533.7299999999999,532.5999999999999,532.7099999999999,497
2026-03-27T19:40:00+00:00,532.7099999999999,533.05,532.3,532.9599999999999,639
2026-03-27T19:45:00+00:00,532.9599999999999,533.31,532.1999999999999,532.68,667
2026-03-27T19:50:00+00:00,532.68,532.9399999999999,530.9499999999999,531.76,888
2026-03-27T19:55:00+00:00,531.76,532.92,531.4999999999999,532.64,1030
2026-03-30T13:30:00+00:00,532.64,543.8599999999999,532.64,539.6299999999999,1562
2026-03-30T13:35:00+00:00,539.6299999999999,540.91,538.3399999999999,539.03,1332
2026-03-30T13:40:00+00:00,539.03,541.76,537.9399999999999,541.4999999999999,1451
2026-03-30T13:45:00+00:00,541.4999999999999,541.76,538.8699999999999,539.5799999999999,1675
2026-03-30T13:50:00+00:00,539.5799999999999,540.5699999999999,538.8799999999999,539.0699999999999,1567
2026-03-30T13:55:00+00:00,539.0699999999999,539.17,536.41,538.1899999999999,1852
2026-03-30T14:00:00+00:00,538.1899999999999,539.16,536.91,537.2499999999999,1776
2026-03-30T14:05:00+00:00,537.2499999999999,537.9899999999999,535.3499999999999,537.8399999999999,1333
2026-03-30T14:10:00+00:00,537.8399999999999,539.0899999999999,537.4399999999999,538.64,1484
2026-03-30T14:15:00+00:00,538.64,539.17,537.43,539.0899999999999,1406
2026-03-30T14:20:00+00:00,539.0899999999999,540.56,538.8,539.66,1349
2026-03-30T14:25:00+00:00,539.66,539.8199999999999,539.02,539.43,1465
2026-03-30T14:30:00+00:00,539.43,541.2299999999999,539.2299999999999,541.1999999999999,1177
2026-03-30T14:35:00+00:00,541.1999999999999,541.2299999999999,538.6199999999999,539.02,1433
2026-03-30T14:40:00+00:00,539.02,539.6099999999999,537.18,539.03,1255
2026-03-30T14:45:00+00:00,539.03,540.8199999999999,538.9,538.91,1794
2026-03-30T14:50:00+00:00,538.91,539.9699999999999,538.31,539.28,1698
2026-03-30T14:55:00+00:00,539.28,541.6299999999999,538.9,541.4499999999999,1209
2026-03-30T15:00:00+00:00,541.4499999999999,542.89,541.3499999999999,542.5699999999999,1385
2026-03-30T15:05:00+00:00,542.5699999999999,543.3699999999999,540.8799999999999,541.3399999999999,1497
2026-03-30T15:10:00+00:00,541.3399999999999,541.9799999999999,538.9999999999999,539.0799999999999,1311
2026-03-30T15:15:00+00:00,539.0799999999999,539.7099999999999,538.52,538.8699999999999,1405
2026-03-30T15:20:00+00:00,538.8699999999999,541.6199999999999,538.8199999999999,541.54,1286
2026-03-30T15:25:00+00:00,541.54,542.0699999999999,541.0999999999999,541.0999999999999,1083
2026-03-30T15:30:00+00:00,541.0999999999999,542.04,540.8499999999999,541.8299999999999,1351
2026-03-30T15:35:00+00:00,541.8299999999999,543.14,541.8,542.9599999999999,1195
2026-03-30T15:40:00+00:00,542.9599999999999,544.8199999999999,542.3799999999999,544.7299999999999,1074
2026-03-30T15:45:00+00:00,544.7299999999999,545.3699999999999,544.3199999999999,545.15,1251
2026-03-30T15:50:00+00:00,545.15,546.31,544.9899999999999,545.1099999999999,1382
2026-03-30T15:55:00+00:00,545.1099999999999,545.2399999999999,544.4499999999999,544.6199999999999,1149
2026-03-30T16:00:00+00:00,544.6199999999999,544.8299999999999,543.4399999999999,543.68,1140
2026-03-30T16:05:00+00:00,543.68,544.78,543.4699999999999,544.3599999999999,970
2026-03-30T16:10:00+00:00,544.3599999999999,545.64,544.15,544.6899999999999,942
2026-03-30T16:15:00+00:00,544.6899999999999,544.77,543.9599999999999,543.9599999999999,722
2026-03-30T16:20:00+00:00,543.9599999999999,544.1899999999999,543.5799999999999,543.81,828
2026-03-30T16:25:00+00:00,543.81,544.5699999999999,543.51,543.51,869
2026-03-30T16:30:00+00:00,543.51,544.03,543.3,543.6899999999999,893
2026-03-30T16:35:00+00:00,543.6899999999999,545.1299999999999,543.3199999999999,544.9999999999999,919
2026-03-30T16:40:00+00:00,544.9999999999999,545.02,544.06,544.3199999999999,721
2026-03-30T16:45:00+00:00,544.3199999999999,544.3399999999999,543.4999999999999,543.54,705
2026-03-30T16:50:00+00:00,543.54,543.9499999999999,542.3,542.3,839
2026-03-30T16:55:00+00:00,542.3,544.0899999999999,542.0999999999999,543.81,843
2026-03-30T17:00:00+00:00,543.81,544.8699999999999,543.6299999999999,543.79,804
2026-03-30T17:05:00+00:00,543.79,544.92,543.79,543.9899999999999,870
2026-03-30T17:10:00+00:00,543.9899999999999,544.31,543.6099999999999,543.64,885
2026-03-30T17:15:00+00:00,543.64,544.4699999999999,543.4599999999999,544.3299999999999,1055
2026-03-30T17:20:00+00:00,544.3299999999999,544.56,542.9699999999999,543.02,1118
2026-03-30T17:25:00+00:00,543.02,543.17,542.3,542.7199999999999,954
2026-03-30T17:30:00+00:00,542.7199999999999,542.9999999999999,541.92,542.5699999999999,1022
2026-03-30T17:35:00+00:00,542.5699999999999,543.5999999999999,542.4999999999999,543.52,1104
2026-03-30T17:40:00+00:00,543.52,544.2499999999999,543.2299999999999,544.01,872
2026-03-30T17:45:00+00:00,544.01,544.3299999999999,543.3,543.9399999999999,1113
2026-03-30T17:50:00+00:00,543.9399999999999,544.1999999999999,543.4399999999999,544.05,979
2026-03-30T17:55:00+00:00,544.05,544.64,543.9,544.5799999999999,867
2026-03-30T18:00:00+00:00,544.5799999999999,544.78,543.9,544.01,662
2026-03-30T18:05:00+00:00,544.01,544.77,543.68,544.3499999999999,737
2026-03-30T18:10:00+00:00,544.3499999999999,545.89,543.93,544.6999999999999,794
2026-03-30T18:15:00+00:00,544.6999999999999,545.3499999999999,544.42,545.26,733
2026-03-30T18:20:00+00:00,545.26,545.68,544.2499999999999,544.4999999999999,836
2026-03-30T18:25:00+00:00,544.4999999999999,544.67,543.8399999999999,544.06,664
2026-03-30T18:30:00+00:00,544.06,544.42,543.7299999999999,543.9399999999999,672
2026-03-30T18:35:00+00:00,543.9399999999999,544.9999999999999,543.81,544.01,757
2026-03-30T18:40:00+00:00,544.01,544.31,543.52,543.7199999999999,543
2026-03-30T18:45:00+00:00,543.7199999999999,544.04,543.4399999999999,543.6999999999999,658
2026-03-30T18:50:00+00:00,543.6999999999999,543.81,542.8,542.9599999999999,758
2026-03-30T18:55:00+00:00,542.9599999999999,543.28,542.5899999999999,542.81,691
2026-03-30T19:00:00+00:00,542.81,544.03,542.55,543.89,800
2026-03-30T19:05:00+00:00,543.89,544.01,542.7099999999999,542.78,916
2026-03-30T19:10:00+00:00,542.78,542.8299999999999,541.06,541.1999999999999,1173
2026-03-30T19:15:00+00:00,541.1999999999999,542.0999999999999,541.16,541.76,941
2026-03-30T19:20:00+00:00,541.76,542.14,541.54,541.5699999999999,906
2026-03-30T19:25:00+00:00,541.5699999999999,542.27,541.4999999999999,541.7399999999999,857
2026-03-30T19:30:00+00:00,541.7399999999999,541.9699999999999,540.03,540.1899999999999,1142
2026-03-30T19:35:00+00:00,540.1899999999999,541.41,539.9999999999999,540.8499999999999,984
2026-03-30T19:40:00+00:00,540.8499999999999,542.42,540.77,541.43,1138
2026-03-30T19:45:00+00:00,541.43,542.1899999999999,540.8799999999999,542.0999999999999,1259
2026-03-30T19:50:00+00:00,542.0999999999999,543.52,541.6099999999999,542.79,1059
2026-03-30T19:55:00+00:00,542.79,544.1099999999999,542.6299999999999,543.29,1101
2026-03-31T13:30:00+00:00,543.29,563.14,543.29,562.1299999999999,1098
2026-03-31T13:35:00+00:00,562.1299999999999,563.9799999999999,560.5899999999999,561.6299999999999,1168
2026-03-31T13:40:00+00:00,561.6299999999999,564.1299999999999,561.6299999999999,562.01,994
2026-03-31T13:45:00+00:00,562.01,563.3,560.9,562.2299999999999,902
2026-03-31T13:50:00+00:00,562.2299999999999,565.28,561.89,565.04,773
2026-03-31T13:55:00+00:00,565.04,565.7099999999999,563.56,564.0899999999999,849
2026-03-31T14:00:00+00:00,564.0899999999999,565.39,562.8,564.9599999999999,804
2026-03-31T14:05:00+00:00,564.9599999999999,564.9899999999999,562.05,562.1999999999999,689
2026-03-31T14:10:00+00:00,562.1999999999999,563.4,561.8,562.65,687
2026-03-31T14:15:00+00:00,562.65,564.8399999999999,562.3399999999999,563.8299999999999,692
2026-03-31T14:20:00+00:00,563.8299999999999,565.18,562.29,564.1899999999999,693
2026-03-31T14:25:00+00:00,564.1899999999999,564.79,562.27,562.41,616
2026-03-31T14:30:00+00:00,562.41,564.6299999999999,562.4,563.6199999999999,616
2026-03-31T14:35:00+00:00,563.6199999999999,564.27,562.27,562.3299999999999,655
2026-03-31T14:40:00+00:00,562.3299999999999,562.9399999999999,561.92,562.65,655
2026-03-31T14:45:00+00:00,562.65,562.8699999999999,560.16,560.65,680
2026-03-31T14:50:00+00:00,560.65,560.65,559.8299999999999,560.0699999999999,687
2026-03-31T14:55:00+00:00,560.0699999999999,560.0699999999999,558.3499999999999,558.89,745
2026-03-31T15:00:00+00:00,558.89,560.14,558.3499999999999,559.6899999999999,666
2026-03-31T15:05:00+00:00,559.6899999999999,561.01,559.4,560.14,650
2026-03-31T15:10:00+00:00,560.14,562.14,559.8,561.9699999999999,528
2026-03-31T15:15:00+00:00,561.9699999999999,563.52,561.4899999999999,563.06,635
2026-03-31T15:20:00+00:00,563.06,564.6199999999999,562.31,564.1299999999999,730
2026-03-31T15:25:00+00:00,564.1299999999999,564.4399999999999,562.81,564.1999999999999,673
2026-03-31T15:30:00+00:00,564.1999999999999,564.1999999999999,562.5899999999999,563.93,669
2026-03-31T15:35:00+00:00,563.93,565.52,563.93,564.2299999999999,594
2026-03-31T15:40:00+00:00,564.2299999999999,564.28,563.15,563.42,496
2026-03-31T15:45:00+00:00,563.42,564.3399999999999,563.1299999999999,563.8599999999999,567
2026-03-31T15:50:00+00:00,563.8599999999999,565.3399999999999,563.7299999999999,564.0899999999999,566
2026-03-31T15:55:00+00:00,564.0899999999999,564.7299999999999,563.26,563.29,494
2026-03-31T16:00:00+00:00,563.29,565.28,563.1299999999999,564.9399999999999,491
2026-03-31T16:05:00+00:00,564.9399999999999,566.9999999999999,564.93,566.8799999999999,587
2026-03-31T16:10:00+00:00,566.8799999999999,566.89,565.54,566.6299999999999,655
2026-03-31T16:15:00+00:00,566.6299999999999,567.77,566.56,566.89,585
2026-03-31T16:20:00+00:00,566.89,567.15,566.15,567.15,497
2026-03-31T16:25:00+00:00,567.15,567.2199999999999,566.02,566.8599999999999,634
2026-03-31T16:30:00+00:00,566.8599999999999,567.3599999999999,566.5799999999999,567.04,500
2026-03-31T16:35:00+00:00,567.04,569.5699999999999,566.6999999999999,569.1999999999999,724
2026-03-31T16:40:00+00:00,569.1999999999999,573.1899999999999,569.1299999999999,571.55,1842
2026-03-31T16:45:00+00:00,571.55,573.39,571.1999999999999,572.52,1117
2026-03-31T16:50:00+00:00,572.52,574.18,571.03,572.4799999999999,933
2026-03-31T16:55:00+00:00,572.4799999999999,573.31,571.67,573.15,768
2026-03-31T17:00:00+00:00,573.15,575.5899999999999,573.1299999999999,575.02,885
2026-03-31T17:05:00+00:00,575.02,576.0799999999999,573.41,573.76,970
2026-03-31T17:10:00+00:00,573.76,577.1099999999999,573.76,576.9399999999999,927
2026-03-31T17:15:00+00:00,576.9399999999999,578.8399999999999,576.8599999999999,578.5999999999999,938
2026-03-31T17:20:00+00:00,578.5999999999999,580.3599999999999,577.8,579.17,881
2026-03-31T17:25:00+00:00,579.17,579.8199999999999,576.6999999999999,577.03,819
2026-03-31T17:30:00+00:00,577.03,578.7499999999999,576.3199999999999,578.4899999999999,724
2026-03-31T17:35:00+00:00,578.4899999999999,578.8199999999999,575.0999999999999,576.3499999999999,790
2026-03-31T17:40:00+00:00,576.3499999999999,576.8699999999999,574.89,575.42,689
2026-03-31T17:45:00+00:00,575.42,576.89,574.89,576.66,643
2026-03-31T17:50:00+00:00,576.66,577.3199999999999,575.8399999999999,576.7499999999999,643
2026-03-31T17:55:00+00:00,576.7499999999999,576.79,574.9,575.52,573
2026-03-31T18:00:00+00:00,575.52,576.3799999999999,575.52,575.8399999999999,559
2026-03-31T18:05:00+00:00,575.8399999999999,576.77,575.3499999999999,576.67,566
2026-03-31T18:10:00+00:00,576.67,577.76,576.03,577.5999999999999,586
2026-03-31T18:15:00+00:00,577.5999999999999,577.5999999999999,576.8299999999999,577.27,443
2026-03-31T18:20:00+00:00,577.27,577.5699999999999,576.51,576.53,389
2026-03-31T18:25:00+00:00,576.53,578.28,576.3,577.8799999999999,482
2026-03-31T18:30:00+00:00,577.8799999999999,578.77,577.29,577.31,485
2026-03-31T18:35:00+00:00,577.31,578.1999999999999,577.17,577.9899999999999,458
2026-03-31T18:40:00+00:00,577.9899999999999,578.18,577.14,577.3699999999999,539
2026-03-31T18:45:00+00:00,577.3699999999999,578.16,577.3499999999999,577.8799999999999,450
2026-03-31T18:50:00+00:00,577.8799999999999,578.7099999999999,577.6099999999999,578.4399999999999,389
2026-03-31T18:55:00+00:00,578.4399999999999,578.52,577.1099999999999,577.1999999999999,393
2026-03-31T19:00:00+00:00,577.1999999999999,577.4499999999999,576.4499999999999,576.6999999999999,500
2026-03-31T19:05:00+00:00,576.6999999999999,576.81,575.53,575.5699999999999,490
2026-03-31T19:10:00+00:00,575.5699999999999,576.9,575.53,576.7199999999999,500
2026-03-31T19:15:00+00:00,576.7199999999999,577.2099999999999,576.5999999999999,576.91,532
2026-03-31T19:20:00+00:00,576.91,577.4,576.8199999999999,577.29,469
2026-03-31T19:25:00+00:00,577.29,577.3299999999999,576.3599999999999,576.77,623
2026-03-31T19:30:00+00:00,576.77,577.8699999999999,575.91,577.0699999999999,647
2026-03-31T19:35:00+00:00,577.0699999999999,577.7399999999999,576.4499999999999,577.1899999999999,593
2026-03-31T19:40:00+00:00,577.1899999999999,577.43,575.4799999999999,575.9399999999999,709
2026-03-31T19:45:00+00:00,575.9399999999999,577.3699999999999,575.76,576.8399999999999,636
2026-03-31T19:50:00+00:00,576.8399999999999,578.14,575.3499999999999,575.8199999999999,1013
2026-03-31T19:55:00+00:00,575.8199999999999,579.3699999999999,575.8199999999999,578.68,1681
2026-04-01T13:30:00+00:00,578.68,588.9399999999999,578.68,588.43,1280
2026-04-01T13:35:00+00:00,588.43,591.67,587.6299999999999,589.3299999999999,1471
2026-04-01T13:40:00+00:00,589.3299999999999,589.9899999999999,585.28,585.56,1427
2026-04-01T13:45:00+00:00,585.56,585.9599999999999,580.6899999999999,583.7399999999999,1425
2026-04-01T13:50:00+00:00,583.7399999999999,585.8,582.8199999999999,582.8299999999999,1176
2026-04-01T13:55:00+00:00,582.8299999999999,584.3399999999999,582.81,583.9999999999999,928
2026-04-01T14:00:00+00:00,583.9999999999999,585.9,583.4,583.54,1008
2026-04-01T14:05:00+00:00,583.54,584.2099999999999,582.92,583.15,927
2026-04-01T14:10:00+00:00,583.15,584.2499999999999,583.0899999999999,584.14,1008
2026-04-01T14:15:00+00:00,584.14,585.14,583.4999999999999,584.5799999999999,916
2026-04-01T14:20:00+00:00,584.5799999999999,586.8199999999999,583.9799999999999,586.3199999999999,877
2026-04-01T14:25:00+00:00,586.3199999999999,586.91,585.52,585.9899999999999,761
2026-04-01T14:30:00+00:00,585.9899999999999,586.65,585.02,585.1899999999999,840
2026-04-01T14:35:00+00:00,585.1899999999999,585.9,584.05,585.7299999999999,1053
2026-04-01T14:40:00+00:00,585.7299999999999,586.27,584.8,585.01,861
2026-04-01T14:45:00+00:00,585.01,585.4999999999999,582.9699999999999,585.39,839
2026-04-01T14:50:00+00:00,585.39,585.8199999999999,584.17,585.2399999999999,852
2026-04-01T14:55:00+00:00,585.2399999999999,588.9799999999999,585.03,588.6299999999999,848
2026-04-01T15:00:00+00:00,588.6299999999999,588.9599999999999,587.5999999999999,587.7499999999999,849
2026-04-01T15:05:00+00:00,587.7499999999999,589.15,587.4899999999999,588.42,652
2026-04-01T15:10:00+00:00,588.42,588.91,588.1199999999999,588.27,570
2026-04-01T15:15:00+00:00,588.27,588.43,587.64,587.92,578
2026-04-01T15:20:00+00:00,587.92,589.9999999999999,587.81,589.3,527
2026-04-01T15:25:00+00:00,589.3,590.4899999999999,588.9,589.9399999999999,666
2026-04-01T15:30:00+00:00,589.9399999999999,589.9399999999999,588.9699999999999,589.3699999999999,590
2026-04-01T15:35:00+00:00,589.3699999999999,590.41,588.7299999999999,588.92,547
2026-04-01T15:40:00+00:00,588.92,589.9,588.92,589.8799999999999,541
2026-04-01T15:45:00+00:00,589.8799999999999,590.6199999999999,589.42,590.6099999999999,489
2026-04-01T15:50:00+00:00,590.6099999999999,591.17,590.31,590.41,534
2026-04-01T15:55:00+00:00,590.41,591.1899999999999,589.9999999999999,590.1899999999999,552
2026-04-01T16:00:00+00:00,590.1899999999999,592.66,590.18,592.3,653
2026-04-01T16:05:00+00:00,592.3,592.4999999999999,591.76,592.17,518
2026-04-01T16:10:00+00:00,592.17,592.27,591.4899999999999,591.56,585
2026-04-01T16:15:00+00:00,591.56,593.4799999999999,591.29,593.3399999999999,561
2026-04-01T16:20:00+00:00,593.3399999999999,594.8599999999999,593.3199999999999,594.2399999999999,776
2026-04-01T16:25:00+00:00,594.2399999999999,594.7199999999999,593.8,593.81,586
2026-04-01T16:30:00+00:00,593.81,594.2499999999999,593.4399999999999,593.89,604
2026-04-01T16:35:00+00:00,593.89,594.77,593.81,594.3699999999999,468
2026-04-01T16:40:00+00:00,594.3699999999999,595.3199999999999,593.8199999999999,595.14,536
2026-04-01T16:45:00+00:00,595.14,595.4799999999999,594.1899999999999,595.04,474
2026-04-01T16:50:00+00:00,595.04,595.8299999999999,595.03,595.77,481
2026-04-01T16:55:00+00:00,595.77,596.5999999999999,595.51,596.27,519
2026-04-01T17:00:00+00:00,596.27,597.76,596.1999999999999,597.64,642
2026-04-01T17:05:00+00:00,597.64,598.2499999999999,597.1099999999999,597.55,650
2026-04-01T17:10:00+00:00,597.55,599.1999999999999,597.54,597.77,678
2026-04-01T17:15:00+00:00,597.77,598.2499999999999,597.3199999999999,597.4499999999999,503
2026-04-01T17:20:00+00:00,597.4499999999999,597.5899999999999,596.3,597.0899999999999,534
2026-04-01T17:25:00+00:00,597.0899999999999,597.66,596.8,597.31,401
2026-04-01T17:30:00+00:00,597.31,597.39,595.89,596.04,610
2026-04-01T17:35:00+00:00,596.04,596.4,595.4899999999999,595.7199999999999,507
2026-04-01T17:40:00+00:00,595.7199999999999,596.05,594.65,594.8199999999999,488
2026-04-01T17:45:00+00:00,594.8199999999999,594.9,593.64,593.8399999999999,617
2026-04-01T17:50:00+00:00,593.8399999999999,594.4499999999999,593.64,594.31,644
2026-04-01T17:55:00+00:00,594.31,594.78,592.92,592.93,638
2026-04-01T18:00:00+00:00,592.93,592.9899999999999,591.4999999999999,591.9399999999999,1010
2026-04-01T18:05:00+00:00,591.9399999999999,592.4999999999999,591.1999999999999,591.3799999999999,704
2026-04-01T18:10:00+00:00,591.3799999999999,591.9699999999999,590.1999999999999,590.4899999999999,678
2026-04-01T18:15:00+00:00,590.4899999999999,590.5699999999999,588.1899999999999,588.52,720
2026-04-01T18:20:00+00:00,588.52,588.9,586.5999999999999,586.79,809
2026-04-01T18:25:00+00:00,586.79,587.5699999999999,586.0899999999999,586.3699999999999,926
2026-04-01T18:30:00+00:00,586.3699999999999,586.3699999999999,585.14,585.5699999999999,766
2026-04-01T18:35:00+00:00,585.5699999999999,585.8399999999999,584.68,585.4399999999999,705
2026-04-01T18:40:00+00:00,585.4399999999999,586.7099999999999,584.9,585.2099999999999,713
2026-04-01T18:45:00+00:00,585.2099999999999,585.53,584.17,584.43,761
2026-04-01T18:50:00+00:00,584.43,585.2199999999999,583.9899999999999,584.5999999999999,662
2026-04-01T18:55:00+00:00,584.5999999999999,584.6099999999999,583.2199999999999,583.8,582
2026-04-01T19:00:00+00:00,583.8,584.81,583.8,583.91,699
2026-04-01T19:05:00+00:00,583.91,585.4899999999999,583.8299999999999,585.1299999999999,733
2026-04-01T19:10:00+00:00,585.1299999999999,585.3199999999999,584.0899999999999,584.7299999999999,643
2026-04-01T19:15:00+00:00,584.7299999999999,585.9899999999999,584.31,585.8299999999999,632
2026-04-01T19:20:00+00:00,585.8299999999999,586.54,585.4799999999999,586.3,612
2026-04-01T19:25:00+00:00,586.3,587.6299999999999,586.1199999999999,587.4999999999999,574
2026-04-01T19:30:00+00:00,587.4999999999999,587.9599999999999,587.0799999999999,587.4499999999999,719
2026-04-01T19:35:00+00:00,587.4499999999999,587.9399999999999,587.05,587.67,612
2026-04-01T19:40:00+00:00,587.67,588.41,587.6199999999999,588.05,627
2026-04-01T19:45:00+00:00,588.05,589.4899999999999,587.9499999999999,589.18,674
2026-04-01T19:50:00+00:00,589.18,589.18,585.3399999999999,585.92,860
2026-04-01T19:55:00+00:00,585.92,586.31,584.5999999999999,586.2099999999999,1282
2026-04-02T13:30:00+00:00,586.2099999999999,586.2099999999999,568.51,571.1999999999999,1312
2026-04-02T13:35:00+00:00,571.1999999999999,571.2099999999999,567.91,568.0699999999999,1451
2026-04-02T13:40:00+00:00,568.0699999999999,568.91,566.3399999999999,567.6199999999999,1346
2026-04-02T13:45:00+00:00,567.6199999999999,570.77,567.42,570.3299999999999,1379
2026-04-02T13:50:00+00:00,570.3299999999999,575.4499999999999,569.93,574.7399999999999,1496
2026-04-02T13:55:00+00:00,574.7399999999999,576.18,573.6199999999999,574.02,1111
2026-04-02T14:00:00+00:00,574.02,575.3499999999999,573.5999999999999,574.3699999999999,1371
2026-04-02T14:05:00+00:00,574.3699999999999,576.53,573.4599999999999,575.8299999999999,1324
2026-04-02T14:10:00+00:00,575.8299999999999,576.5799999999999,573.9499999999999,574.7499999999999,1277
2026-04-02T14:15:00+00:00,574.7499999999999,575.9,574.0799999999999,574.43,1196
2026-04-02T14:20:00+00:00,574.43,576.64,574.3499999999999,575.31,1182
2026-04-02T14:25:00+00:00,575.31,576.5999999999999,574.02,575.89,1040
2026-04-02T14:30:00+00:00,575.89,578.2199999999999,575.31,577.3199999999999,1689
2026-04-02T14:35:00+00:00,577.3199999999999,585.05,577.31,582.31,1528
2026-04-02T14:40:00+00:00,582.31,582.7499999999999,579.31,582.7499999999999,499
2026-04-02T14:45:00+00:00,582.7499999999999,582.8299999999999,579.3199999999999,579.3499999999999,1443
2026-04-02T14:50:00+00:00,579.3499999999999,579.4499999999999,576.89,577.9599999999999,1670
2026-04-02T14:55:00+00:00,577.9599999999999,579.8699999999999,577.54,579.0099999999999,1527.6826014452474
2026-04-02T15:00:00+00:00,579.0099999999999,579.1699999999998,576.4999999999999,577.2499999999999,1694
2026-04-02T15:05:00+00:00,577.2499999999999,578.2399999999999,576.4899999999999,578.1799999999998,1451
2026-04-02T15:10:00+00:00,578.1799999999998,579.5599999999998,577.5499999999998,578.6299999999999,1444
2026-04-02T15:15:00+00:00,578.6299999999999,579.4799999999999,578.0199999999999,578.8899999999999,1497
2026-04-02T15:20:00+00:00,578.8899999999999,578.8999999999999,577.4799999999999,578.1599999999999,1276
2026-04-02T15:25:00+00:00,578.1599999999999,579.8799999999999,577.6499999999999,579.1799999999998,1135
2026-04-02T15:30:00+00:00,579.1799999999998,580.0999999999999,578.8299999999999,579.6499999999999,1493
2026-04-02T15:35:00+00:00,579.6499999999999,580.8999999999999,579.3299999999999,579.6299999999999,1258
2026-04-02T15:40:00+00:00,579.6299999999999,580.6899999999999,578.9799999999999,580.3099999999998,1269
2026-04-02T15:45:00+00:00,580.3099999999998,580.5399999999998,577.9799999999999,578.0899999999999,1083
2026-04-02T15:50:00+00:00,578.0899999999999,578.2099999999999,576.8199999999999,577.9999999999999,1431
2026-04-02T15:55:00+00:00,577.9999999999999,578.6699999999998,577.6399999999999,577.7499999999999,1235
2026-04-02T16:00:00+00:00,577.7499999999999,578.1699999999998,576.9799999999999,576.9999999999999,1186
2026-04-02T16:05:00+00:00,576.9999999999999,578.2799999999999,576.8199999999999,577.3599999999999,962
2026-04-02T16:10:00+00:00,577.3599999999999,578.3199999999999,576.8299999999999,577.8299999999999,936
2026-04-02T16:15:00+00:00,577.8299999999999,578.8399999999999,577.4799999999999,577.4899999999999,1003
2026-04-02T16:20:00+00:00,577.4899999999999,577.9199999999998,577.0099999999999,577.0199999999999,1114
2026-04-02T16:25:00+00:00,577.0199999999999,577.9399999999999,576.8699999999999,577.1999999999999,983
2026-04-02T16:30:00+00:00,577.1999999999999,578.5899999999999,577.1899999999999,578.3999999999999,1014
2026-04-02T16:35:00+00:00,578.3999999999999,579.0099999999999,577.1999999999999,577.8999999999999,1039
2026-04-02T16:40:00+00:00,577.8999999999999,579.9899999999999,577.8899999999999,579.5299999999999,1103
2026-04-02T16:45:00+00:00,579.5299999999999,579.9599999999999,578.6999999999999,579.0599999999998,815
2026-04-02T16:50:00+00:00,579.0599999999998,579.6799999999998,578.7799999999999,579.0799999999999,628
2026-04-02T16:55:00+00:00,579.0799999999999,579.2299999999999,578.0099999999999,578.3199999999999,824
2026-04-02T17:00:00+00:00,578.3199999999999,578.3399999999999,577.4999999999999,577.6599999999999,927
2026-04-02T17:05:00+00:00,577.6599999999999,578.0999999999999,577.1799999999998,577.5999999999999,1030
2026-04-02T17:10:00+00:00,577.5999999999999,578.4299999999998,577.1799999999998,578.0399999999998,1124
2026-04-02T17:15:00+00:00,578.0399999999998,579.5499999999998,578.0399999999998,579.5399999999998,1077
2026-04-02T17:20:00+00:00,579.5399999999998,580.2499999999999,579.3899999999999,579.7899999999998,1015
2026-04-02T17:25:00+00:00,579.7899999999998,580.1299999999999,579.0999999999999,579.2999999999998,920
2026-04-02T17:30:00+00:00,579.2999999999998,579.5799999999999,578.5099999999999,578.6599999999999,1145
2026-04-02T17:35:00+00:00,578.6599999999999,578.9999999999999,578.1899999999999,578.4499999999999,914
2026-04-02T17:40:00+00:00,578.4499999999999,578.5599999999998,577.8599999999999,578.0999999999999,753
2026-04-02T17:45:00+00:00,578.0999999999999,578.3499999999999,576.4999999999999,576.6299999999999,1082
2026-04-02T17:50:00+00:00,576.6299999999999,577.4999999999999,576.5099999999999,577.4999999999999,1060
2026-04-02T17:55:00+00:00,577.4999999999999,577.6599999999999,576.7299999999999,577.2399999999999,832
2026-04-02T18:00:00+00:00,577.2399999999999,578.1299999999999,577.0299999999999,578.1299999999999,1293
2026-04-02T18:05:00+00:00,578.1299999999999,578.8699999999999,577.9399999999999,578.5999999999999,920
2026-04-02T18:10:00+00:00,578.5999999999999,579.0499999999998,578.4899999999999,578.8599999999999,865
2026-04-02T18:15:00+00:00,578.8599999999999,580.0799999999999,578.7699999999999,580.0099999999999,746
2026-04-02T18:20:00+00:00,580.0099999999999,580.4199999999998,579.6799999999998,579.8999999999999,700
2026-04-02T18:25:00+00:00,579.8999999999999,579.8999999999999,578.9999999999999,579.2199999999999,956
2026-04-02T18:30:00+00:00,579.2199999999999,580.0799999999999,579.2199999999999,579.4999999999999,708
2026-04-02T18:35:00+00:00,579.4999999999999,579.9099999999999,579.4899999999999,579.4999999999999,795
2026-04-02T18:40:00+00:00,579.4999999999999,580.7699999999999,579.4799999999999,580.0299999999999,780
2026-04-02T18:45:00+00:00,580.0299999999999,580.1599999999999,579.4899999999999,579.6199999999999,744
2026-04-02T18:50:00+00:00,579.6199999999999,580.3599999999999,579.4899999999999,580.0899999999999,701
2026-04-02T18:55:00+00:00,580.0899999999999,580.2699999999999,579.6299999999999,579.8799999999999,617
2026-04-02T19:00:00+00:00,579.8799999999999,580.1299999999999,579.6299999999999,579.7799999999999,747
2026-04-02T19:05:00+00:00,579.7799999999999,580.6199999999999,579.7199999999999,580.1399999999999,674
2026-04-02T19:10:00+00:00,580.1399999999999,581.5299999999999,580.1299999999999,580.9899999999999,424
2026-04-02T19:15:00+00:00,580.9899999999999,581.3399999999999,580.7699999999999,581.0099999999999,245
2026-04-02T19:20:00+00:00,581.0099999999999,581.5099999999999,580.0199999999999,580.5599999999998,462
2026-04-02T19:25:00+00:00,580.5599999999998,580.8499999999999,580.1699999999998,580.8199999999999,466
2026-04-02T19:30:00+00:00,580.8199999999999,581.1099999999999,580.4699999999999,580.7099999999999,333
2026-04-02T19:35:00+00:00,580.7099999999999,581.3099999999998,580.6999999999999,581.1899999999999,411
2026-04-02T19:40:00+00:00,581.1899999999999,581.5099999999999,580.6799999999998,580.7599999999999,553
2026-04-02T19:45:00+00:00,580.7599999999999,580.9799999999999,580.5799999999999,580.7099999999999,527
2026-04-02T19:50:00+00:00,580.7099999999999,582.0199999999999,580.7099999999999,580.7999999999998,597
2026-04-02T19:55:00+00:00,580.7999999999998,581.8099999999998,580.5899999999999,581.2999999999998,951
2026-04-06T13:30:00+00:00,581.2999999999998,587.8999999999999,581.2999999999998,587.8399999999999,664
2026-04-06T13:35:00+00:00,587.8399999999999,589.5999999999999,583.8999999999999,586.2499999999999,1161
2026-04-06T13:40:00+00:00,586.2499999999999,587.7299999999999,584.9999999999999,586.0999999999999,936
2026-04-06T13:45:00+00:00,586.0999999999999,587.8099999999998,585.7299999999999,587.4199999999998,969
2026-04-06T13:50:00+00:00,587.4199999999998,588.4299999999998,586.5999999999999,587.0099999999999,727
2026-04-06T13:55:00+00:00,587.0099999999999,588.2399999999999,586.7799999999999,587.6499999999999,767
2026-04-06T14:00:00+00:00,587.6499999999999,589.0699999999999,584.3599999999999,584.4099999999999,973
2026-04-06T14:05:00+00:00,584.4099999999999,585.0499999999998,583.7899999999998,584.4699999999999,999
2026-04-06T14:10:00+00:00,584.4699999999999,585.2699999999999,583.5199999999999,584.8899999999999,1063
2026-04-06T14:15:00+00:00,584.8899999999999,585.6899999999999,583.6799999999998,583.7499999999999,811
2026-04-06T14:20:00+00:00,583.7499999999999,584.3299999999999,583.4699999999999,584.0599999999998,745
2026-04-06T14:25:00+00:00,584.0599999999998,584.5999999999999,583.4299999999998,584.0199999999999,781
2026-04-06T14:30:00+00:00,584.0199999999999,584.6599999999999,582.5799999999999,583.4899999999999,914
2026-04-06T14:35:00+00:00,583.4899999999999,583.8499999999999,581.4399999999999,581.7999999999998,1157
2026-04-06T14:40:00+00:00,581.7999999999998,583.1099999999999,581.4799999999999,582.1699999999998,950
2026-04-06T14:45:00+00:00,582.1699999999998,582.1899999999999,580.4799999999999,580.6299999999999,765
2026-04-06T14:50:00+00:00,580.6299999999999,581.5399999999998,580.6199999999999,581.1299999999999,1052
2026-04-06T14:55:00+00:00,581.1299999999999,583.0999999999999,580.9799999999999,582.9399999999999,793
2026-04-06T15:00:00+00:00,582.9399999999999,583.9799999999999,582.9399999999999,583.7299999999999,835
2026-04-06T15:05:00+00:00,583.7299999999999,585.0199999999999,583.5499999999998,584.8699999999999,823
2026-04-06T15:10:00+00:00,584.8699999999999,585.8199999999999,584.0699999999999,585.2799999999999,923
2026-04-06T15:15:00+00:00,585.2799999999999,585.6099999999999,584.5999999999999,585.0299999999999,749
2026-04-06T15:20:00+00:00,585.0299999999999,585.2499999999999,583.9799999999999,584.0399999999998,553
2026-04-06T15:25:00+00:00,584.0399999999998,584.2999999999998,583.1499999999999,583.8099999999998,632
2026-04-06T15:30:00+00:00,583.8099999999998,583.8699999999999,582.9999999999999,583.4399999999999,760
2026-04-06T15:35:00+00:00,583.4399999999999,583.9699999999999,582.9999999999999,583.9599999999999,739
2026-04-06T15:40:00+00:00,583.9599999999999,584.9099999999999,583.9499999999999,584.6899999999999,663
2026-04-06T15:45:00+00:00,584.6899999999999,585.3499999999999,584.6499999999999,585.0199999999999,487
2026-04-06T15:50:00+00:00,585.0199999999999,585.5299999999999,584.8699999999999,584.9199999999998,650
2026-04-06T15:55:00+00:00,584.9199999999998,585.2999999999998,584.6599999999999,585.0899999999999,444
2026-04-06T16:00:00+00:00,585.0899999999999,585.3799999999999,584.7499999999999,584.8899999999999,709
2026-04-06T16:05:00+00:00,584.8899999999999,585.6299999999999,584.8199999999999,585.0099999999999,615
2026-04-06T16:10:00+00:00,585.0099999999999,585.6199999999999,584.7699999999999,585.5699999999999,513
2026-04-06T16:15:00+00:00,585.5699999999999,585.8599999999999,585.0299999999999,585.3499999999999,364
2026-04-06T16:20:00+00:00,585.3499999999999,585.8199999999999,585.1099999999999,585.7399999999999,402
2026-04-06T16:25:00+00:00,585.7399999999999,586.1799999999998,585.4399999999999,586.0499999999998,611
2026-04-06T16:30:00+00:00,586.0499999999998,586.4099999999999,585.6199999999999,586.3299999999999,450
2026-04-06T16:35:00+00:00,586.3299999999999,587.0999999999999,586.3099999999998,586.7299999999999,484
2026-04-06T16:40:00+00:00,586.7299999999999,586.9599999999999,586.2999999999998,586.8999999999999,457
2026-04-06T16:45:00+00:00,586.8999999999999,587.0699999999999,586.5299999999999,586.5299999999999,383
2026-04-06T16:50:00+00:00,586.5299999999999,586.6199999999999,585.5299999999999,585.5999999999999,453
2026-04-06T16:55:00+00:00,585.5999999999999,585.7099999999999,584.4899999999999,584.5699999999999,644
2026-04-06T17:00:00+00:00,584.5699999999999,584.6899999999999,583.3699999999999,583.3899999999999,544
2026-04-06T17:05:00+00:00,583.3899999999999,584.3999999999999,582.9799999999999,583.9199999999998,594
2026-04-06T17:10:00+00:00,583.9199999999998,583.9599999999999,582.1799999999998,582.8099999999998,848
2026-04-06T17:15:00+00:00,582.8099999999998,583.2799999999999,582.2999999999998,583.2699999999999,783
2026-04-06T17:20:00+00:00,583.2699999999999,583.8499999999999,582.5199999999999,583.8499999999999,496
2026-04-06T17:25:00+00:00,583.8499999999999,584.0299999999999,583.4799999999999,583.9799999999999,482
2026-04-06T17:30:00+00:00,583.9799999999999,584.5999999999999,583.7599999999999,584.0299999999999,605
2026-04-06T17:35:00+00:00,584.0299999999999,584.2499999999999,583.6199999999999,583.7699999999999,693
2026-04-06T17:40:00+00:00,583.7699999999999,583.9399999999999,583.3499999999999,583.6199999999999,432
2026-04-06T17:45:00+00:00,583.6199999999999,583.7299999999999,582.9799999999999,583.3799999999999,530
2026-04-06T17:50:00+00:00,583.3799999999999,583.4499999999999,582.6899999999999,582.8399999999999,466
2026-04-06T17:55:00+00:00,582.8399999999999,582.9999999999999,582.4899999999999,582.5399999999998,415
2026-04-06T18:00:00+00:00,582.5399999999998,582.7199999999999,581.9999999999999,582.2999999999998,634
2026-04-06T18:05:00+00:00,582.2999999999998,583.4099999999999,582.0999999999999,583.3599999999999,485
2026-04-06T18:10:00+00:00,583.3599999999999,584.4499999999999,583.3599999999999,584.1599999999999,793
2026-04-06T18:15:00+00:00,584.1599999999999,585.2499999999999,583.9599999999999,585.1199999999999,789
2026-04-06T18:20:00+00:00,585.1199999999999,585.5699999999999,584.5099999999999,585.4999999999999,726
2026-04-06T18:25:00+00:00,585.4999999999999,585.5099999999999,584.7599999999999,584.9999999999999,636
2026-04-06T18:30:00+00:00,584.9999999999999,585.4699999999999,584.7799999999999,584.8399999999999,705
2026-04-06T18:35:00+00:00,584.8399999999999,585.2699999999999,584.6299999999999,584.6499999999999,452
2026-04-06T18:40:00+00:00,584.6499999999999,584.7599999999999,584.3399999999999,584.4199999999998,600
2026-04-06T18:45:00+00:00,584.4199999999998,584.6999999999999,584.1799999999998,584.4699999999999,406
2026-04-06T18:50:00+00:00,584.4699999999999,584.5599999999998,584.1899999999999,584.3499999999999,430
2026-04-06T18:55:00+00:00,584.3499999999999,584.5899999999999,584.2299999999999,584.3899999999999,279
2026-04-06T19:00:00+00:00,584.3899999999999,584.6899999999999,584.2299999999999,584.6399999999999,385
2026-04-06T19:05:00+00:00,584.6399999999999,584.8199999999999,584.2299999999999,584.2299999999999,440
2026-04-06T19:10:00+00:00,584.2299999999999,584.5999999999999,583.7799999999999,584.5999999999999,385
2026-04-06T19:15:00+00:00,584.5999999999999,584.6399999999999,583.9799999999999,584.1199999999999,255
2026-04-06T19:20:00+00:00,584.1199999999999,584.5699999999999,584.0999999999999,584.2799999999999,302
2026-04-06T19:25:00+00:00,584.2799999999999,584.2799999999999,583.5399999999998,583.6899999999999,259
2026-04-06T19:30:00+00:00,583.6899999999999,584.0199999999999,583.2099999999999,583.3299999999999,427
2026-04-06T19:35:00+00:00,583.3299999999999,583.4399999999999,581.7799999999999,581.9999999999999,369
2026-04-06T19:40:00+00:00,581.9999999999999,582.1399999999999,580.8799999999999,580.8999999999999,469
2026-04-06T19:45:00+00:00,580.8999999999999,582.0599999999998,580.8799999999999,581.8699999999999,452
2026-04-06T19:50:00+00:00,581.8699999999999,581.8699999999999,579.6999999999999,580.0699999999999,435
2026-04-06T19:55:00+00:00,580.0699999999999,580.4799999999999,578.9799999999999,580.4799999999999,917
2026-04-07T13:30:00+00:00,580.4799999999999,580.4799999999999,575.2599999999999,576.0099999999999,625
2026-04-07T13:35:00+00:00,576.0099999999999,578.6699999999998,575.4799999999999,577.1899999999999,654
2026-04-07T13:40:00+00:00,577.1899999999999,579.0399999999998,576.7299999999999,577.8699999999999,662
2026-04-07T13:45:00+00:00,577.8699999999999,577.8699999999999,576.2799999999999,577.4799999999999,543
2026-04-07T13:50:00+00:00,577.4799999999999,577.4799999999999,576.3799999999999,577.3099999999998,597
2026-04-07T13:55:00+00:00,577.3099999999998,577.4899999999999,575.9399999999999,575.9699999999999,575
2026-04-07T14:00:00+00:00,575.9699999999999,576.1699999999998,574.2299999999999,574.2399999999999,595
2026-04-07T14:05:00+00:00,574.2399999999999,574.3599999999999,572.5399999999998,573.5599999999998,756
2026-04-07T14:10:00+00:00,573.5599999999998,575.1399999999999,573.5599999999998,574.9899999999999,678
2026-04-07T14:15:00+00:00,574.9899999999999,575.6799999999998,574.3599999999999,575.2499999999999,599
2026-04-07T14:20:00+00:00,575.2499999999999,576.6799999999998,575.0699999999999,576.2099999999999,609
2026-04-07T14:25:00+00:00,576.2099999999999,576.9899999999999,575.4799999999999,576.7999999999998,518
2026-04-07T14:30:00+00:00,576.7999999999998,577.1599999999999,575.7499999999999,576.2599999999999,792
2026-04-07T14:35:00+00:00,576.2599999999999,576.4899999999999,574.8699999999999,575.1299999999999,614
2026-04-07T14:40:00+00:00,575.1299999999999,575.2999999999998,574.1099999999999,574.1099999999999,634
2026-04-07T14:45:00+00:00,574.1099999999999,575.6899999999999,574.1099999999999,574.4199999999998,593
2026-04-07T14:50:00+00:00,574.4199999999998,574.4299999999998,573.3299999999999,573.5399999999998,629
2026-04-07T14:55:00+00:00,573.5399999999998,574.1899999999999,573.3399999999999,573.3999999999999,624
2026-04-07T15:00:00+00:00,573.3999999999999,573.3999999999999,572.3999999999999,572.4999999999999,780
2026-04-07T15:05:00+00:00,572.4999999999999,572.5999999999999,571.7399999999999,571.8799999999999,782
2026-04-07T15:10:00+00:00,571.8799999999999,573.2099999999999,571.8699999999999,573.1299999999999,595
2026-04-07T15:15:00+00:00,573.1299999999999,575.0999999999999,572.9499999999999,574.5799999999999,801
2026-04-07T15:20:00+00:00,574.5799999999999,574.8599999999999,573.4899999999999,573.5299999999999,490
2026-04-07T15:25:00+00:00,573.5299999999999,574.3599999999999,573.3099999999998,573.6199999999999,664
2026-04-07T15:30:00+00:00,573.6199999999999,573.9299999999998,573.0899999999999,573.3599999999999,516
2026-04-07T15:35:00+00:00,573.3599999999999,574.4199999999998,573.0799999999999,573.4399999999999,477
2026-04-07T15:40:00+00:00,573.4399999999999,573.5299999999999,573.0799999999999,573.0999999999999,469
2026-04-07T15:45:00+00:00,573.0999999999999,574.0799999999999,573.0999999999999,573.2699999999999,393
2026-04-07T15:50:00+00:00,573.2699999999999,573.4199999999998,572.7399999999999,573.3299999999999,475
2026-04-07T15:55:00+00:00,573.3299999999999,574.3399999999999,572.9599999999999,573.9999999999999,588
2026-04-07T16:00:00+00:00,573.9999999999999,577.0099999999999,573.8599999999999,575.0399999999998,972
2026-04-07T16:05:00+00:00,575.0399999999998,575.5799999999999,574.2299999999999,574.2399999999999,741
2026-04-07T16:10:00+00:00,574.2399999999999,575.0999999999999,574.1199999999999,574.8099999999998,550
2026-04-07T16:15:00+00:00,574.8099999999998,575.4599999999999,574.3599999999999,574.8399999999999,461
2026-04-07T16:20:00+00:00,574.8399999999999,576.0399999999998,574.5499999999998,575.2799999999999,594
2026-04-07T16:25:00+00:00,575.2799999999999,576.0599999999998,574.7799999999999,575.9099999999999,639
2026-04-07T16:30:00+00:00,575.9099999999999,576.3799999999999,575.6499999999999,576.1199999999999,488
2026-04-07T16:35:00+00:00,576.1199999999999,576.5299999999999,575.3999999999999,575.6299999999999,560
2026-04-07T16:40:00+00:00,575.6299999999999,576.9799999999999,575.6299999999999,576.1699999999998,422
2026-04-07T16:45:00+00:00,576.1699999999998,577.3299999999999,576.1699999999998,576.5999999999999,383
2026-04-07T16:50:00+00:00,576.5999999999999,577.1499999999999,576.1599999999999,576.1899999999999,406
2026-04-07T16:55:00+00:00,576.1899999999999,576.2499999999999,575.5499999999998,575.9299999999998,473
2026-04-07T17:00:00+00:00,575.9299999999998,576.6999999999999,575.5399999999998,575.9899999999999,536
2026-04-07T17:05:00+00:00,575.9899999999999,576.3999999999999,575.6599999999999,575.9399999999999,379
2026-04-07T17:10:00+00:00,575.9399999999999,576.1199999999999,575.5799999999999,575.5999999999999,377
2026-04-07T17:15:00+00:00,575.5999999999999,575.8799999999999,574.9999999999999,575.3899999999999,389
2026-04-07T17:20:00+00:00,575.3899999999999,575.4499999999999,574.7999999999998,574.8099999999998,337
2026-04-07T17:25:00+00:00,574.8099999999998,575.2199999999999,574.5499999999998,575.0699999999999,385
2026-04-07T17:30:00+00:00,575.0699999999999,576.5999999999999,575.0399999999998,576.4699999999999,510
2026-04-07T17:35:00+00:00,576.4699999999999,578.5599999999998,576.4499999999999,577.9999999999999,683
2026-04-07T17:40:00+00:00,577.9999999999999,578.0199999999999,576.5399999999998,576.6699999999998,546
2026-04-07T17:45:00+00:00,576.6699999999998,576.8899999999999,576.3099999999998,576.5099999999999,421
2026-04-07T17:50:00+00:00,576.5099999999999,577.3599999999999,576.3099999999998,577.0299999999999,426
2026-04-07T17:55:00+00:00,577.0299999999999,577.2699999999999,576.3399999999999,576.5599999999998,435
2026-04-07T18:00:00+00:00,576.5599999999998,576.7199999999999,576.1499999999999,576.3599999999999,404
2026-04-07T18:05:00+00:00,576.3599999999999,576.6599999999999,575.9899999999999,576.2299999999999,356
2026-04-07T18:10:00+00:00,576.2299999999999,576.4899999999999,575.9999999999999,576.3099999999998,312
2026-04-07T18:15:00+00:00,576.3099999999998,576.4899999999999,576.0499999999998,576.4299999999998,346
2026-04-07T18:20:00+00:00,576.4299999999998,576.5799999999999,575.4199999999998,575.4899999999999,349
2026-04-07T18:25:00+00:00,575.4899999999999,575.7799999999999,575.0999999999999,575.6899999999999,424
2026-04-07T18:30:00+00:00,575.6899999999999,575.7699999999999,575.2799999999999,575.2899999999998,327
2026-04-07T18:35:00+00:00,575.2899999999998,575.5399999999998,574.8599999999999,575.0699999999999,376
2026-04-07T18:40:00+00:00,575.0699999999999,575.0799999999999,574.3299999999999,574.7499999999999,392
2026-04-07T18:45:00+00:00,574.7499999999999,574.7999999999998,574.1299999999999,574.2699999999999,308
2026-04-07T18:50:00+00:00,574.2699999999999,574.4099999999999,573.7799999999999,573.7899999999998,425
2026-04-07T18:55:00+00:00,573.7899999999998,573.8099999999998,572.7499999999999,573.0099999999999,512
2026-04-07T19:00:00+00:00,573.0099999999999,573.5999999999999,572.5799999999999,573.2699999999999,486
2026-04-07T19:05:00+00:00,573.2699999999999,573.3699999999999,572.4499999999999,572.6899999999999,450
2026-04-07T19:10:00+00:00,572.6899999999999,573.8599999999999,572.6799999999998,573.7699999999999,552
2026-04-07T19:15:00+00:00,573.7699999999999,577.3999999999999,573.7399999999999,576.1299999999999,847
2026-04-07T19:20:00+00:00,576.1299999999999,578.1399999999999,575.6299999999999,576.1799999999998,1088
2026-04-07T19:25:00+00:00,576.1799999999998,576.4199999999998,575.6399999999999,575.9999999999999,762
2026-04-07T19:30:00+00:00,575.9999999999999,576.2999999999998,575.2599999999999,575.6099999999999,759
2026-04-07T19:35:00+00:00,575.6099999999999,575.7999999999998,575.1799999999998,575.4499999999999,539
2026-04-07T19:40:00+00:00,575.4499999999999,576.8699999999999,575.4499999999999,576.4799999999999,731
2026-04-07T19:45:00+00:00,576.4799999999999,578.8399999999999,575.7999999999998,577.1099999999999,1660
2026-04-07T19:50:00+00:00,577.1099999999999,579.2199999999999,576.9899999999999,578.6199999999999,879
2026-04-07T19:55:00+00:00,578.6199999999999,582.3799999999999,578.6199999999999,581.7699999999999,903
2026-04-08T13:30:00+00:00,581.7699999999999,615.4199999999998,581.7699999999999,609.9999999999999,1405
2026-04-08T13:35:00+00:00,609.9999999999999,611.9299999999998,609.0099999999999,610.1799999999998,1335
2026-04-08T13:40:00+00:00,610.1799999999998,610.8099999999998,607.3699999999999,607.3799999999999,1309
2026-04-08T13:45:00+00:00,607.3799999999999,610.0299999999999,606.9899999999999,609.5099999999999,1213
2026-04-08T13:50:00+00:00,609.5099999999999,609.5099999999999,606.2899999999998,606.5799999999999,1291
2026-04-08T13:55:00+00:00,606.5799999999999,607.9299999999998,606.1099999999999,606.9799999999999,1323
2026-04-08T14:00:00+00:00,606.9799999999999,607.2499999999999,604.2299999999999,604.2499999999999,1161
2026-04-08T14:05:00+00:00,604.2499999999999,605.1599999999999,603.1099999999999,604.5499999999998,1048
2026-04-08T14:10:00+00:00,604.5499999999998,604.9199999999998,603.9799999999999,604.2799999999999,848
2026-04-08T14:15:00+00:00,604.2799999999999,604.7199999999999,603.7499999999999,604.4699999999999,947
2026-04-08T14:20:00+00:00,604.4699999999999,604.9999999999999,603.6699999999998,604.8899999999999,780
2026-04-08T14:25:00+00:00,604.8899999999999,604.9799999999999,603.1199999999999,603.1599999999999,804
2026-04-08T14:30:00+00:00,603.1599999999999,605.4899999999999,603.1499999999999,605.3599999999999,1190
2026-04-08T14:35:00+00:00,605.3599999999999,605.5299999999999,603.3199999999999,603.3499999999999,1008
2026-04-08T14:40:00+00:00,603.3499999999999,604.1799999999998,602.2999999999998,602.2999999999998,1077
2026-04-08T14:45:00+00:00,602.2999999999998,603.5499999999998,602.2999999999998,603.0099999999999,990
2026-04-08T14:50:00+00:00,603.0099999999999,603.1499999999999,601.1399999999999,601.3899999999999,844
2026-04-08T14:55:00+00:00,601.3899999999999,601.3899999999999,599.6299999999999,600.7499999999999,1176.2928870292887
2026-04-08T15:00:00+00:00,600.7499999999999,601.2899999999998,599.9799999999999,600.7799999999999,1074
2026-04-08T15:05:00+00:00,600.7799999999999,601.2599999999999,599.9899999999999,600.0799999999999,905
2026-04-08T15:10:00+00:00,600.0799999999999,601.1999999999999,599.6799999999998,600.6799999999998,863
2026-04-08T15:15:00+00:00,600.6799999999998,601.2299999999999,600.1399999999999,601.1399999999999,676
2026-04-08T15:20:00+00:00,601.1399999999999,601.4099999999999,599.6499999999999,599.6899999999999,743
2026-04-08T15:25:00+00:00,599.6899999999999,600.6199999999999,599.4299999999998,600.0399999999998,736
2026-04-08T15:30:00+00:00,600.0399999999998,600.5199999999999,598.6799999999998,599.0799999999999,947
2026-04-08T15:35:00+00:00,599.0799999999999,600.2699999999999,598.7699999999999,599.9099999999999,773
2026-04-08T15:40:00+00:00,599.9099999999999,601.4099999999999,599.3399999999999,601.3899999999999,537
2026-04-08T15:45:00+00:00,601.3899999999999,603.6199999999999,601.3499999999999,603.2699999999999,773
2026-04-08T15:50:00+00:00,603.2699999999999,603.9199999999998,602.1299999999999,603.4999999999999,723
2026-04-08T15:55:00+00:00,603.4999999999999,604.4099999999999,603.0799999999999,603.6799999999998,576
2026-04-08T16:00:00+00:00,603.6799999999998,609.9999999999999,603.6799999999998,606.3399999999999,1360
2026-04-08T16:05:00+00:00,606.3399999999999,606.9799999999999,605.3799999999999,606.8199999999999,634
2026-04-08T16:10:00+00:00,606.8199999999999,616.7699999999999,606.0099999999999,615.9799999999999,1121
2026-04-08T16:15:00+00:00,615.9799999999999,621.5599999999998,615.7899999999998,619.6599999999999,1393
2026-04-08T16:20:00+00:00,619.6599999999999,625.8199999999999,619.6599999999999,625.1999999999999,1364
2026-04-08T16:25:00+00:00,625.1999999999999,629.5799999999999,625.1999999999999,627.9299999999998,1358
2026-04-08T16:30:00+00:00,627.9299999999998,630.5999999999999,625.7499999999999,627.2999999999998,1138
2026-04-08T16:35:00+00:00,627.2999999999998,632.2499999999999,626.0299999999999,631.2799999999999,1028
2026-04-08T16:40:00+00:00,631.2799999999999,632.4099999999999,630.1799999999998,630.5799999999999,994
2026-04-08T16:45:00+00:00,630.5799999999999,634.4699999999999,630.1799999999998,633.0099999999999,1067
2026-04-08T16:50:00+00:00,633.0099999999999,634.9699999999999,633.0099999999999,634.5599999999998,992
2026-04-08T16:55:00+00:00,634.5599999999998,636.7299999999999,634.1799999999998,634.5299999999999,996
2026-04-08T17:00:00+00:00,634.5299999999999,636.2299999999999,633.8299999999999,634.1699999999998,892
2026-04-08T17:05:00+00:00,634.1699999999998,634.3899999999999,632.2299999999999,632.2399999999999,878
2026-04-08T17:10:00+00:00,632.2399999999999,632.2599999999999,629.7399999999999,629.7999999999998,853
2026-04-08T17:15:00+00:00,629.7999999999998,630.1899999999999,628.1099999999999,629.0399999999998,775
2026-04-08T17:20:00+00:00,629.0399999999998,630.5699999999999,628.6299999999999,629.5199999999999,648
2026-04-08T17:25:00+00:00,629.5199999999999,631.4699999999999,629.2399999999999,629.2599999999999,675
2026-04-08T17:30:00+00:00,629.2599999999999,632.0099999999999,629.2399999999999,631.3299999999999,739
2026-04-08T17:35:00+00:00,631.3299999999999,631.5599999999998,627.4899999999999,629.5199999999999,710
2026-04-08T17:40:00+00:00,629.5199999999999,629.5999999999999,627.1999999999999,627.5199999999999,604
2026-04-08T17:45:00+00:00,627.5199999999999,627.6199999999999,626.4899999999999,626.5899999999999,583
2026-04-08T17:50:00+00:00,626.5899999999999,626.6499999999999,624.7299999999999,625.1799999999998,639
2026-04-08T17:55:00+00:00,625.1799999999998,626.2999999999998,624.9199999999998,625.4999999999999,458
2026-04-08T18:00:00+00:00,625.4999999999999,626.2199999999999,624.7799999999999,626.2199999999999,549
2026-04-08T18:05:00+00:00,626.2199999999999,626.6899999999999,625.4099999999999,625.8999999999999,494
2026-04-08T18:10:00+00:00,625.8999999999999,626.4299999999998,625.2799999999999,625.3899999999999,488
2026-04-08T18:15:00+00:00,625.3899999999999,626.9699999999999,623.4799999999999,623.9199999999998,797
2026-04-08T18:20:00+00:00,623.9199999999998,624.5599999999998,623.3799999999999,624.1199999999999,707
2026-04-08T18:25:00+00:00,624.1199999999999,624.3799999999999,623.4799999999999,623.4799999999999,598
2026-04-08T18:30:00+00:00,623.4799999999999,623.7099999999999,622.4099999999999,622.4999999999999,570
2026-04-08T18:35:00+00:00,622.4999999999999,623.3099999999998,621.7799999999999,621.9099999999999,447
2026-04-08T18:40:00+00:00,621.9099999999999,622.2899999999998,621.2899999999998,621.4099999999999,519
2026-04-08T18:45:00+00:00,621.4099999999999,622.4399999999999,620.8199999999999,621.0399999999998,475
2026-04-08T18:50:00+00:00,621.0399999999998,621.1799999999998,620.3599999999999,620.4899999999999,546
2026-04-08T18:55:00+00:00,620.4899999999999,620.4999999999999,618.1599999999999,618.1899999999999,705
2026-04-08T19:00:00+00:00,618.1899999999999,619.2199999999999,618.0399999999998,619.1399999999999,690
2026-04-08T19:05:00+00:00,619.1399999999999,619.3199999999999,618.0299999999999,618.6499999999999,473
2026-04-08T19:10:00+00:00,618.6499999999999,619.7699999999999,618.6299999999999,619.5699999999999,548
2026-04-08T19:15:00+00:00,619.5699999999999,619.8699999999999,617.6999999999999,617.8499999999999,566
2026-04-08T19:20:00+00:00,617.8499999999999,618.1399999999999,617.3399999999999,617.4799999999999,601
2026-04-08T19:25:00+00:00,617.4799999999999,617.9299999999998,616.8899999999999,617.0999999999999,482
2026-04-08T19:30:00+00:00,617.0999999999999,617.6099999999999,616.2899999999998,617.2399999999999,621
2026-04-08T19:35:00+00:00,617.2399999999999,618.5099999999999,617.1199999999999,618.5099999999999,599
2026-04-08T19:40:00+00:00,618.5099999999999,620.0799999999999,618.4499999999999,619.5399999999998,642
2026-04-08T19:45:00+00:00,619.5399999999998,620.1499999999999,619.1199999999999,619.8399999999999,584
2026-04-08T19:50:00+00:00,619.8399999999999,620.3999999999999,618.3899999999999,619.1199999999999,853
2026-04-08T19:55:00+00:00,619.1199999999999,619.9399999999999,617.4899999999999,619.6699999999998,1060
2026-04-09T13:30:00+00:00,619.6699999999998,638.0099999999999,619.6699999999998,631.7199999999999,1028
2026-04-09T13:35:00+00:00,631.7199999999999,633.9099999999999,629.9799999999999,633.0099999999999,984
2026-04-09T13:40:00+00:00,633.0099999999999,637.1799999999998,630.8799999999999,637.0999999999999,814
2026-04-09T13:45:00+00:00,637.0999999999999,639.4999999999999,634.1599999999999,638.9799999999999,1086
2026-04-09T13:50:00+00:00,638.9799999999999,638.9899999999999,633.4499999999999,634.6299999999999,1010
2026-04-09T13:55:00+00:00,634.6299999999999,634.8299999999999,631.4299999999998,632.2699999999999,699
2026-04-09T14:00:00+00:00,632.2699999999999,632.5899999999999,630.1399999999999,631.4999999999999,752
2026-04-09T14:05:00+00:00,631.4999999999999,632.3699999999999,630.6399999999999,631.0799999999999,583
2026-04-09T14:10:00+00:00,631.0799999999999,633.2299999999999,630.3099999999998,631.1899999999999,630
2026-04-09T14:15:00+00:00,631.1899999999999,633.4599999999999,631.1799999999998,631.7399999999999,649
2026-04-09T14:20:00+00:00,631.7399999999999,632.5599999999998,630.9299999999998,631.9199999999998,643
2026-04-09T14:25:00+00:00,631.9199999999998,632.6499999999999,630.4599999999999,632.0399999999998,669
2026-04-09T14:30:00+00:00,632.0399999999998,632.9499999999999,631.5099999999999,632.8299999999999,600
2026-04-09T14:35:00+00:00,632.8299999999999,633.1499999999999,632.1499999999999,632.7999999999998,512
2026-04-09T14:40:00+00:00,632.7999999999998,634.2299999999999,631.6899999999999,633.0199999999999,614
2026-04-09T14:45:00+00:00,633.0199999999999,635.8899999999999,632.8099999999998,635.5799999999999,657
2026-04-09T14:50:00+00:00,635.5799999999999,638.1499999999999,635.4699999999999,635.9999999999999,767
2026-04-09T14:55:00+00:00,635.9999999999999,637.7099999999999,635.9899999999999,637.6199999999999,564
2026-04-09T15:00:00+00:00,637.6199999999999,638.9299999999998,636.5299999999999,636.9499999999999,624
2026-04-09T15:05:00+00:00,636.9499999999999,637.9199999999998,635.2099999999999,635.9599999999999,534
2026-04-09T15:10:00+00:00,635.9599999999999,637.6999999999999,635.7899999999998,637.4899999999999,526
2026-04-09T15:15:00+00:00,637.4899999999999,638.8499999999999,637.4899999999999,638.0399999999998,571
2026-04-09T15:20:00+00:00,638.0399999999998,638.7599999999999,637.9799999999999,638.4799999999999,506
2026-04-09T15:25:00+00:00,638.4799999999999,638.5799999999999,636.4799999999999,636.4999999999999,555
2026-04-09T15:30:00+00:00,636.4999999999999,638.3399999999999,635.7999999999998,637.3699999999999,658
2026-04-09T15:35:00+00:00,637.3699999999999,638.5299999999999,636.4899999999999,637.7199999999999,729
2026-04-09T15:40:00+00:00,637.7199999999999,638.6599999999999,637.4699999999999,637.5199999999999,598
2026-04-09T15:45:00+00:00,637.5199999999999,638.8499999999999,636.9999999999999,638.2799999999999,736
2026-04-09T15:50:00+00:00,638.2799999999999,641.3399999999999,637.9899999999999,640.9999999999999,748
2026-04-09T15:55:00+00:00,640.9999999999999,642.0099999999999,640.5599999999998,640.9399999999999,782
2026-04-09T16:00:00+00:00,640.9399999999999,644.0999999999999,640.8999999999999,643.4499999999999,779
2026-04-09T16:05:00+00:00,643.4499999999999,644.3199999999999,642.9799999999999,643.4099999999999,691
2026-04-09T16:10:00+00:00,643.4099999999999,643.4599999999999,642.1899999999999,642.5799999999999,543
2026-04-09T16:15:00+00:00,642.5799999999999,643.4499999999999,641.9799999999999,642.0899999999999,519
2026-04-09T16:20:00+00:00,642.0899999999999,642.4599999999999,641.5999999999999,641.7799999999999,462
2026-04-09T16:25:00+00:00,641.7799999999999,642.2699999999999,641.0999999999999,641.8899999999999,520
2026-04-09T16:30:00+00:00,641.8899999999999,642.3599999999999,640.7099999999999,640.7399999999999,487
2026-04-09T16:35:00+00:00,640.7399999999999,640.7799999999999,639.5199999999999,639.7899999999998,443
2026-04-09T16:40:00+00:00,639.7899999999998,639.9599999999999,638.7799999999999,639.2199999999999,451
2026-04-09T16:45:00+00:00,639.2199999999999,639.2199999999999,638.3899999999999,639.1999999999999,541
2026-04-09T16:50:00+00:00,639.1999999999999,640.2799999999999,639.1099999999999,640.1399999999999,449
2026-04-09T16:55:00+00:00,640.1399999999999,640.1399999999999,639.0199999999999,639.9499999999999,452
2026-04-09T17:00:00+00:00,639.9499999999999,640.5199999999999,639.8299999999999,640.4299999999998,452
2026-04-09T17:05:00+00:00,640.4299999999998,640.4999999999999,639.3899999999999,639.6999999999999,439
2026-04-09T17:10:00+00:00,639.6999999999999,640.8399999999999,639.6599999999999,640.0999999999999,430
2026-04-09T17:15:00+00:00,640.0999999999999,640.4599999999999,639.7899999999998,640.2099999999999,418
2026-04-09T17:20:00+00:00,640.2099999999999,640.4499999999999,639.0999999999999,639.3299999999999,431
2026-04-09T17:25:00+00:00,639.3299999999999,639.3499999999999,637.9899999999999,638.0099999999999,543
2026-04-09T17:30:00+00:00,638.0099999999999,638.8699999999999,637.5099999999999,638.6599999999999,478
2026-04-09T17:35:00+00:00,638.6599999999999,639.6699999999998,638.4999999999999,639.4399999999999,440
2026-04-09T17:40:00+00:00,639.4399999999999,639.4799999999999,638.1399999999999,638.3099999999998,354
2026-04-09T17:45:00+00:00,638.3099999999998,638.5099999999999,637.3199999999999,637.9599999999999,394
2026-04-09T17:50:00+00:00,637.9599999999999,638.0599999999998,637.2899999999998,637.9699999999999,452
2026-04-09T17:55:00+00:00,637.9699999999999,637.9899999999999,637.3599999999999,637.8799999999999,398
2026-04-09T18:00:00+00:00,637.8799999999999,638.0999999999999,635.5899999999999,635.6899999999999,712
2026-04-09T18:05:00+00:00,635.6899999999999,636.6199999999999,634.9899999999999,635.6199999999999,628
2026-04-09T18:10:00+00:00,635.6199999999999,635.7299999999999,634.4799999999999,634.9799999999999,585
2026-04-09T18:15:00+00:00,634.9799999999999,635.5199999999999,634.4899999999999,635.4099999999999,530
2026-04-09T18:20:00+00:00,635.4099999999999,635.6899999999999,634.4199999999998,634.4399999999999,584
2026-04-09T18:25:00+00:00,634.4399999999999,635.2999999999998,634.2799999999999,634.9299999999998,466
2026-04-09T18:30:00+00:00,634.9299999999998,635.3399999999999,634.4799999999999,634.8299999999999,459
2026-04-09T18:35:00+00:00,634.8299999999999,635.5299999999999,634.4799999999999,635.3399999999999,404
2026-04-09T18:40:00+00:00,635.3399999999999,635.4999999999999,634.6599999999999,634.9999999999999,407
2026-04-09T18:45:00+00:00,634.9999999999999,635.2499999999999,634.6499999999999,635.2499999999999,340
2026-04-09T18:50:00+00:00,635.2499999999999,635.4699999999999,634.1499999999999,634.3999999999999,493
2026-04-09T18:55:00+00:00,634.3999999999999,635.0999999999999,634.2999999999998,634.6799999999998,364
2026-04-09T19:00:00+00:00,634.6799999999998,635.6799999999998,634.3799999999999,635.6599999999999,385
2026-04-09T19:05:00+00:00,635.6599999999999,635.8299999999999,635.3799999999999,635.7099999999999,323
2026-04-09T19:10:00+00:00,635.7099999999999,636.6299999999999,635.7099999999999,635.9899999999999,365
2026-04-09T19:15:00+00:00,635.9899999999999,636.2299999999999,635.4299999999998,635.9599999999999,377
2026-04-09T19:20:00+00:00,635.9599999999999,636.3399999999999,635.6299999999999,636.1699999999998,483
2026-04-09T19:25:00+00:00,636.1699999999998,636.6099999999999,635.9799999999999,636.0999999999999,397
2026-04-09T19:30:00+00:00,636.0999999999999,636.8699999999999,636.0999999999999,636.5799999999999,413
2026-04-09T19:35:00+00:00,636.5799999999999,637.1399999999999,635.9799999999999,636.4199999999998,400
2026-04-09T19:40:00+00:00,636.4199999999998,636.5099999999999,635.5799999999999,636.2299999999999,487
2026-04-09T19:45:00+00:00,636.2299999999999,636.2699999999999,634.9799999999999,635.1099999999999,504
2026-04-09T19:50:00+00:00,635.1099999999999,636.1099999999999,634.9799999999999,635.8199999999999,645
2026-04-09T19:55:00+00:00,635.8199999999999,635.9899999999999,634.8299999999999,635.3499999999999,976
2026-04-10T13:30:00+00:00,635.3499999999999,644.0499999999998,635.3499999999999,643.0499999999998,841
2026-04-10T13:35:00+00:00,643.0499999999998,645.3999999999999,642.6499999999999,642.6599999999999,1048
2026-04-10T13:40:00+00:00,642.6599999999999,642.8499999999999,639.4999999999999,640.2699999999999,788
2026-04-10T13:45:00+00:00,640.2699999999999,642.0399999999998,638.9699999999999,639.0199999999999,753
2026-04-10T13:50:00+00:00,639.0199999999999,640.0899999999999,637.2699999999999,638.0099999999999,748
2026-04-10T13:55:00+00:00,638.0099999999999,638.9699999999999,636.6799999999998,638.7499999999999,704
2026-04-10T14:00:00+00:00,638.7499999999999,639.1799999999998,637.7799999999999,638.2299999999999,601
2026-04-10T14:05:00+00:00,638.2299999999999,638.5899999999999,635.9899999999999,637.2199999999999,694
2026-04-10T14:10:00+00:00,637.2199999999999,639.3199999999999,636.8599999999999,638.9999999999999,636
2026-04-10T14:15:00+00:00,638.9999999999999,641.4299999999998,638.9999999999999,641.3299999999999,662
2026-04-10T14:20:00+00:00,641.3299999999999,642.8999999999999,641.1599999999999,642.8999999999999,607
2026-04-10T14:25:00+00:00,642.8999999999999,643.7599999999999,641.9899999999999,642.1499999999999,696
2026-04-10T14:30:00+00:00,642.1499999999999,642.7799999999999,641.6799999999998,641.9899999999999,523
2026-04-10T14:35:00+00:00,641.9899999999999,642.3799999999999,640.6099999999999,640.7999999999998,548
2026-04-10T14:40:00+00:00,640.7999999999998,640.9999999999999,639.2499999999999,639.4899999999999,651
2026-04-10T14:45:00+00:00,639.4899999999999,639.6399999999999,638.3799999999999,638.4999999999999,702
2026-04-10T14:50:00+00:00,638.4999999999999,639.5499999999998,638.4999999999999,638.8199999999999,512
2026-04-10T14:55:00+00:00,638.8199999999999,639.2999999999998,638.3499999999999,638.8499999999999,448.93870789618995
2026-04-10T15:00:00+00:00,638.8499999999999,639.4299999999998,638.3699999999999,639.1699999999998,528
2026-04-10T15:05:00+00:00,639.1699999999998,639.5699999999998,637.7899999999998,638.0999999999999,618
2026-04-10T15:10:00+00:00,638.0999999999999,639.1499999999999,638.0799999999999,638.5599999999998,535
2026-04-10T15:15:00+00:00,638.5599999999998,639.1399999999999,638.0399999999998,638.0499999999998,558
2026-04-10T15:20:00+00:00,638.0499999999998,638.7199999999999,637.9899999999999,638.6199999999999,520
2026-04-10T15:25:00+00:00,638.6199999999999,638.6199999999999,637.2599999999999,637.2699999999999,630
2026-04-10T15:30:00+00:00,637.2699999999999,637.6699999999998,636.2099999999999,636.2599999999999,569
2026-04-10T15:35:00+00:00,636.2599999999999,636.6499999999999,634.2099999999999,634.2999999999998,749
2026-04-10T15:40:00+00:00,634.2999999999998,634.4799999999999,633.6899999999998,633.8999999999999,682
2026-04-10T15:45:00+00:00,633.8999999999999,634.5999999999999,633.6399999999999,634.0199999999999,548
2026-04-10T15:50:00+00:00,634.0199999999999,634.2799999999999,632.7999999999998,632.8099999999998,552
2026-04-10T15:55:00+00:00,632.8099999999998,632.9999999999999,632.3099999999998,632.9099999999999,634
2026-04-10T16:00:00+00:00,632.9099999999999,633.2199999999999,632.0999999999999,632.1099999999999,602
2026-04-10T16:05:00+00:00,632.1099999999999,632.5999999999999,631.8899999999999,632.1099999999999,744
2026-04-10T16:10:00+00:00,632.1099999999999,633.4199999999998,632.0999999999999,633.0899999999999,612
2026-04-10T16:15:00+00:00,633.0899999999999,635.5299999999999,632.7799999999999,635.1599999999999,657
2026-04-10T16:20:00+00:00,635.1599999999999,635.4199999999998,633.9999999999999,635.0699999999998,656
2026-04-10T16:25:00+00:00,635.0699999999998,635.2099999999999,634.6099999999999,634.6799999999998,367
2026-04-10T16:30:00+00:00,634.6799999999998,635.1299999999999,634.2399999999999,634.5599999999998,497
2026-04-10T16:35:00+00:00,634.5599999999998,634.5599999999998,633.6299999999999,634.0199999999999,422
2026-04-10T16:40:00+00:00,634.0199999999999,634.1599999999999,633.0399999999998,633.0599999999998,495
2026-04-10T16:45:00+00:00,633.0599999999998,634.1099999999999,632.8499999999999,633.8099999999998,497
2026-04-10T16:50:00+00:00,633.8099999999998,635.3299999999999,633.7499999999999,635.3199999999998,590
2026-04-10T16:55:00+00:00,635.3199999999998,635.4699999999999,634.7799999999999,634.9399999999998,416
2026-04-10T17:00:00+00:00,634.9399999999998,634.9799999999999,633.7899999999998,633.9899999999999,430
2026-04-10T17:05:00+00:00,633.9899999999999,634.2599999999999,633.3899999999999,634.0299999999999,456
2026-04-10T17:10:00+00:00,634.0299999999999,634.6999999999999,633.8099999999998,634.4599999999999,367
2026-04-10T17:15:00+00:00,634.4599999999999,634.7499999999999,633.8499999999999,634.7399999999999,373
2026-04-10T17:20:00+00:00,634.7399999999999,634.8599999999999,634.2199999999999,634.3599999999999,362
2026-04-10T17:25:00+00:00,634.3599999999999,634.8199999999998,633.7299999999999,633.7599999999999,381
2026-04-10T17:30:00+00:00,633.7599999999999,634.7099999999999,633.4499999999999,633.8399999999999,444
2026-04-10T17:35:00+00:00,633.8399999999999,634.8499999999999,633.6299999999999,634.5999999999999,473
2026-04-10T17:40:00+00:00,634.5999999999999,634.7999999999998,633.8099999999998,634.3599999999999,326
2026-04-10T17:45:00+00:00,634.3599999999999,634.5399999999998,634.0099999999999,634.1999999999999,372
2026-04-10T17:50:00+00:00,634.1999999999999,634.8399999999999,634.0999999999999,634.6699999999998,361
2026-04-10T17:55:00+00:00,634.6699999999998,634.8699999999999,634.1199999999999,634.1299999999999,334
2026-04-10T18:00:00+00:00,634.1299999999999,634.1699999999998,632.7999999999998,632.8099999999998,441
2026-04-10T18:05:00+00:00,632.8099999999998,633.0499999999998,632.1299999999999,632.4099999999999,479
2026-04-10T18:10:00+00:00,632.4099999999999,632.7699999999999,631.8899999999999,632.1399999999999,508
2026-04-10T18:15:00+00:00,632.1399999999999,632.6199999999999,631.9999999999999,632.3799999999999,371
2026-04-10T18:20:00+00:00,632.3799999999999,632.5699999999998,632.0899999999999,632.2599999999999,331
2026-04-10T18:25:00+00:00,632.2599999999999,632.3699999999999,631.9899999999999,631.9999999999999,306
2026-04-10T18:30:00+00:00,631.9999999999999,632.1399999999999,631.5899999999999,631.5899999999999,356
2026-04-10T18:35:00+00:00,631.5899999999999,632.2099999999999,631.5899999999999,631.7099999999999,441
2026-04-10T18:40:00+00:00,631.7099999999999,631.9799999999999,631.2899999999998,631.8399999999999,323
2026-04-10T18:45:00+00:00,631.8399999999999,631.9299999999998,631.3199999999998,631.5099999999999,355
2026-04-10T18:50:00+00:00,631.5099999999999,632.5299999999999,631.3199999999998,632.3899999999999,310
2026-04-10T18:55:00+00:00,632.3899999999999,632.6499999999999,632.0099999999999,632.4899999999999,329
2026-04-10T19:00:00+00:00,632.4899999999999,633.7199999999999,632.4899999999999,633.5499999999998,421
2026-04-10T19:05:00+00:00,633.5499999999998,634.2499999999999,633.5399999999998,633.8599999999999,412
2026-04-10T19:10:00+00:00,633.8599999999999,634.3799999999999,633.8499999999999,634.0999999999999,310
2026-04-10T19:15:00+00:00,634.0999999999999,635.5199999999999,634.0499999999998,635.4799999999999,451
2026-04-10T19:20:00+00:00,635.4799999999999,635.5699999999998,634.6999999999999,634.9999999999999,455
2026-04-10T19:25:00+00:00,634.9999999999999,635.1499999999999,634.2399999999999,634.4899999999999,494
2026-04-10T19:30:00+00:00,634.4899999999999,635.3399999999999,634.3899999999999,635.0099999999999,505
2026-04-10T19:35:00+00:00,635.0099999999999,635.1799999999998,634.4599999999999,634.5299999999999,386
2026-04-10T19:40:00+00:00,634.5299999999999,635.9199999999998,634.2399999999999,635.9199999999998,551
2026-04-10T19:45:00+00:00,635.9199999999998,636.4199999999998,635.4199999999998,635.7399999999999,559
2026-04-10T19:50:00+00:00,635.7399999999999,636.5099999999999,635.5699999999998,635.9999999999999,603
2026-04-10T19:55:00+00:00,635.9999999999999,636.9099999999999,635.4399999999998,636.3899999999999,684
2026-04-13T13:30:00+00:00,636.3899999999999,637.0599999999998,633.9999999999999,635.1899999999998,735
2026-04-13T13:35:00+00:00,635.1899999999998,635.4399999999998,634.0099999999999,634.8199999999998,551
2026-04-13T13:40:00+00:00,634.8199999999998,635.0099999999999,632.4899999999999,632.9599999999999,495
2026-04-13T13:45:00+00:00,632.9599999999999,636.0299999999999,631.0699999999998,636.0299999999999,628
2026-04-13T13:50:00+00:00,636.0299999999999,637.2499999999999,632.9899999999999,635.1499999999999,758
2026-04-13T13:55:00+00:00,635.1499999999999,637.0599999999998,634.4899999999999,636.7199999999999,579
2026-04-13T14:00:00+00:00,636.7199999999999,639.8099999999998,636.6799999999998,639.3999999999999,761
2026-04-13T14:05:00+00:00,639.3999999999999,640.5899999999999,636.4099999999999,636.4399999999998,667
2026-04-13T14:10:00+00:00,636.4399999999998,637.9899999999999,634.9999999999999,635.3499999999999,593
2026-04-13T14:15:00+00:00,635.3499999999999,635.5699999999998,633.0899999999999,633.1199999999999,546
2026-04-13T14:20:00+00:00,633.1199999999999,634.4199999999998,632.4199999999998,633.7099999999999,740
2026-04-13T14:25:00+00:00,633.7099999999999,634.8399999999999,633.0999999999999,633.5199999999999,607
2026-04-13T14:30:00+00:00,633.5199999999999,634.7799999999999,633.1399999999999,634.1999999999999,592
2026-04-13T14:35:00+00:00,634.1999999999999,634.2099999999999,632.7699999999999,633.4099999999999,485
2026-04-13T14:40:00+00:00,633.4099999999999,634.1799999999998,633.3899999999999,633.4099999999999,504
2026-04-13T14:45:00+00:00,633.4099999999999,633.6099999999999,632.6199999999999,632.6299999999999,411
2026-04-13T14:50:00+00:00,632.6299999999999,633.6899999999998,632.5399999999998,633.5099999999999,396
2026-04-13T14:55:00+00:00,633.5099999999999,634.7499999999999,633.1099999999999,634.5799999999999,489
2026-04-13T15:00:00+00:00,634.5799999999999,634.5999999999999,632.3199999999998,632.3699999999999,622
2026-04-13T15:05:00+00:00,632.3699999999999,633.2299999999999,632.0899999999999,633.1199999999999,450
2026-04-13T15:10:00+00:00,633.1199999999999,634.0599999999998,632.8999999999999,633.3499999999999,397
2026-04-13T15:15:00+00:00,633.3499999999999,633.6699999999998,632.8699999999999,632.9799999999999,389
2026-04-13T15:20:00+00:00,632.9799999999999,633.6799999999998,632.5799999999999,632.9499999999999,425
2026-04-13T15:25:00+00:00,632.9499999999999,633.0299999999999,632.4899999999999,632.8499999999999,470
2026-04-13T15:30:00+00:00,632.8499999999999,633.9799999999999,632.6699999999998,633.6899999999998,479
2026-04-13T15:35:00+00:00,633.6899999999998,635.5299999999999,633.6899999999998,635.4099999999999,505
2026-04-13T15:40:00+00:00,635.4099999999999,635.9699999999999,634.6599999999999,635.0299999999999,383
2026-04-13T15:45:00+00:00,635.0299999999999,635.0999999999999,634.2999999999998,634.5599999999998,319
2026-04-13T15:50:00+00:00,634.5599999999998,634.7099999999999,633.9299999999998,634.1699999999998,287
2026-04-13T15:55:00+00:00,634.1699999999998,634.7799999999999,633.9899999999999,634.2999999999998,367
2026-04-13T16:00:00+00:00,634.2999999999998,634.5699999999998,632.9899999999999,633.5399999999998,395
2026-04-13T16:05:00+00:00,633.5399999999998,635.1699999999998,633.4899999999999,634.1799999999998,480
2026-04-13T16:10:00+00:00,634.1799999999998,634.8399999999999,633.9899999999999,634.0099999999999,423
2026-04-13T16:15:00+00:00,634.0099999999999,634.7099999999999,633.6899999999998,634.1199999999999,349
2026-04-13T16:20:00+00:00,634.1199999999999,634.9499999999999,633.9999999999999,634.7099999999999,362
2026-04-13T16:25:00+00:00,634.7099999999999,636.3099999999998,634.7099999999999,636.1999999999999,506
2026-04-13T16:30:00+00:00,636.1999999999999,637.0399999999998,635.8899999999999,636.2199999999999,601
2026-04-13T16:35:00+00:00,636.2199999999999,637.7399999999999,636.1999999999999,636.3799999999999,497
2026-04-13T16:40:00+00:00,636.3799999999999,636.5799999999999,635.2099999999999,636.3199999999998,482
2026-04-13T16:45:00+00:00,636.3199999999998,637.0399999999998,635.7999999999998,636.7199999999999,546
2026-04-13T16:50:00+00:00,636.7199999999999,637.5999999999999,636.4399999999998,636.5799999999999,451
2026-04-13T16:55:00+00:00,636.5799999999999,637.0499999999998,636.0099999999999,636.8599999999999,335
2026-04-13T17:00:00+00:00,636.8599999999999,637.1899999999998,636.3899999999999,637.1599999999999,337
2026-04-13T17:05:00+00:00,637.1599999999999,637.4099999999999,636.8299999999999,636.9999999999999,370
2026-04-13T17:10:00+00:00,636.9999999999999,637.3399999999999,636.2499999999999,636.8799999999999,310
2026-04-13T17:15:00+00:00,636.8799999999999,637.1799999999998,636.6899999999998,636.7399999999999,302
2026-04-13T17:20:00+00:00,636.7399999999999,636.7899999999998,635.9999999999999,636.3799999999999,363
2026-04-13T17:25:00+00:00,636.3799999999999,636.9299999999998,636.1299999999999,636.8499999999999,330
2026-04-13T17:30:00+00:00,636.8499999999999,637.0699999999998,636.1999999999999,636.4499999999999,435
2026-04-13T17:35:00+00:00,636.4499999999999,636.8799999999999,636.0499999999998,636.6299999999999,373
2026-04-13T17:40:00+00:00,636.6299999999999,637.2099999999999,636.5999999999999,637.0099999999999,444
2026-04-13T17:45:00+00:00,637.0099999999999,637.0099999999999,636.3299999999999,636.9499999999999,334
2026-04-13T17:50:00+00:00,636.9499999999999,637.3999999999999,636.8499999999999,637.3799999999999,299
2026-04-13T17:55:00+00:00,637.3799999999999,637.4099999999999,636.7099999999999,637.2899999999998,311
2026-04-13T18:00:00+00:00,637.2899999999998,638.1699999999998,637.0999999999999,637.8799999999999,424
2026-04-13T18:05:00+00:00,637.8799999999999,638.3299999999999,637.4299999999998,638.0699999999998,382
2026-04-13T18:10:00+00:00,638.0699999999998,638.5699999999998,637.8899999999999,638.0399999999998,385
2026-04-13T18:15:00+00:00,638.0399999999998,638.0599999999998,637.3299999999999,637.8099999999998,415
2026-04-13T18:20:00+00:00,637.8099999999998,638.4799999999999,637.5099999999999,638.1299999999999,353
2026-04-13T18:25:00+00:00,638.1299999999999,638.3599999999999,638.0099999999999,638.1899999999998,263
2026-04-13T18:30:00+00:00,638.1899999999998,638.6599999999999,638.1799999999998,638.4799999999999,312
2026-04-13T18:35:00+00:00,638.4799999999999,638.8399999999999,638.2899999999998,638.2899999999998,340
2026-04-13T18:40:00+00:00,638.2899999999998,639.0399999999998,638.2899999999998,638.9699999999999,235
2026-04-13T18:45:00+00:00,638.9699999999999,639.4299999999998,638.8499999999999,639.0699999999998,411
2026-04-13T18:50:00+00:00,639.0699999999998,639.9199999999998,638.9999999999999,639.7599999999999,358
2026-04-13T18:55:00+00:00,639.7599999999999,640.0199999999999,639.4099999999999,639.5999999999999,335
2026-04-13T19:00:00+00:00,639.5999999999999,640.0099999999999,639.4799999999999,639.6799999999998,252
2026-04-13T19:05:00+00:00,639.6799999999998,640.0899999999999,639.4699999999999,639.7099999999999,329
2026-04-13T19:10:00+00:00,639.7099999999999,639.8299999999999,639.0199999999999,639.0699999999998,298
2026-04-13T19:15:00+00:00,639.0699999999998,639.3799999999999,638.9899999999999,639.2199999999999,257
2026-04-13T19:20:00+00:00,639.2199999999999,639.5999999999999,639.1299999999999,639.3299999999999,210
2026-04-13T19:25:00+00:00,639.3299999999999,639.3899999999999,638.8099999999998,639.1499999999999,320
2026-04-13T19:30:00+00:00,639.1499999999999,639.6999999999999,638.7099999999999,639.4199999999998,387
2026-04-13T19:35:00+00:00,639.4199999999998,640.3799999999999,639.4199999999998,640.2899999999998,268
2026-04-13T19:40:00+00:00,640.2899999999998,640.7599999999999,640.0099999999999,640.4099999999999,379
2026-04-13T19:45:00+00:00,640.4099999999999,640.9199999999998,640.0099999999999,640.8699999999999,384
2026-04-13T19:50:00+00:00,640.8699999999999,641.9299999999998,639.9999999999999,640.8499999999999,832
2026-04-13T19:55:00+00:00,640.8499999999999,641.9799999999999,640.4999999999999,641.4699999999999,956
2026-04-14T13:30:00+00:00,641.4699999999999,652.3699999999999,641.4699999999999,647.7599999999999,817
2026-04-14T13:35:00+00:00,647.7599999999999,653.9899999999999,647.7599999999999,653.1199999999999,897
2026-04-14T13:40:00+00:00,653.1199999999999,654.9799999999999,651.4999999999999,654.7599999999999,862
2026-04-14T13:45:00+00:00,654.7599999999999,657.8599999999999,654.6399999999999,657.8599999999999,1094
2026-04-14T13:50:00+00:00,657.8599999999999,659.4399999999998,656.5699999999998,658.0899999999999,1010
2026-04-14T13:55:00+00:00,658.0899999999999,658.0999999999999,655.7199999999999,655.9199999999998,659
2026-04-14T14:00:00+00:00,655.9199999999998,657.4899999999999,655.4499999999999,656.0099999999999,678
2026-04-14T14:05:00+00:00,656.0099999999999,657.1199999999999,655.5799999999999,656.3399999999999,540
2026-04-14T14:10:00+00:00,656.3399999999999,657.9699999999999,655.7899999999998,657.4099999999999,525
2026-04-14T14:15:00+00:00,657.4099999999999,658.5699999999998,656.6599999999999,656.6799999999998,547
2026-04-14T14:20:00+00:00,656.6799999999998,658.6499999999999,656.6699999999998,658.0899999999999,554
2026-04-14T14:25:00+00:00,658.0899999999999,660.9099999999999,657.1399999999999,660.5699999999998,646
2026-04-14T14:30:00+00:00,660.5699999999998,661.2199999999999,659.9899999999999,660.8899999999999,590
2026-04-14T14:35:00+00:00,660.8899999999999,663.1199999999999,660.4899999999999,662.1399999999999,715
2026-04-14T14:40:00+00:00,662.1399999999999,664.8299999999999,661.6299999999999,664.4099999999999,780
2026-04-14T14:45:00+00:00,664.4099999999999,664.5899999999999,662.4399999999998,663.6299999999999,574
2026-04-14T14:50:00+00:00,663.6299999999999,664.4999999999999,663.0999999999999,664.4999999999999,513
2026-04-14T14:55:00+00:00,664.4999999999999,665.4699999999999,663.5199999999999,664.7899999999998,523
2026-04-14T15:00:00+00:00,664.7899999999998,665.0399999999998,664.1099999999999,664.7799999999999,495
2026-04-14T15:05:00+00:00,664.7799999999999,664.8999999999999,663.0399999999998,663.2299999999999,628
2026-04-14T15:10:00+00:00,663.2299999999999,665.5399999999998,662.7499999999999,664.9299999999998,604
2026-04-14T15:15:00+00:00,664.9299999999998,666.2199999999999,664.7199999999999,666.0599999999998,521
2026-04-14T15:20:00+00:00,666.0599999999998,667.3899999999999,665.6899999999998,667.3399999999999,619
2026-04-14T15:25:00+00:00,667.3399999999999,668.3399999999999,667.1499999999999,667.1499999999999,546
2026-04-14T15:30:00+00:00,667.1499999999999,670.2699999999999,666.9999999999999,669.7499999999999,615
2026-04-14T15:35:00+00:00,669.7499999999999,670.7099999999999,669.7499999999999,670.3499999999999,528
2026-04-14T15:40:00+00:00,670.3499999999999,671.4699999999999,669.5599999999998,670.2999999999998,671
2026-04-14T15:45:00+00:00,670.2999999999998,670.9499999999999,669.6699999999998,670.2699999999999,537
2026-04-14T15:50:00+00:00,670.2699999999999,671.7999999999998,670.2699999999999,671.3599999999999,492
2026-04-14T15:55:00+00:00,671.3599999999999,671.4099999999999,670.3199999999998,670.3599999999999,550
2026-04-14T16:00:00+00:00,670.3599999999999,670.5299999999999,669.7499999999999,670.3199999999998,454
2026-04-14T16:05:00+00:00,670.3199999999998,670.7599999999999,669.8299999999999,670.5699999999998,399
2026-04-14T16:10:00+00:00,670.5699999999998,670.6799999999998,669.7599999999999,670.0099999999999,444
2026-04-14T16:15:00+00:00,670.0099999999999,670.6399999999999,669.1799999999998,670.3899999999999,476
2026-04-14T16:20:00+00:00,670.3899999999999,671.8699999999999,670.1999999999999,671.8199999999998,436
2026-04-14T16:25:00+00:00,671.8199999999998,672.5399999999998,671.7099999999999,671.9399999999998,452
2026-04-14T16:30:00+00:00,671.9399999999998,672.1899999999998,670.9899999999999,671.0199999999999,429
2026-04-14T16:35:00+00:00,671.0199999999999,671.2099999999999,670.3199999999998,670.7199999999999,413
2026-04-14T16:40:00+00:00,670.7199999999999,671.2399999999999,670.4899999999999,670.6699999999998,380
2026-04-14T16:45:00+00:00,670.6699999999998,671.3799999999999,670.5899999999999,670.8499999999999,380
2026-04-14T16:50:00+00:00,670.8499999999999,671.1999999999999,669.8599999999999,670.1999999999999,437
2026-04-14T16:55:00+00:00,670.1999999999999,670.3199999999998,668.8399999999999,669.0599999999998,397
2026-04-14T17:00:00+00:00,669.0599999999998,669.6899999999998,668.8899999999999,669.1999999999999,360
2026-04-14T17:05:00+00:00,669.1999999999999,669.5499999999998,668.5999999999999,668.8699999999999,300
2026-04-14T17:10:00+00:00,668.8699999999999,669.1999999999999,668.5899999999999,668.6099999999999,268
2026-04-14T17:15:00+00:00,668.6099999999999,669.5199999999999,668.3499999999999,669.1599999999999,298
2026-04-14T17:20:00+00:00,669.1599999999999,669.7699999999999,669.1499999999999,669.2999999999998,310
2026-04-14T17:25:00+00:00,669.2999999999998,669.4399999999998,668.7499999999999,668.7799999999999,311
2026-04-14T17:30:00+00:00,668.7799999999999,669.5299999999999,668.7799999999999,669.2999999999998,266
2026-04-14T17:35:00+00:00,669.2999999999998,669.5699999999998,669.1099999999999,669.2799999999999,270
2026-04-14T17:40:00+00:00,669.2799999999999,671.4299999999998,669.2699999999999,671.2699999999999,425
2026-04-14T17:45:00+00:00,671.2699999999999,672.1199999999999,671.0499999999998,672.0999999999999,359
2026-04-14T17:50:00+00:00,672.0999999999999,672.2799999999999,671.2199999999999,671.9599999999999,424
2026-04-14T17:55:00+00:00,671.9599999999999,673.1999999999999,671.7899999999998,672.5899999999999,465
2026-04-14T18:00:00+00:00,672.5899999999999,672.8499999999999,671.7699999999999,672.1999999999999,368
2026-04-14T18:05:00+00:00,672.1999999999999,672.1999999999999,670.1099999999999,670.8299999999999,403
2026-04-14T18:10:00+00:00,670.8299999999999,670.8299999999999,669.2499999999999,669.3599999999999,349
2026-04-14T18:15:00+00:00,669.3599999999999,669.5599999999998,668.3099999999998,668.6099999999999,423
2026-04-14T18:20:00+00:00,668.6099999999999,668.9299999999998,667.0799999999999,667.2399999999999,565
2026-04-14T18:25:00+00:00,667.2399999999999,667.5599999999998,666.8999999999999,667.0999999999999,499
2026-04-14T18:30:00+00:00,667.0999999999999,668.2299999999999,667.0499999999998,667.8599999999999,367
2026-04-14T18:35:00+00:00,667.8599999999999,668.3999999999999,667.6499999999999,668.2799999999999,431
2026-04-14T18:40:00+00:00,668.2799999999999,668.3199999999998,667.6499999999999,668.0999999999999,371
2026-04-14T18:45:00+00:00,668.0999999999999,668.1599999999999,667.1299999999999,667.3299999999999,363
2026-04-14T18:50:00+00:00,667.3299999999999,667.7499999999999,666.9899999999999,667.3799999999999,333
2026-04-14T18:55:00+00:00,667.3799999999999,667.9299999999998,667.3499999999999,667.8399999999999,255
2026-04-14T19:00:00+00:00,667.8399999999999,668.7799999999999,667.6299999999999,668.5299999999999,262
2026-04-14T19:05:00+00:00,668.5299999999999,669.3099999999998,668.3799999999999,668.9199999999998,265
2026-04-14T19:10:00+00:00,668.9199999999998,669.1499999999999,668.6999999999999,668.9199999999998,318
2026-04-14T19:15:00+00:00,668.9199999999998,669.2399999999999,668.4999999999999,668.6899999999998,336
2026-04-14T19:20:00+00:00,668.6899999999998,669.4999999999999,668.6399999999999,669.1299999999999,330
2026-04-14T19:25:00+00:00,669.1299999999999,669.1399999999999,668.1999999999999,668.3099999999998,343
2026-04-14T19:30:00+00:00,668.3099999999998,668.3899999999999,666.9899999999999,667.1699999999998,522
2026-04-14T19:35:00+00:00,667.1699999999998,668.4199999999998,666.5999999999999,668.2699999999999,474
2026-04-14T19:40:00+00:00,668.2699999999999,668.9799999999999,667.5499999999998,667.6299999999999,457
2026-04-14T19:45:00+00:00,667.6299999999999,668.4299999999998,667.5899999999999,668.0199999999999,485
2026-04-14T19:50:00+00:00,668.0199999999999,669.2299999999999,667.7899999999998,668.8999999999999,730
2026-04-14T19:55:00+00:00,668.8999999999999,669.7199999999999,668.4099999999999,669.2299999999999,1022
2026-04-15T13:30:00+00:00,669.2299999999999,677.7799999999999,669.2299999999999,675.1199999999999,1011
2026-04-15T13:35:00+00:00,675.1199999999999,675.2999999999998,672.9899999999999,674.3499999999999,800
2026-04-15T13:40:00+00:00,674.3499999999999,674.5199999999999,671.1599999999999,671.2799999999999,791
2026-04-15T13:45:00+00:00,671.2799999999999,674.6099999999999,671.1699999999998,674.1999999999999,828
2026-04-15T13:50:00+00:00,674.1999999999999,676.4499999999999,673.9999999999999,676.1199999999999,755
2026-04-15T13:55:00+00:00,676.1199999999999,678.4599999999999,675.8499999999999,678.4599999999999,722
2026-04-15T14:00:00+00:00,678.4599999999999,680.1399999999999,678.0099999999999,679.0799999999999,1052
2026-04-15T14:05:00+00:00,679.0799999999999,679.0799999999999,676.9899999999999,678.6199999999999,658
2026-04-15T14:10:00+00:00,678.6199999999999,679.9399999999998,678.3499999999999,679.1699999999998,595
2026-04-15T14:15:00+00:00,679.1699999999998,680.4599999999999,678.7499999999999,679.4999999999999,634
2026-04-15T14:20:00+00:00,679.4999999999999,681.0699999999998,679.0199999999999,680.9699999999999,638
2026-04-15T14:25:00+00:00,680.9699999999999,682.3299999999999,680.7199999999999,681.6699999999998,678
2026-04-15T14:30:00+00:00,681.6699999999998,682.2699999999999,681.1899999999998,681.3199999999998,696
2026-04-15T14:35:00+00:00,681.3199999999998,683.0899999999999,679.7799999999999,679.9199999999998,777
2026-04-15T14:40:00+00:00,679.9199999999998,680.4599999999999,679.4899999999999,680.1299999999999,547
2026-04-15T14:45:00+00:00,680.1299999999999,680.9999999999999,679.4899999999999,680.8099999999998,444
2026-04-15T14:50:00+00:00,680.8099999999998,681.4999999999999,680.7999999999998,680.9699999999999,498
2026-04-15T14:55:00+00:00,680.9699999999999,681.3399999999999,680.5999999999999,680.8299999999998,422.7872070930969
2026-04-15T15:00:00+00:00,680.8299999999998,681.6299999999998,680.1399999999998,680.3999999999997,590
2026-04-15T15:05:00+00:00,680.3999999999997,680.7399999999998,679.0399999999997,679.6699999999997,528
2026-04-15T15:10:00+00:00,679.6699999999997,680.0199999999998,679.2799999999997,679.5299999999997,558
2026-04-15T15:15:00+00:00,679.5299999999997,681.0499999999997,679.2899999999997,680.6799999999997,516
2026-04-15T15:20:00+00:00,680.6799999999997,680.8299999999998,680.1799999999997,680.5899999999998,502
2026-04-15T15:25:00+00:00,680.5899999999998,681.2899999999997,680.5199999999998,680.6099999999998,407
2026-04-15T15:30:00+00:00,680.6099999999998,680.6099999999998,679.5099999999998,680.0599999999997,445
2026-04-15T15:35:00+00:00,680.0599999999997,681.3699999999998,679.6699999999997,680.9899999999998,415
2026-04-15T15:40:00+00:00,680.9899999999998,681.7199999999998,680.6899999999998,681.2099999999998,446
2026-04-15T15:45:00+00:00,681.2099999999998,682.5199999999998,681.1999999999998,682.4899999999998,471
2026-04-15T15:50:00+00:00,682.4899999999998,682.9399999999998,681.8099999999997,681.9899999999998,420
2026-04-15T15:55:00+00:00,681.9899999999998,682.6899999999998,681.6899999999998,681.7999999999997,421
2026-04-15T16:00:00+00:00,681.7999999999997,682.4799999999998,681.3899999999998,682.2699999999998,405
2026-04-15T16:05:00+00:00,682.2699999999998,683.1599999999997,682.2499999999998,682.8899999999998,508
2026-04-15T16:10:00+00:00,682.8899999999998,683.7999999999997,682.6299999999998,683.7199999999998,390
2026-04-15T16:15:00+00:00,683.7199999999998,685.2099999999998,683.4599999999998,685.1499999999997,551
2026-04-15T16:20:00+00:00,685.1499999999997,685.4499999999998,684.4999999999998,684.6099999999998,504
2026-04-15T16:25:00+00:00,684.6099999999998,684.6099999999998,683.6199999999998,683.6199999999998,535
2026-04-15T16:30:00+00:00,683.6199999999998,683.7799999999997,681.9899999999998,682.1899999999998,580
2026-04-15T16:35:00+00:00,682.1899999999998,683.4499999999998,682.1899999999998,682.7099999999998,470
2026-04-15T16:40:00+00:00,682.7099999999998,682.7099999999998,680.2899999999997,680.2899999999997,802
2026-04-15T16:45:00+00:00,680.2899999999997,681.0999999999998,679.6399999999998,681.0999999999998,729
2026-04-15T16:50:00+00:00,681.0999999999998,681.4899999999998,680.1499999999997,680.4699999999998,554
2026-04-15T16:55:00+00:00,680.4699999999998,680.7999999999997,679.3799999999998,680.6499999999997,588
2026-04-15T17:00:00+00:00,680.6499999999997,680.9699999999998,679.8899999999998,680.9699999999998,303
2026-04-15T17:05:00+00:00,680.9699999999998,681.5899999999998,680.7899999999997,681.0799999999998,430
2026-04-15T17:10:00+00:00,681.0799999999998,681.2399999999998,680.3299999999998,680.6699999999997,343
2026-04-15T17:15:00+00:00,680.6699999999997,681.0299999999997,680.1899999999998,680.9299999999997,311
2026-04-15T17:20:00+00:00,680.9299999999997,680.9299999999997,680.3499999999998,680.6299999999998,332
2026-04-15T17:25:00+00:00,680.6299999999998,681.4799999999998,680.5599999999997,681.1099999999998,475
2026-04-15T17:30:00+00:00,681.1099999999998,681.5899999999998,680.9899999999998,681.0999999999998,353
2026-04-15T17:35:00+00:00,681.0999999999998,681.7999999999997,680.5999999999998,680.7399999999998,365
2026-04-15T17:40:00+00:00,680.7399999999998,680.7399999999998,679.4799999999998,679.6599999999997,437
2026-04-15T17:45:00+00:00,679.6599999999997,680.2399999999998,679.5699999999998,679.9799999999998,314
2026-04-15T17:50:00+00:00,679.9799999999998,680.1799999999997,679.5899999999998,679.6699999999997,300
2026-04-15T17:55:00+00:00,679.6699999999997,679.7599999999998,677.8299999999998,678.1599999999997,400
2026-04-15T18:00:00+00:00,678.1599999999997,679.8799999999998,677.9399999999998,679.1999999999998,536
2026-04-15T18:05:00+00:00,679.1999999999998,679.4899999999998,678.9299999999997,679.0699999999998,450
2026-04-15T18:10:00+00:00,679.0699999999998,680.4099999999997,679.0299999999997,680.2399999999998,409
2026-04-15T18:15:00+00:00,680.2399999999998,680.5999999999998,679.8299999999998,679.8999999999997,326
2026-04-15T18:20:00+00:00,679.8999999999997,680.0199999999998,679.2399999999998,679.6299999999998,337
2026-04-15T18:25:00+00:00,679.6299999999998,680.0299999999997,679.4899999999998,679.5899999999998,332
2026-04-15T18:30:00+00:00,679.5899999999998,680.7499999999998,679.5499999999997,680.6399999999998,402
2026-04-15T18:35:00+00:00,680.6399999999998,681.1499999999997,680.5899999999998,681.0099999999998,385
2026-04-15T18:40:00+00:00,681.0099999999998,681.2899999999997,680.6199999999998,681.1299999999998,311
2026-04-15T18:45:00+00:00,681.1299999999998,681.5699999999998,681.0799999999998,681.4599999999998,292
2026-04-15T18:50:00+00:00,681.4599999999998,681.9999999999998,681.1699999999997,681.6999999999998,433
2026-04-15T18:55:00+00:00,681.6999999999998,682.1099999999998,681.5899999999998,681.6099999999998,368
2026-04-15T19:00:00+00:00,681.6099999999998,681.6699999999997,680.5899999999998,680.9599999999998,376
2026-04-15T19:05:00+00:00,680.9599999999998,681.4099999999997,680.8799999999998,680.9899999999998,335
2026-04-15T19:10:00+00:00,680.9899999999998,681.1099999999998,679.4699999999998,679.4699999999998,410
2026-04-15T19:15:00+00:00,679.4699999999998,679.6699999999997,679.0499999999997,679.3499999999998,416
2026-04-15T19:20:00+00:00,679.3499999999998,679.7499999999998,679.0999999999998,679.4999999999998,386
2026-04-15T19:25:00+00:00,679.4999999999998,679.7099999999998,679.2499999999998,679.4999999999998,316
2026-04-15T19:30:00+00:00,679.4999999999998,679.8899999999998,679.2499999999998,679.8799999999998,367
2026-04-15T19:35:00+00:00,679.8799999999998,680.3599999999998,679.7099999999998,679.7199999999998,466
2026-04-15T19:40:00+00:00,679.7199999999998,680.4999999999998,679.7099999999998,680.0199999999998,471
2026-04-15T19:45:00+00:00,680.0199999999998,680.6899999999998,679.8799999999998,679.9999999999998,586
2026-04-15T19:50:00+00:00,679.9999999999998,681.0199999999998,678.5399999999997,678.7199999999998,747
2026-04-15T19:55:00+00:00,678.7199999999998,679.0299999999997,676.9899999999998,677.8399999999998,1287
2026-04-16T13:30:00+00:00,677.8399999999998,683.5599999999997,676.9899999999998,679.6999999999998,788
2026-04-16T13:35:00+00:00,679.6999999999998,682.4999999999998,678.9799999999998,679.2299999999998,788
2026-04-16T13:40:00+00:00,679.2299999999998,681.9999999999998,678.9999999999998,681.9999999999998,621
2026-04-16T13:45:00+00:00,681.9999999999998,682.2099999999998,679.9899999999998,681.0599999999997,705
2026-04-16T13:50:00+00:00,681.0599999999997,681.0599999999997,677.1799999999997,677.2999999999997,853
2026-04-16T13:55:00+00:00,677.2999999999997,677.6199999999998,675.7299999999998,676.8799999999998,841
2026-04-16T14:00:00+00:00,676.8799999999998,677.1799999999997,674.5099999999998,676.2099999999998,625
2026-04-16T14:05:00+00:00,676.2099999999998,679.0499999999997,675.7899999999997,678.6799999999997,668
2026-04-16T14:10:00+00:00,678.6799999999997,679.6799999999997,678.1499999999997,678.4999999999998,554
2026-04-16T14:15:00+00:00,678.4999999999998,678.6899999999998,677.0099999999998,677.2999999999997,528
2026-04-16T14:20:00+00:00,677.2999999999997,678.1099999999998,676.5099999999998,677.3799999999998,563
2026-04-16T14:25:00+00:00,677.3799999999998,677.3799999999998,676.7599999999998,677.0099999999998,462
2026-04-16T14:30:00+00:00,677.0099999999998,678.2599999999998,676.9799999999998,678.1599999999997,575
2026-04-16T14:35:00+00:00,678.1599999999997,679.1799999999997,677.5599999999997,678.5699999999998,608
2026-04-16T14:40:00+00:00,678.5699999999998,680.4199999999997,678.4899999999998,680.3399999999998,478
2026-04-16T14:45:00+00:00,680.3399999999998,680.9999999999998,680.0799999999998,680.3999999999997,520
2026-04-16T14:50:00+00:00,680.3999999999997,680.6299999999998,679.3999999999997,679.3999999999997,434
2026-04-16T14:55:00+00:00,679.3999999999997,679.5099999999998,678.5599999999997,678.8499999999998,365
2026-04-16T15:00:00+00:00,678.8499999999998,679.3199999999998,678.3499999999998,678.5299999999997,418
2026-04-16T15:05:00+00:00,678.5299999999997,680.0799999999998,677.9999999999998,679.9099999999997,404
2026-04-16T15:10:00+00:00,679.9099999999997,680.8999999999997,679.7799999999997,680.7799999999997,494
2026-04-16T15:15:00+00:00,680.7799999999997,681.4999999999998,680.6699999999997,680.7399999999998,554
2026-04-16T15:20:00+00:00,680.7399999999998,681.6599999999997,680.7399999999998,681.4499999999998,392
2026-04-16T15:25:00+00:00,681.4499999999998,682.1799999999997,680.0199999999998,680.0299999999997,429
2026-04-16T15:30:00+00:00,680.0299999999997,681.0799999999998,679.9399999999998,680.7199999999998,332
2026-04-16T15:35:00+00:00,680.7199999999998,682.4899999999998,680.5299999999997,681.5799999999998,557
2026-04-16T15:40:00+00:00,681.5799999999998,681.7699999999998,680.0999999999998,681.2999999999997,465
2026-04-16T15:45:00+00:00,681.2999999999997,681.6599999999997,680.8099999999997,680.9899999999998,362
2026-04-16T15:50:00+00:00,680.9899999999998,681.9799999999998,680.7099999999998,681.8299999999998,305
2026-04-16T15:55:00+00:00,681.8299999999998,682.9999999999998,681.7499999999998,682.9099999999997,348
2026-04-16T16:00:00+00:00,682.9099999999997,683.5699999999998,682.7299999999998,683.1599999999997,452
2026-04-16T16:05:00+00:00,683.1599999999997,683.2599999999998,682.6699999999997,682.6999999999998,324
2026-04-16T16:10:00+00:00,682.6999999999998,683.8699999999998,682.6999999999998,683.8299999999998,259
2026-04-16T16:15:00+00:00,683.8299999999998,684.3899999999998,683.7099999999998,684.1299999999998,341
2026-04-16T16:20:00+00:00,684.1299999999998,684.1499999999997,683.3399999999998,683.7299999999998,455
2026-04-16T16:25:00+00:00,683.7299999999998,684.2699999999998,682.7199999999998,682.7299999999998,393
2026-04-16T16:30:00+00:00,682.7299999999998,682.9999999999998,680.0899999999998,681.0899999999998,743
2026-04-16T16:35:00+00:00,681.0899999999998,682.3099999999997,681.0799999999998,682.2199999999998,379
2026-04-16T16:40:00+00:00,682.2199999999998,682.5699999999998,681.7199999999998,681.8099999999997,405
2026-04-16T16:45:00+00:00,681.8099999999997,682.6499999999997,681.7299999999998,682.5399999999997,421
2026-04-16T16:50:00+00:00,682.5399999999997,682.8599999999998,681.2399999999998,681.4699999999998,461
2026-04-16T16:55:00+00:00,681.4699999999998,681.7899999999997,681.0799999999998,681.1799999999997,492
2026-04-16T17:00:00+00:00,681.1799999999997,681.4899999999998,680.7299999999998,681.0799999999998,392
2026-04-16T17:05:00+00:00,681.0799999999998,681.4799999999998,680.5299999999997,681.4599999999998,497
2026-04-16T17:10:00+00:00,681.4599999999998,681.8899999999998,680.7799999999997,680.7799999999997,431
2026-04-16T17:15:00+00:00,680.7799999999997,681.2099999999998,680.5099999999998,680.5999999999998,435
2026-04-16T17:20:00+00:00,680.5999999999998,680.9699999999998,679.9799999999998,680.8899999999998,443
2026-04-16T17:25:00+00:00,680.8899999999998,681.4899999999998,680.6599999999997,681.4099999999997,348
2026-04-16T17:30:00+00:00,681.4099999999997,682.0999999999998,681.2799999999997,681.2999999999997,257
2026-04-16T17:35:00+00:00,681.2999999999997,682.3999999999997,680.9299999999997,682.3999999999997,259
2026-04-16T17:40:00+00:00,682.3999999999997,683.6199999999998,682.2499999999998,683.2599999999998,262
2026-04-16T17:45:00+00:00,683.2599999999998,683.9099999999997,682.8199999999998,683.7899999999997,281
2026-04-16T17:50:00+00:00,683.7899999999997,683.7999999999997,682.9999999999998,683.0199999999998,258
2026-04-16T17:55:00+00:00,683.0199999999998,683.0499999999997,681.0099999999998,681.4599999999998,611
2026-04-16T18:00:00+00:00,681.4599999999998,681.9699999999998,681.1599999999997,681.1999999999998,511
2026-04-16T18:05:00+00:00,681.1999999999998,681.6799999999997,680.3099999999997,680.7099999999998,471
2026-04-16T18:10:00+00:00,680.7099999999998,681.1399999999998,680.2899999999997,680.9999999999998,523
2026-04-16T18:15:00+00:00,680.9999999999998,681.2599999999998,680.2899999999997,680.4499999999998,514
2026-04-16T18:20:00+00:00,680.4499999999998,680.7099999999998,679.3699999999998,679.5199999999998,561
2026-04-16T18:25:00+00:00,679.5199999999998,679.8499999999998,678.7599999999998,679.5199999999998,542
2026-04-16T18:30:00+00:00,679.5199999999998,681.2199999999998,679.3599999999998,680.9599999999998,548
2026-04-16T18:35:00+00:00,680.9599999999998,681.6199999999998,680.7299999999998,681.3699999999998,352
2026-04-16T18:40:00+00:00,681.3699999999998,681.8299999999998,681.1999999999998,681.2899999999997,298
2026-04-16T18:45:00+00:00,681.2899999999997,681.8899999999998,681.0399999999997,681.3199999999998,309
2026-04-16T18:50:00+00:00,681.3199999999998,681.3699999999998,680.9599999999998,680.9699999999998,286
2026-04-16T18:55:00+00:00,680.9699999999998,681.3599999999998,680.4099999999997,681.2599999999998,348
2026-04-16T19:00:00+00:00,681.2599999999998,681.7199999999998,680.5499999999997,680.8899999999998,318
2026-04-16T19:05:00+00:00,680.8899999999998,681.0899999999998,679.9899999999998,680.3799999999998,389
2026-04-16T19:10:00+00:00,680.3799999999998,680.6299999999998,679.9999999999998,680.3399999999998,255
2026-04-16T19:15:00+00:00,680.3399999999998,681.0299999999997,679.9899999999998,680.7399999999998,246
2026-04-16T19:20:00+00:00,680.7399999999998,681.0199999999998,680.2299999999998,680.5899999999998,270
2026-04-16T19:25:00+00:00,680.5899999999998,680.7299999999998,680.1799999999997,680.2399999999998,242
2026-04-16T19:30:00+00:00,680.2399999999998,681.5499999999997,679.9899999999998,681.2999999999997,263
2026-04-16T19:35:00+00:00,681.2999999999997,682.2699999999998,681.2999999999997,682.1999999999998,273
2026-04-16T19:40:00+00:00,682.1999999999998,682.5699999999998,682.0199999999998,682.1999999999998,329
2026-04-16T19:45:00+00:00,682.1999999999998,682.6299999999998,681.7299999999998,682.2099999999998,318
2026-04-16T19:50:00+00:00,682.2099999999998,683.2899999999997,681.9799999999998,683.2299999999998,407
2026-04-16T19:55:00+00:00,683.2299999999998,684.3699999999998,682.8399999999998,683.6199999999998,944
2026-04-17T13:30:00+00:00,683.6199999999998,687.0099999999998,682.0899999999998,684.9799999999998,478
2026-04-17T13:35:00+00:00,684.9799999999998,687.3899999999998,683.4799999999998,687.0899999999998,552
2026-04-17T13:40:00+00:00,687.0899999999998,692.0499999999997,686.7199999999998,691.5099999999998,727
2026-04-17T13:45:00+00:00,691.5099999999998,693.9899999999998,690.3899999999998,692.9799999999998,724
2026-04-17T13:50:00+00:00,692.9799999999998,694.6599999999997,690.2499999999998,691.1499999999997,644
2026-04-17T13:55:00+00:00,691.1499999999997,691.7799999999997,690.2599999999998,691.5899999999998,410
2026-04-17T14:00:00+00:00,691.5899999999998,693.6299999999998,691.2799999999997,692.3899999999998,515
2026-04-17T14:05:00+00:00,692.3899999999998,692.3999999999997,690.7799999999997,691.0999999999998,416
2026-04-17T14:10:00+00:00,691.0999999999998,693.6199999999998,691.0999999999998,693.5999999999998,380
2026-04-17T14:15:00+00:00,693.5999999999998,694.1999999999998,691.6299999999998,691.6399999999998,433
2026-04-17T14:20:00+00:00,691.6399999999998,691.6999999999998,689.6099999999998,689.9499999999998,417
2026-04-17T14:25:00+00:00,689.9499999999998,689.9599999999998,689.1799999999997,689.3999999999997,452
2026-04-17T14:30:00+00:00,689.3999999999997,691.9299999999997,689.3999999999997,691.9299999999997,508
2026-04-17T14:35:00+00:00,691.9299999999997,693.1899999999998,691.0399999999997,693.0799999999998,514
2026-04-17T14:40:00+00:00,693.0799999999998,693.9899999999998,692.2399999999998,692.9999999999998,496
2026-04-17T14:45:00+00:00,692.9999999999998,693.4299999999997,692.4599999999998,692.4799999999998,564
2026-04-17T14:50:00+00:00,692.4799999999998,694.1599999999997,692.3599999999998,693.5199999999998,443
2026-04-17T14:55:00+00:00,693.5199999999998,694.6099999999998,692.6199999999998,693.1699999999997,396.15668202764977
2026-04-17T15:00:00+00:00,693.1699999999997,693.1699999999997,691.0499999999997,691.5499999999997,399
2026-04-17T15:05:00+00:00,691.5499999999997,692.0299999999997,690.5699999999998,690.5899999999998,335
2026-04-17T15:10:00+00:00,690.5899999999998,690.9799999999998,690.0699999999998,690.4499999999998,368
2026-04-17T15:15:00+00:00,690.4499999999998,690.9399999999998,688.8699999999998,689.0899999999998,411
2026-04-17T15:20:00+00:00,689.0899999999998,691.0199999999998,688.9799999999998,690.3099999999998,406
2026-04-17T15:25:00+00:00,690.3099999999998,690.6499999999997,689.9699999999998,690.6399999999998,320
2026-04-17T15:30:00+00:00,690.6399999999998,692.2499999999998,690.5699999999998,692.2499999999998,376
2026-04-17T15:35:00+00:00,692.2499999999998,692.3899999999998,691.0299999999997,691.3699999999998,332
2026-04-17T15:40:00+00:00,691.3699999999998,691.6599999999997,690.0399999999997,690.1899999999998,340
2026-04-17T15:45:00+00:00,690.1899999999998,690.8899999999998,689.7099999999998,690.5399999999997,353
2026-04-17T15:50:00+00:00,690.5399999999997,691.3899999999998,690.5199999999998,690.8899999999998,297
2026-04-17T15:55:00+00:00,690.8899999999998,691.0399999999997,689.9699999999998,690.1199999999998,305
2026-04-17T16:00:00+00:00,690.1199999999998,691.4799999999998,689.5699999999998,691.0399999999997,291
2026-04-17T16:05:00+00:00,691.0399999999997,691.9899999999998,690.8799999999998,691.0499999999997,298
2026-04-17T16:10:00+00:00,691.0499999999997,692.1499999999997,690.9699999999998,691.7599999999998,256
2026-04-17T16:15:00+00:00,691.7599999999998,692.1899999999998,690.4699999999998,690.7799999999997,286
2026-04-17T16:20:00+00:00,690.7799999999997,691.0699999999998,690.1699999999997,691.0299999999997,284
2026-04-17T16:25:00+00:00,691.0299999999997,691.3299999999998,690.9099999999997,691.2299999999998,192
2026-04-17T16:30:00+00:00,691.2299999999998,692.1499999999997,691.1599999999997,692.1499999999997,305
2026-04-17T16:35:00+00:00,692.1499999999997,693.0799999999998,692.0799999999998,692.5199999999998,425
2026-04-17T16:40:00+00:00,692.5199999999998,692.8499999999998,691.6299999999998,692.7499999999998,303
2026-04-17T16:45:00+00:00,692.7499999999998,693.2399999999998,692.6099999999998,692.7999999999997,244
2026-04-17T16:50:00+00:00,692.7999999999997,693.1999999999998,692.5499999999997,692.8699999999998,259
2026-04-17T16:55:00+00:00,692.8699999999998,693.4599999999998,692.8199999999998,692.9699999999998,222
2026-04-17T17:00:00+00:00,692.9699999999998,693.2999999999997,692.9199999999997,693.0399999999997,213
2026-04-17T17:05:00+00:00,693.0399999999997,693.1799999999998,691.2099999999998,691.9699999999998,375
2026-04-17T17:10:00+00:00,691.9699999999998,692.4499999999998,691.2199999999998,692.3299999999998,296
2026-04-17T17:15:00+00:00,692.3299999999998,692.5999999999998,691.4699999999998,691.6599999999997,331
2026-04-17T17:20:00+00:00,691.6599999999997,691.8699999999998,689.0499999999997,689.5399999999997,501
2026-04-17T17:25:00+00:00,689.5399999999997,690.4499999999998,689.0499999999997,690.1699999999997,377
2026-04-17T17:30:00+00:00,690.1699999999997,690.9999999999998,690.0199999999998,690.4599999999998,340
2026-04-17T17:35:00+00:00,690.4599999999998,691.9399999999998,690.0499999999997,691.5699999999998,323
2026-04-17T17:40:00+00:00,691.5699999999998,692.0399999999997,691.3199999999998,691.9899999999998,266
2026-04-17T17:45:00+00:00,691.9899999999998,692.9499999999998,691.8899999999998,692.4099999999997,403
2026-04-17T17:50:00+00:00,692.4099999999997,692.5699999999998,691.6999999999998,691.6999999999998,278
2026-04-17T17:55:00+00:00,691.6999999999998,692.1499999999997,690.5099999999998,691.2199999999998,264
2026-04-17T18:00:00+00:00,691.2199999999998,691.8099999999998,690.4699999999998,690.5899999999998,319
2026-04-17T18:05:00+00:00,690.5899999999998,690.6799999999998,689.9799999999998,689.9899999999998,380
2026-04-17T18:10:00+00:00,689.9899999999998,690.3299999999998,689.3999999999997,689.4999999999998,245
2026-04-17T18:15:00+00:00,689.4999999999998,690.1299999999998,689.4799999999998,689.5699999999998,316
2026-04-17T18:20:00+00:00,689.5699999999998,690.2099999999998,688.9999999999998,690.1099999999998,332
2026-04-17T18:25:00+00:00,690.1099999999998,691.0299999999997,689.9099999999997,690.0999999999998,295
2026-04-17T18:30:00+00:00,690.0999999999998,691.0199999999998,690.0999999999998,690.7799999999997,263
2026-04-17T18:35:00+00:00,690.7799999999997,691.8099999999998,690.7099999999998,691.6199999999998,345
2026-04-17T18:40:00+00:00,691.6199999999998,691.8899999999998,690.9499999999998,691.1199999999998,307
2026-04-17T18:45:00+00:00,691.1199999999998,691.4999999999998,691.0099999999998,691.1699999999997,271
2026-04-17T18:50:00+00:00,691.1699999999997,691.3199999999998,690.4699999999998,690.6999999999998,275
2026-04-17T18:55:00+00:00,690.6999999999998,691.4299999999998,690.6899999999998,690.9799999999998,299
2026-04-17T19:00:00+00:00,690.9799999999998,691.6499999999997,690.9699999999998,691.0299999999997,261
2026-04-17T19:05:00+00:00,691.0299999999997,691.5199999999998,690.5099999999998,690.7199999999998,307
2026-04-17T19:10:00+00:00,690.7199999999998,690.9699999999998,690.2199999999998,690.3999999999997,256
2026-04-17T19:15:00+00:00,690.3999999999997,691.3799999999998,690.3799999999998,691.1399999999998,244
2026-04-17T19:20:00+00:00,691.1399999999998,691.5799999999998,690.9699999999998,691.4999999999998,268
2026-04-17T19:25:00+00:00,691.4999999999998,691.8799999999998,690.9799999999998,691.2999999999997,411
2026-04-17T19:30:00+00:00,691.2999999999997,692.4099999999997,691.2999999999997,692.2599999999998,295
2026-04-17T19:35:00+00:00,692.2599999999998,692.6899999999998,691.9799999999998,692.4899999999998,327
2026-04-17T19:40:00+00:00,692.4899999999998,698.3399999999998,692.1999999999998,696.1299999999998,736
2026-04-17T19:45:00+00:00,696.1299999999998,696.4299999999998,694.9799999999998,696.3999999999997,607
2026-04-17T19:50:00+00:00,696.3999999999997,696.6099999999998,693.9799999999998,694.1799999999998,668
2026-04-17T19:55:00+00:00,694.1799999999998,696.2199999999998,694.1599999999997,695.8099999999998,758
2026-04-20T13:30:00+00:00,695.8099999999998,695.8099999999998,686.1899999999998,688.3499999999998,1223
2026-04-20T13:35:00+00:00,688.3499999999998,689.1399999999998,680.7799999999997,681.3199999999998,1261
2026-04-20T13:40:00+00:00,681.3199999999998,684.2799999999997,679.4999999999998,683.2399999999998,1061
2026-04-20T13:45:00+00:00,683.2399999999998,683.8299999999998,679.2299999999998,679.6499999999997,1224
2026-04-20T13:50:00+00:00,679.6499999999997,683.0599999999998,679.0199999999998,682.6499999999997,1342
2026-04-20T13:55:00+00:00,682.6499999999997,685.1199999999998,682.6399999999998,684.3999999999997,1136
2026-04-20T14:00:00+00:00,684.3999999999997,684.6499999999997,682.2599999999998,683.2199999999998,1147
2026-04-20T14:05:00+00:00,683.2199999999998,684.4699999999998,682.9699999999998,684.0299999999997,795
2026-04-20T14:10:00+00:00,684.0299999999997,684.5599999999998,682.9799999999998,683.5299999999997,810
2026-04-20T14:15:00+00:00,683.5299999999997,684.4999999999998,682.9699999999998,684.1799999999998,884
2026-04-20T14:20:00+00:00,684.1799999999998,684.8699999999998,683.2299999999998,684.7899999999997,861
2026-04-20T14:25:00+00:00,684.7899999999997,685.4699999999998,682.5699999999998,683.0199999999998,897
2026-04-20T14:30:00+00:00,683.0199999999998,683.3699999999998,682.2599999999998,683.0899999999998,866
2026-04-20T14:35:00+00:00,683.0899999999998,683.5299999999997,682.5899999999998,682.7799999999997,801
2026-04-20T14:40:00+00:00,682.7799999999997,682.7899999999997,679.4799999999998,680.2999999999997,1143
2026-04-20T14:45:00+00:00,680.2999999999997,680.6499999999997,679.1899999999998,680.4899999999998,862
2026-04-20T14:50:00+00:00,680.4899999999998,680.7799999999997,676.9699999999998,677.6299999999998,1519
2026-04-20T14:55:00+00:00,677.6299999999998,677.8199999999998,676.1899999999998,677.0499999999997,912
2026-04-20T15:00:00+00:00,677.0499999999997,677.8799999999998,675.4699999999998,675.7199999999998,1130
2026-04-20T15:05:00+00:00,675.7199999999998,676.7999999999997,674.9699999999998,676.4499999999998,972
2026-04-20T15:10:00+00:00,676.4499999999998,678.0299999999997,676.4199999999997,677.8799999999998,828
2026-04-20T15:15:00+00:00,677.8799999999998,678.9599999999998,676.9899999999998,678.6199999999998,798
2026-04-20T15:20:00+00:00,678.6199999999998,679.7299999999998,678.4099999999997,679.0399999999997,1138
2026-04-20T15:25:00+00:00,679.0399999999997,680.5099999999998,678.5899999999998,680.2499999999998,726
2026-04-20T15:30:00+00:00,680.2499999999998,680.2899999999997,679.0999999999998,679.3699999999998,797
2026-04-20T15:35:00+00:00,679.3699999999998,680.7299999999998,679.0999999999998,680.6199999999998,874
2026-04-20T15:40:00+00:00,680.6199999999998,681.5399999999997,679.9899999999998,680.3799999999998,674
2026-04-20T15:45:00+00:00,680.3799999999998,681.1099999999998,679.9699999999998,680.6199999999998,575
2026-04-20T15:50:00+00:00,680.6199999999998,680.7999999999997,678.7499999999998,678.8899999999998,633
2026-04-20T15:55:00+00:00,678.8899999999998,679.9299999999998,678.7799999999997,679.8099999999998,556
2026-04-20T16:00:00+00:00,679.8099999999998,680.0399999999997,678.9699999999998,679.2699999999998,576
2026-04-20T16:05:00+00:00,679.2699999999998,680.4799999999998,679.2499999999998,680.1599999999997,499
2026-04-20T16:10:00+00:00,680.1599999999997,680.8599999999998,680.1099999999998,680.5199999999998,425
2026-04-20T16:15:00+00:00,680.5199999999998,680.6999999999998,679.4699999999998,680.2699999999998,523
2026-04-20T16:20:00+00:00,680.2699999999998,680.6699999999997,679.5199999999998,679.9999999999998,473
2026-04-20T16:25:00+00:00,679.9999999999998,679.9999999999998,679.5199999999998,679.7499999999998,485
2026-04-20T16:30:00+00:00,679.7499999999998,680.3899999999998,679.7399999999998,680.1799999999998,406
2026-04-20T16:35:00+00:00,680.1799999999998,680.1899999999998,679.2799999999997,679.5699999999998,460
2026-04-20T16:40:00+00:00,679.5699999999998,680.2799999999997,679.2199999999998,679.9299999999998,512
2026-04-20T16:45:00+00:00,679.9299999999998,679.9399999999998,679.0999999999998,679.4699999999998,432
2026-04-20T16:50:00+00:00,679.4699999999998,679.4999999999998,678.8699999999998,678.8799999999998,341
2026-04-20T16:55:00+00:00,678.8799999999998,678.8999999999997,678.1799999999998,678.6799999999998,379
2026-04-20T17:00:00+00:00,678.6799999999998,679.0999999999998,678.1699999999997,678.4999999999998,575
2026-04-20T17:05:00+00:00,678.4999999999998,679.5599999999998,678.4299999999998,679.3199999999998,409
2026-04-20T17:10:00+00:00,679.3199999999998,679.7899999999997,678.8099999999998,679.6699999999997,337
2026-04-20T17:15:00+00:00,679.6699999999997,680.3699999999998,679.5399999999997,680.2999999999997,342
2026-04-20T17:20:00+00:00,680.2999999999997,680.5299999999997,679.7799999999997,679.8399999999998,338
2026-04-20T17:25:00+00:00,679.8399999999998,680.2199999999998,679.3499999999998,679.5799999999998,409
2026-04-20T17:30:00+00:00,679.5799999999998,679.6499999999997,678.6799999999998,678.7899999999997,442
2026-04-20T17:35:00+00:00,678.7899999999997,679.4299999999998,678.4999999999998,679.1799999999998,489
2026-04-20T17:40:00+00:00,679.1799999999998,679.6299999999998,679.1499999999997,679.2299999999998,375
2026-04-20T17:45:00+00:00,679.2299999999998,679.7399999999998,679.1899999999998,679.7399999999998,380
2026-04-20T17:50:00+00:00,679.7399999999998,679.8799999999998,679.3399999999998,679.4999999999998,228
2026-04-20T17:55:00+00:00,679.4999999999998,679.4999999999998,677.9799999999998,678.1199999999998,389
2026-04-20T18:00:00+00:00,678.1199999999998,678.8599999999998,677.7799999999997,678.6399999999998,407
2026-04-20T18:05:00+00:00,678.6399999999998,679.5899999999998,678.6399999999998,679.4899999999998,514
2026-04-20T18:10:00+00:00,679.4899999999998,679.5699999999998,678.9699999999998,679.2799999999997,385
2026-04-20T18:15:00+00:00,679.2799999999997,679.7399999999998,679.2499999999998,679.6999999999998,368
2026-04-20T18:20:00+00:00,679.6999999999998,680.0399999999997,679.3999999999997,679.9399999999998,326
2026-04-20T18:25:00+00:00,679.9399999999998,680.1199999999998,679.0699999999998,679.5199999999998,384
2026-04-20T18:30:00+00:00,679.5199999999998,679.8999999999997,678.9799999999998,679.3999999999997,465
2026-04-20T18:35:00+00:00,679.3999999999997,679.4299999999998,678.5699999999998,678.8599999999998,406
2026-04-20T18:40:00+00:00,678.8599999999998,679.3799999999998,678.5999999999998,678.6499999999997,277
2026-04-20T18:45:00+00:00,678.6499999999997,678.7599999999998,678.1999999999998,678.5999999999998,370
2026-04-20T18:50:00+00:00,678.5999999999998,679.0599999999998,678.5099999999998,678.7299999999998,299
2026-04-20T18:55:00+00:00,678.7299999999998,678.7599999999998,677.5599999999998,677.6999999999998,337
2026-04-20T19:00:00+00:00,677.6999999999998,677.8299999999998,677.1999999999998,677.5499999999997,372
2026-04-20T19:05:00+00:00,677.5499999999997,677.6899999999998,676.7899999999997,676.9999999999998,398
2026-04-20T19:10:00+00:00,676.9999999999998,677.7199999999998,676.7699999999998,677.5199999999998,364
2026-04-20T19:15:00+00:00,677.5199999999998,677.8699999999998,677.4199999999997,677.5499999999997,347
2026-04-20T19:20:00+00:00,677.5499999999997,678.2199999999998,677.5299999999997,678.1099999999998,389
2026-04-20T19:25:00+00:00,678.1099999999998,678.1999999999998,677.1699999999997,677.6299999999998,396
2026-04-20T19:30:00+00:00,677.6299999999998,678.9899999999998,677.4799999999998,678.8699999999998,450
2026-04-20T19:35:00+00:00,678.8699999999998,678.9899999999998,678.4199999999997,678.6599999999997,454
2026-04-20T19:40:00+00:00,678.6599999999997,678.9199999999997,678.1199999999998,678.1799999999998,450
2026-04-20T19:45:00+00:00,678.1799999999998,678.4899999999998,678.0699999999998,678.4099999999997,449
2026-04-20T19:50:00+00:00,678.4099999999997,678.4899999999998,677.2999999999997,677.6499999999997,755
2026-04-20T19:55:00+00:00,677.6499999999997,678.0999999999998,676.4299999999998,678.0699999999998,1237
2026-04-21T13:30:00+00:00,678.0699999999998,679.0399999999997,674.4899999999998,677.9899999999998,651
2026-04-21T13:35:00+00:00,677.9899999999998,680.2499999999998,677.5599999999998,677.5599999999998,617
2026-04-21T13:40:00+00:00,677.5599999999998,681.6399999999998,677.5499999999997,680.6599999999997,665
2026-04-21T13:45:00+00:00,680.6599999999997,681.7599999999998,679.3699999999998,679.9899999999998,482
2026-04-21T13:50:00+00:00,679.9899999999998,680.9699999999998,679.2199999999998,679.4699999999998,416
2026-04-21T13:55:00+00:00,679.4699999999998,681.3999999999997,679.1799999999998,681.2699999999998,412
2026-04-21T14:00:00+00:00,681.2699999999998,682.0799999999998,679.1799999999998,679.7499999999998,436
2026-04-21T14:05:00+00:00,679.7499999999998,682.1499999999997,679.6299999999998,681.9499999999998,442
2026-04-21T14:10:00+00:00,681.9499999999998,683.0299999999997,680.9099999999997,681.4599999999998,459
2026-04-21T14:15:00+00:00,681.4599999999998,682.4899999999998,680.8699999999998,680.8699999999998,381
2026-04-21T14:20:00+00:00,680.8699999999998,681.6399999999998,680.5399999999997,680.8799999999998,434
2026-04-21T14:25:00+00:00,680.8799999999998,681.9599999999998,680.6799999999998,681.7199999999998,414
2026-04-21T14:30:00+00:00,681.7199999999998,682.0799999999998,680.9699999999998,681.6399999999998,442
2026-04-21T14:35:00+00:00,681.6399999999998,682.2199999999998,681.1899999999998,681.2399999999998,444
2026-04-21T14:40:00+00:00,681.2399999999998,681.3599999999998,680.4699999999998,680.4999999999998,398
2026-04-21T14:45:00+00:00,680.4999999999998,680.5699999999998,679.0599999999998,679.5699999999998,517
2026-04-21T14:50:00+00:00,679.5699999999998,680.9899999999998,679.4799999999998,680.6699999999997,400
2026-04-21T14:55:00+00:00,680.6699999999997,680.7799999999997,678.5199999999998,678.9599999999998,589
2026-04-21T15:00:00+00:00,678.9599999999998,679.3099999999998,677.2699999999998,677.6399999999998,593
2026-04-21T15:05:00+00:00,677.6399999999998,679.2899999999997,676.9699999999998,679.0299999999997,615
2026-04-21T15:10:00+00:00,679.0299999999997,679.7199999999998,678.8499999999998,679.0699999999998,444
2026-04-21T15:15:00+00:00,679.0699999999998,680.1399999999998,678.8499999999998,679.8299999999998,440
2026-04-21T15:20:00+00:00,679.8299999999998,680.3399999999998,678.9899999999998,678.9899999999998,411
2026-04-21T15:25:00+00:00,678.9899999999998,679.2699999999998,678.0099999999998,679.2699999999998,439
2026-04-21T15:30:00+00:00,679.2699999999998,679.9799999999998,678.9899999999998,679.2999999999997,452
2026-04-21T15:35:00+00:00,679.2999999999997,679.2999999999997,677.8199999999998,678.6099999999998,426
2026-04-21T15:40:00+00:00,678.6099999999998,679.3399999999998,678.5899999999998,679.3299999999998,399
2026-04-21T15:45:00+00:00,679.3299999999998,679.3399999999998,678.2099999999998,678.4399999999998,353
2026-04-21T15:50:00+00:00,678.4399999999998,678.4399999999998,677.2699999999998,677.5999999999998,459
2026-04-21T15:55:00+00:00,677.5999999999998,678.5299999999997,677.3799999999998,678.0599999999998,385
2026-04-21T16:00:00+00:00,678.0599999999998,678.8499999999998,677.4999999999998,677.7999999999997,464
2026-04-21T16:05:00+00:00,677.7999999999997,678.0999999999998,677.4699999999998,677.9799999999998,325
2026-04-21T16:10:00+00:00,677.9799999999998,678.0999999999998,677.4699999999998,677.6499999999997,290
2026-04-21T16:15:00+00:00,677.6499999999997,679.1499999999997,677.6199999999998,678.7799999999997,340
2026-04-21T16:20:00+00:00,678.7799999999997,678.7899999999997,677.5699999999998,677.7299999999998,303
2026-04-21T16:25:00+00:00,677.7299999999998,677.8799999999998,677.0199999999998,677.3899999999998,289
2026-04-21T16:30:00+00:00,677.3899999999998,678.8099999999998,677.3899999999998,678.7299999999998,281
2026-04-21T16:35:00+00:00,678.7299999999998,679.0499999999997,678.1899999999998,678.7499999999998,313
2026-04-21T16:40:00+00:00,678.7499999999998,678.8499999999998,677.5699999999998,677.8599999999998,345
2026-04-21T16:45:00+00:00,677.8599999999998,678.8699999999998,677.7199999999998,678.7399999999998,315
2026-04-21T16:50:00+00:00,678.7399999999998,679.0499999999997,677.4899999999998,677.7499999999998,330
2026-04-21T16:55:00+00:00,677.7499999999998,677.9099999999997,676.9699999999998,677.0499999999997,414
2026-04-21T17:00:00+00:00,677.0499999999997,678.4699999999998,677.0199999999998,678.2399999999998,385
2026-04-21T17:05:00+00:00,678.2399999999998,678.2399999999998,676.4799999999998,677.6699999999997,546
2026-04-21T17:10:00+00:00,677.6699999999997,677.6699999999997,676.0699999999998,676.2499999999998,462
2026-04-21T17:15:00+00:00,676.2499999999998,676.5099999999998,675.5999999999998,675.6699999999997,442
2026-04-21T17:20:00+00:00,675.6699999999997,676.3999999999997,675.4799999999998,676.0699999999998,364
2026-04-21T17:25:00+00:00,676.0699999999998,676.8099999999998,675.4699999999998,676.0899999999998,388
2026-04-21T17:30:00+00:00,676.0899999999998,677.9499999999998,676.0799999999998,677.7199999999998,344
2026-04-21T17:35:00+00:00,677.7199999999998,679.4599999999998,677.3699999999998,677.9999999999998,401
2026-04-21T17:40:00+00:00,677.9999999999998,680.9299999999998,677.9799999999998,680.8699999999998,620
2026-04-21T17:45:00+00:00,680.8699999999998,680.9099999999997,679.1799999999998,680.1299999999998,295
2026-04-21T17:50:00+00:00,680.1299999999998,680.5699999999998,679.5999999999998,679.5999999999998,287
2026-04-21T17:55:00+00:00,679.5999999999998,679.7799999999997,678.9699999999998,679.5699999999998,317
2026-04-21T18:00:00+00:00,679.5699999999998,680.5099999999998,679.5699999999998,679.8399999999998,398
2026-04-21T18:05:00+00:00,679.8399999999998,680.1899999999998,679.3599999999998,679.7899999999997,235
2026-04-21T18:10:00+00:00,679.7899999999997,680.1999999999998,679.4999999999998,680.1999999999998,236
2026-04-21T18:15:00+00:00,680.1999999999998,680.3899999999998,677.9899999999998,678.1399999999998,415
2026-04-21T18:20:00+00:00,678.1399999999998,678.3899999999998,677.3199999999998,677.6499999999997,282
2026-04-21T18:25:00+00:00,677.6499999999997,678.0599999999998,677.4799999999998,677.7699999999998,243
2026-04-21T18:30:00+00:00,677.7699999999998,678.7299999999998,677.7699999999998,678.5199999999998,228
2026-04-21T18:35:00+00:00,678.5199999999998,678.5699999999998,677.7899999999997,677.8699999999998,246
2026-04-21T18:40:00+00:00,677.8699999999998,678.2499999999998,677.5099999999998,677.9699999999998,227
2026-04-21T18:45:00+00:00,677.9699999999998,678.3399999999998,677.4699999999998,677.4899999999998,271
2026-04-21T18:50:00+00:00,677.4899999999998,679.3799999999998,677.3699999999998,679.0299999999997,295
2026-04-21T18:55:00+00:00,679.0299999999997,679.7099999999998,677.7999999999997,679.2399999999998,433
2026-04-21T19:00:00+00:00,679.2399999999998,680.1099999999998,679.2399999999998,679.9899999999998,357
2026-04-21T19:05:00+00:00,679.9899999999998,680.4899999999998,679.6899999999998,679.6899999999998,237
2026-04-21T19:10:00+00:00,679.6899999999998,680.7099999999998,679.0199999999998,679.5799999999998,298
2026-04-21T19:15:00+00:00,679.5799999999998,679.9799999999998,679.0199999999998,679.7699999999998,352
2026-04-21T19:20:00+00:00,679.7699999999998,680.7499999999998,679.5999999999998,680.5699999999998,293
2026-04-21T19:25:00+00:00,680.5699999999998,681.0599999999998,680.3599999999998,680.8799999999998,324
2026-04-21T19:30:00+00:00,680.8799999999998,681.4899999999998,680.3599999999998,681.1799999999998,327
2026-04-21T19:35:00+00:00,681.1799999999998,681.2499999999998,678.9699999999998,679.3699999999998,479
2026-04-21T19:40:00+00:00,679.3699999999998,679.7299999999998,674.2999999999997,674.6699999999997,769
2026-04-21T19:45:00+00:00,674.6699999999997,676.6099999999998,674.6699999999997,675.8999999999997,677
2026-04-21T19:50:00+00:00,675.8999999999997,676.9099999999997,675.3299999999998,675.3499999999998,709
2026-04-21T19:55:00+00:00,675.3499999999998,676.0799999999998,674.9699999999998,675.7599999999998,936
2026-04-22T13:30:00+00:00,675.7599999999998,682.2799999999997,675.7599999999998,677.2099999999998,1400
2026-04-22T13:35:00+00:00,677.2099999999998,680.3799999999998,676.6699999999997,678.7599999999998,1724
2026-04-22T13:40:00+00:00,678.7599999999998,680.6099999999998,678.4899999999998,679.9799999999998,1394
2026-04-22T13:45:00+00:00,679.9799999999998,680.7199999999998,678.6799999999998,679.1399999999998,1232
2026-04-22T13:50:00+00:00,679.1399999999998,680.4999999999998,678.6799999999998,680.3499999999998,1195
2026-04-22T13:55:00+00:00,680.3499999999998,681.0399999999997,679.4899999999998,679.6099999999998,1365
2026-04-22T14:00:00+00:00,679.6099999999998,681.2199999999998,678.6799999999998,680.6699999999997,1325
2026-04-22T14:05:00+00:00,680.6699999999997,681.5599999999998,680.0099999999998,680.8299999999998,1224
2026-04-22T14:10:00+00:00,680.8299999999998,681.4099999999997,679.9899999999998,680.4299999999998,1054
2026-04-22T14:15:00+00:00,680.4299999999998,681.4799999999998,680.1299999999998,681.1699999999997,1057
2026-04-22T14:20:00+00:00,681.1699999999997,681.7499999999998,680.0799999999998,681.5599999999998,941
2026-04-22T14:25:00+00:00,681.5599999999998,682.7299999999998,681.1499999999997,682.4299999999998,975
2026-04-22T14:30:00+00:00,682.4299999999998,682.9499999999998,681.2699999999998,681.4599999999998,1348
2026-04-22T14:35:00+00:00,681.4599999999998,682.4999999999998,680.7199999999998,682.4899999999998,1027
2026-04-22T14:40:00+00:00,682.4899999999998,683.0199999999998,681.2599999999998,681.3199999999998,966
2026-04-22T14:45:00+00:00,681.3199999999998,681.7099999999998,680.9799999999998,681.4199999999997,937
2026-04-22T14:50:00+00:00,681.4199999999997,681.6599999999997,679.5999999999998,680.2499999999998,990
2026-04-22T14:55:00+00:00,680.2499999999998,681.3799999999998,680.0799999999998,681.2299999999998,692.3486842105264
2026-04-22T15:00:00+00:00,681.2299999999998,681.2499999999998,680.2399999999998,680.5899999999998,887
2026-04-22T15:05:00+00:00,680.5899999999998,681.9499999999998,680.4599999999998,681.5599999999998,794
2026-04-22T15:10:00+00:00,681.5599999999998,682.0699999999998,681.4099999999999,681.8199999999998,819
2026-04-22T15:15:00+00:00,681.8199999999998,682.3799999999998,681.4599999999998,682.2699999999998,675
2026-04-22T15:20:00+00:00,682.2699999999998,683.1199999999998,682.0599999999998,682.7799999999997,726
2026-04-22T15:25:00+00:00,682.7799999999997,682.9799999999998,681.6599999999999,681.8799999999998,860
2026-04-22T15:30:00+00:00,681.8799999999998,682.2499999999998,681.5399999999998,681.6799999999998,850
2026-04-22T15:35:00+00:00,681.6799999999998,682.0499999999998,681.4699999999998,681.9099999999999,723
2026-04-22T15:40:00+00:00,681.9099999999999,682.8999999999997,681.1199999999998,681.3099999999998,844
2026-04-22T15:45:00+00:00,681.3099999999998,682.3699999999998,680.9899999999998,682.2899999999998,675
2026-04-22T15:50:00+00:00,682.2899999999998,682.3999999999997,681.2199999999998,681.5799999999998,715
2026-04-22T15:55:00+00:00,681.5799999999998,682.3699999999998,681.4599999999998,681.7999999999998,638
2026-04-22T16:00:00+00:00,681.7999999999998,682.0999999999998,681.2199999999998,682.0899999999998,756
2026-04-22T16:05:00+00:00,682.0899999999998,682.3499999999998,681.9699999999998,682.0499999999998,460
2026-04-22T16:10:00+00:00,682.0499999999998,682.3399999999998,681.6099999999998,682.2099999999998,698
2026-04-22T16:15:00+00:00,682.2099999999998,682.3399999999998,681.5999999999998,681.5999999999998,550
2026-04-22T16:20:00+00:00,681.5999999999998,682.0499999999998,681.4699999999998,681.5599999999998,750
2026-04-22T16:25:00+00:00,681.5599999999998,681.5599999999998,680.7799999999997,680.8199999999998,695
2026-04-22T16:30:00+00:00,680.8199999999998,681.0199999999998,680.3099999999998,680.9999999999998,741
2026-04-22T16:35:00+00:00,680.9999999999998,681.6499999999997,680.6699999999998,681.4799999999998,487
2026-04-22T16:40:00+00:00,681.4799999999998,681.9399999999998,680.8999999999997,681.1799999999998,589
2026-04-22T16:45:00+00:00,681.1799999999998,682.0099999999998,680.9499999999998,681.8399999999998,465
2026-04-22T16:50:00+00:00,681.8399999999998,681.8499999999998,681.0399999999998,681.6399999999998,739
2026-04-22T16:55:00+00:00,681.6399999999998,681.7099999999998,680.9699999999998,681.5399999999998,606
2026-04-22T17:00:00+00:00,681.5399999999998,682.4399999999998,681.5299999999997,682.2899999999998,766
2026-04-22T17:05:00+00:00,682.2899999999998,682.4099999999999,681.6999999999998,682.1599999999999,586
2026-04-22T17:10:00+00:00,682.1599999999999,683.0299999999997,682.0999999999998,682.2499999999998,659
2026-04-22T17:15:00+00:00,682.2499999999998,682.4599999999998,681.5699999999998,681.7799999999997,654
2026-04-22T17:20:00+00:00,681.7799999999997,682.6499999999997,681.7599999999998,682.3199999999998,571
2026-04-22T17:25:00+00:00,682.3199999999998,682.4199999999998,681.7099999999998,682.0399999999998,571
2026-04-22T17:30:00+00:00,682.0399999999998,682.8099999999998,682.0099999999998,682.2399999999998,548
2026-04-22T17:35:00+00:00,682.2399999999998,682.4099999999999,681.8499999999998,682.2599999999998,461
2026-04-22T17:40:00+00:00,682.2599999999998,684.3499999999998,682.1499999999997,684.3499999999998,422
2026-04-22T17:45:00+00:00,684.3499999999998,684.6799999999998,683.7699999999998,684.3599999999998,895
2026-04-22T17:50:00+00:00,684.3599999999998,684.4799999999998,683.3299999999998,683.3899999999998,617
2026-04-22T17:55:00+00:00,683.3899999999998,683.7099999999998,683.2599999999998,683.3799999999998,380
2026-04-22T18:00:00+00:00,683.3799999999998,684.2899999999998,683.2499999999998,683.8099999999998,451
2026-04-22T18:05:00+00:00,683.8099999999998,684.3299999999998,683.5799999999998,683.6199999999998,432
2026-04-22T18:10:00+00:00,683.6199999999998,684.3199999999998,683.5099999999998,684.0899999999998,438
2026-04-22T18:15:00+00:00,684.0899999999998,684.5699999999998,683.8599999999998,683.9699999999998,660
2026-04-22T18:20:00+00:00,683.9699999999998,683.9799999999998,682.1599999999999,682.7199999999998,536
2026-04-22T18:25:00+00:00,682.7199999999998,682.9799999999998,682.4899999999998,682.6399999999998,696
2026-04-22T18:30:00+00:00,682.6399999999998,683.3199999999998,682.4799999999998,682.8799999999998,547
2026-04-22T18:35:00+00:00,682.8799999999998,683.1399999999998,682.4899999999998,682.9199999999998,562
2026-04-22T18:40:00+00:00,682.9199999999998,683.6099999999998,682.9199999999998,683.5099999999998,418
2026-04-22T18:45:00+00:00,683.5099999999998,683.7899999999998,683.2399999999998,683.5499999999998,499
2026-04-22T18:50:00+00:00,683.5499999999998,684.0499999999998,683.0199999999998,683.1999999999998,395
2026-04-22T18:55:00+00:00,683.1999999999998,683.2899999999998,682.5599999999998,682.6699999999998,372
2026-04-22T19:00:00+00:00,682.6699999999998,682.8399999999998,682.2299999999998,682.5299999999997,1167
2026-04-22T19:05:00+00:00,682.5299999999997,683.2699999999998,682.2399999999998,683.2699999999998,649
2026-04-22T19:10:00+00:00,683.2699999999998,683.2699999999998,681.7499999999998,682.0999999999998,647
2026-04-22T19:15:00+00:00,682.0999999999998,682.3399999999998,681.8099999999998,682.2799999999997,574
2026-04-22T19:20:00+00:00,682.2799999999997,682.4199999999998,681.9099999999999,681.9799999999998,597
2026-04-22T19:25:00+00:00,681.9799999999998,682.7699999999998,681.9699999999998,682.7599999999998,589
2026-04-22T19:30:00+00:00,682.7599999999998,684.2699999999998,682.7299999999998,683.1599999999999,732
2026-04-22T19:35:00+00:00,683.1599999999999,683.6999999999998,682.9499999999998,683.2499999999998,760
2026-04-22T19:40:00+00:00,683.2499999999998,684.1899999999998,683.2199999999998,684.0299999999997,779
2026-04-22T19:45:00+00:00,684.0299999999997,685.2699999999998,684.0099999999998,684.4599999999998,765
2026-04-22T19:50:00+00:00,684.4599999999998,684.5999999999998,681.2799999999997,682.1199999999998,1149
2026-04-22T19:55:00+00:00,682.1199999999998,682.2099999999998,680.5699999999998,681.8599999999998,1093
2026-04-23T13:30:00+00:00,681.8599999999998,681.8599999999998,666.4499999999998,669.2099999999998,619
2026-04-23T13:35:00+00:00,669.2099999999998,672.4399999999998,669.2099999999998,672.2999999999998,542
2026-04-23T13:40:00+00:00,672.2999999999998,672.5499999999998,670.7499999999998,671.6999999999998,484
2026-04-23T13:45:00+00:00,671.6999999999998,672.3199999999998,670.1799999999998,671.4799999999998,486
2026-04-23T13:50:00+00:00,671.4799999999998,671.7699999999998,667.5499999999998,667.7599999999998,518
2026-04-23T13:55:00+00:00,667.7599999999998,668.5899999999998,667.1499999999997,667.7999999999998,534
2026-04-23T14:00:00+00:00,667.7999999999998,668.2599999999998,665.2299999999998,667.7599999999998,647
2026-04-23T14:05:00+00:00,667.7599999999998,669.9499999999998,667.4799999999998,669.7199999999998,515
2026-04-23T14:10:00+00:00,669.7199999999998,669.9799999999998,668.9499999999998,669.6799999999998,562
2026-04-23T14:15:00+00:00,669.6799999999998,671.3499999999998,669.4499999999998,669.4699999999998,485
2026-04-23T14:20:00+00:00,669.4699999999998,671.1999999999998,669.1799999999998,670.9599999999998,415
2026-04-23T14:25:00+00:00,670.9599999999998,671.3299999999998,670.1099999999998,670.6899999999998,438
2026-04-23T14:30:00+00:00,670.6899999999998,670.9899999999998,670.1199999999998,670.4599999999998,401
2026-04-23T14:35:00+00:00,670.4599999999998,671.2999999999998,669.9599999999998,670.1699999999998,345
2026-04-23T14:40:00+00:00,670.1699999999998,670.6599999999999,669.5899999999998,670.4899999999998,363
2026-04-23T14:45:00+00:00,670.4899999999998,671.1599999999999,669.9599999999998,669.9899999999998,359
2026-04-23T14:50:00+00:00,669.9899999999998,671.4699999999998,669.9499999999998,671.1799999999998,351
2026-04-23T14:55:00+00:00,671.1799999999998,672.8099999999998,671.1799999999998,672.2599999999998,411
2026-04-23T15:00:00+00:00,672.2599999999998,674.4599999999998,672.2599999999998,673.7799999999997,518
2026-04-23T15:05:00+00:00,673.7799999999997,673.7799999999997,672.3099999999998,672.8299999999998,386
2026-04-23T15:10:00+00:00,672.8299999999998,674.0099999999998,672.8299999999998,673.5399999999998,352
2026-04-23T15:15:00+00:00,673.5399999999998,675.9199999999998,673.5399999999998,675.8699999999998,533
2026-04-23T15:20:00+00:00,675.8699999999998,676.3599999999998,674.9799999999998,674.9799999999998,466
2026-04-23T15:25:00+00:00,674.9799999999998,675.3199999999998,674.3399999999998,675.0699999999998,355
2026-04-23T15:30:00+00:00,675.0699999999998,675.8499999999998,675.0299999999997,675.0699999999998,376
2026-04-23T15:35:00+00:00,675.0699999999998,675.1499999999997,674.1499999999997,674.1599999999999,279
2026-04-23T15:40:00+00:00,674.1599999999999,674.9799999999998,674.1499999999997,674.8599999999998,309
2026-04-23T15:45:00+00:00,674.8599999999998,674.8699999999998,673.4499999999998,673.4599999999998,403
2026-04-23T15:50:00+00:00,673.4599999999998,673.4899999999998,672.3199999999998,672.3599999999998,430
2026-04-23T15:55:00+00:00,672.3599999999998,673.6599999999999,672.3599999999998,672.8199999999998,400
2026-04-23T16:00:00+00:00,672.8199999999998,673.4599999999998,671.9499999999998,671.9699999999998,323
2026-04-23T16:05:00+00:00,671.9699999999998,672.2599999999998,671.7199999999998,672.0699999999998,237
2026-04-23T16:10:00+00:00,672.0699999999998,672.8199999999998,672.0699999999998,672.8199999999998,264
2026-04-23T16:15:00+00:00,672.8199999999998,672.9499999999998,672.2799999999997,672.2999999999998,190
2026-04-23T16:20:00+00:00,672.2999999999998,672.5299999999997,671.7199999999998,672.4899999999998,142
2026-04-23T16:25:00+00:00,672.4899999999998,673.0099999999998,671.7399999999998,671.8999999999997,211
2026-04-23T16:30:00+00:00,671.8999999999997,672.6199999999998,671.8399999999998,672.4999999999998,148
2026-04-23T16:35:00+00:00,672.4999999999998,672.7899999999998,671.9499999999998,671.9599999999998,132
2026-04-23T16:40:00+00:00,671.9599999999998,672.3499999999998,671.9099999999999,672.0599999999998,139
2026-04-23T16:45:00+00:00,672.0599999999998,672.6699999999998,671.9499999999998,672.2199999999998,199
2026-04-23T16:50:00+00:00,672.2199999999998,672.8699999999998,671.9699999999998,672.4699999999998,114
2026-04-23T16:55:00+00:00,672.4699999999998,672.8299999999998,671.9499999999998,672.3699999999998,190
2026-04-23T17:00:00+00:00,672.3699999999998,672.8399999999998,670.3699999999998,670.6999999999998,329
2026-04-23T17:05:00+00:00,670.6999999999998,670.9699999999998,669.1499999999997,669.1499999999997,343
2026-04-23T17:10:00+00:00,669.1499999999997,669.6599999999999,668.5299999999997,668.9799999999998,353
2026-04-23T17:15:00+00:00,668.9799999999998,669.0199999999998,667.0499999999998,667.3899999999998,358
2026-04-23T17:20:00+00:00,667.3899999999998,667.4299999999998,666.0599999999998,666.2399999999998,505
2026-04-23T17:25:00+00:00,666.2399999999998,667.2499999999998,664.9299999999998,664.9599999999998,447
2026-04-23T17:30:00+00:00,664.9599999999998,665.9299999999998,664.6699999999998,665.7699999999998,404
2026-04-23T17:35:00+00:00,665.7699999999998,674.7199999999998,664.0999999999998,664.6799999999998,392
2026-04-23T17:40:00+00:00,664.6799999999998,664.6999999999998,661.3399999999998,661.8399999999998,426
2026-04-23T17:45:00+00:00,661.8399999999998,662.5299999999997,660.1999999999998,661.1099999999998,468
2026-04-23T17:50:00+00:00,661.1099999999998,664.6299999999998,660.0599999999998,663.2999999999998,448
2026-04-23T17:55:00+00:00,663.2999999999998,664.9699999999998,662.8099999999998,664.8899999999998,476
2026-04-23T18:00:00+00:00,664.8899999999998,666.0299999999997,663.9599999999998,665.4499999999998,398
2026-04-23T18:05:00+00:00,665.4499999999998,666.7599999999998,664.9599999999998,666.0599999999998,319
2026-04-23T18:10:00+00:00,666.0599999999998,666.8999999999997,665.0899999999998,665.5199999999998,439
2026-04-23T18:15:00+00:00,665.5199999999998,666.0799999999998,665.0799999999998,665.5399999999998,318
2026-04-23T18:20:00+00:00,665.5399999999998,665.9199999999998,664.9499999999998,665.1499999999997,310
2026-04-23T18:25:00+00:00,665.1499999999997,665.5499999999998,664.8999999999997,665.0599999999998,229
2026-04-23T18:30:00+00:00,665.0599999999998,666.3099999999998,665.0399999999998,665.9599999999998,285
2026-04-23T18:35:00+00:00,665.9599999999998,666.6099999999998,665.9499999999998,666.0999999999998,235
2026-04-23T18:40:00+00:00,666.0999999999998,666.3899999999998,665.1299999999998,665.3099999999998,192
2026-04-23T18:45:00+00:00,665.3099999999998,665.4999999999998,664.9599999999998,664.9599999999998,207
2026-04-23T18:50:00+00:00,664.9599999999998,665.8599999999998,664.4499999999998,665.3799999999998,287
2026-04-23T18:55:00+00:00,665.3799999999998,665.7699999999998,663.9599999999998,664.3599999999998,245
2026-04-23T19:00:00+00:00,664.3599999999998,664.8299999999998,663.9799999999998,664.1899999999998,270
2026-04-23T19:05:00+00:00,664.1899999999998,665.3699999999998,664.1399999999998,665.1999999999998,261
2026-04-23T19:10:00+00:00,665.1999999999998,665.2099999999998,664.6999999999998,665.1299999999998,184
2026-04-23T19:15:00+00:00,665.1299999999998,665.9699999999998,665.1299999999998,665.4499999999998,224
2026-04-23T19:20:00+00:00,665.4499999999998,665.5599999999998,665.1999999999998,665.4099999999999,185
2026-04-23T19:25:00+00:00,665.4099999999999,666.6899999999998,665.3399999999998,666.3599999999998,212
2026-04-23T19:30:00+00:00,666.3599999999998,667.5399999999998,666.2299999999998,666.4999999999998,244
2026-04-23T19:35:00+00:00,666.4999999999998,667.0499999999998,665.6499999999997,666.9799999999998,271
2026-04-23T19:40:00+00:00,666.9799999999998,667.2999999999998,665.7499999999998,666.2999999999998,277
2026-04-23T19:45:00+00:00,666.2999999999998,666.8499999999998,666.0899999999998,666.6199999999998,301
2026-04-23T19:50:00+00:00,666.6199999999998,666.7099999999998,664.6999999999998,665.9799999999998,505
2026-04-23T19:55:00+00:00,665.9799999999998,666.2999999999998,665.0999999999998,665.8499999999998,905
2026-04-24T13:30:00+00:00,665.8499999999998,666.9199999999998,660.7699999999998,663.2599999999998,775
2026-04-24T13:35:00+00:00,663.2599999999998,667.2999999999998,662.8799999999998,667.0699999999998,699
2026-04-24T13:40:00+00:00,667.0699999999998,668.8099999999998,667.0499999999998,668.4799999999998,721
2026-04-24T13:45:00+00:00,668.4799999999998,672.1199999999998,668.4499999999998,671.9699999999998,855
2026-04-24T13:50:00+00:00,671.9699999999998,672.2299999999998,669.7599999999998,670.3799999999998,707
2026-04-24T13:55:00+00:00,670.3799999999998,671.9099999999999,669.7599999999998,670.4499999999998,661
2026-04-24T14:00:00+00:00,670.4499999999998,671.7599999999998,669.7499999999998,670.6199999999998,685
2026-04-24T14:05:00+00:00,670.6199999999998,675.1999999999998,670.6099999999998,674.7999999999998,812
2026-04-24T14:10:00+00:00,674.7999999999998,675.9699999999998,674.4599999999998,674.4899999999998,755
2026-04-24T14:15:00+00:00,674.4899999999998,675.1199999999998,672.9499999999998,674.6099999999998,545
2026-04-24T14:20:00+00:00,674.6099999999998,675.4999999999998,672.9599999999998,673.5199999999998,645
2026-04-24T14:25:00+00:00,673.5199999999998,673.5299999999997,671.4899999999998,671.9499999999998,620
2026-04-24T14:30:00+00:00,671.9499999999998,672.2099999999998,670.6699999999998,671.6099999999998,589
2026-04-24T14:35:00+00:00,671.6099999999998,672.9399999999998,671.3499999999998,672.2699999999998,691
2026-04-24T14:40:00+00:00,672.2699999999998,673.3999999999997,671.9499999999998,673.1599999999999,537
2026-04-24T14:45:00+00:00,673.1599999999999,673.7899999999998,672.4799999999998,673.3999999999997,588
2026-04-24T14:50:00+00:00,673.3999999999997,674.1699999999998,673.1599999999999,673.9299999999998,513
2026-04-24T14:55:00+00:00,673.9299999999998,674.8299999999998,673.7199999999998,674.2699999999998,484.9345343413222
2026-04-24T15:00:00+00:00,674.2699999999998,674.9599999999997,673.9399999999997,674.8099999999997,690
2026-04-24T15:05:00+00:00,674.8099999999997,674.9099999999997,673.5399999999997,673.5899999999997,534
2026-04-24T15:10:00+00:00,673.5899999999997,674.8799999999998,673.2899999999997,674.8699999999997,621
2026-04-24T15:15:00+00:00,674.8699999999997,676.1199999999997,674.8599999999997,675.4299999999997,524
2026-04-24T15:20:00+00:00,675.4299999999997,678.6699999999997,675.3999999999997,677.5899999999997,711
2026-04-24T15:25:00+00:00,677.5899999999997,679.6999999999997,677.5899999999997,679.3499999999997,693
2026-04-24T15:30:00+00:00,679.3499999999997,681.2099999999997,679.3499999999997,679.5699999999997,769
2026-04-24T15:35:00+00:00,679.5699999999997,680.1099999999997,678.8499999999997,678.9499999999997,657
2026-04-24T15:40:00+00:00,678.9499999999997,681.2999999999997,678.8399999999997,680.8699999999997,752
2026-04-24T15:45:00+00:00,680.8699999999997,682.6699999999997,680.4299999999997,682.3099999999997,1066
2026-04-24T15:50:00+00:00,682.3099999999997,683.5299999999997,682.0399999999997,682.2099999999997,824
2026-04-24T15:55:00+00:00,682.2099999999997,683.0499999999997,682.0399999999997,682.3599999999997,551
2026-04-24T16:00:00+00:00,682.3599999999997,683.3999999999997,682.0399999999997,683.3399999999997,521
2026-04-24T16:05:00+00:00,683.3399999999997,683.8799999999998,681.4099999999997,681.5499999999997,600
2026-04-24T16:10:00+00:00,681.5499999999997,682.6199999999997,681.5099999999998,681.5499999999997,470
2026-04-24T16:15:00+00:00,681.5499999999997,681.6599999999997,680.8199999999997,681.1099999999997,476
2026-04-24T16:20:00+00:00,681.1099999999997,682.1599999999997,681.1099999999997,682.1499999999997,416
2026-04-24T16:25:00+00:00,682.1499999999997,682.4499999999997,681.5499999999997,682.1799999999997,465
2026-04-24T16:30:00+00:00,682.1799999999997,683.6499999999997,682.1599999999997,683.0699999999997,459
2026-04-24T16:35:00+00:00,683.0699999999997,683.3199999999997,682.1799999999997,682.6499999999997,418
2026-04-24T16:40:00+00:00,682.6499999999997,683.1199999999997,682.0399999999997,682.6699999999997,479
2026-04-24T16:45:00+00:00,682.6699999999997,682.9999999999998,682.0499999999997,682.8199999999997,457
2026-04-24T16:50:00+00:00,682.8199999999997,684.5099999999998,682.7399999999997,684.5099999999998,436
2026-04-24T16:55:00+00:00,684.5099999999998,686.6099999999997,684.2599999999998,686.0599999999997,617
2026-04-24T17:00:00+00:00,686.0599999999997,687.5099999999998,686.0399999999997,687.1999999999997,616
2026-04-24T17:05:00+00:00,687.1999999999997,687.6299999999998,686.3899999999998,686.5599999999997,463
2026-04-24T17:10:00+00:00,686.5599999999997,687.2599999999998,686.2399999999997,686.9699999999997,512
2026-04-24T17:15:00+00:00,686.9699999999997,687.0399999999997,685.3199999999997,685.7399999999997,427
2026-04-24T17:20:00+00:00,685.7399999999997,686.0199999999998,684.5399999999997,685.1199999999997,546
2026-04-24T17:25:00+00:00,685.1199999999997,685.1899999999997,684.1899999999997,684.1999999999997,412
2026-04-24T17:30:00+00:00,684.1999999999997,684.6099999999997,683.3599999999997,683.6499999999997,500
2026-04-24T17:35:00+00:00,683.6499999999997,685.1999999999997,683.3599999999997,683.5499999999997,538
2026-04-24T17:40:00+00:00,683.5499999999997,684.4099999999997,683.5499999999997,684.3099999999997,406
2026-04-24T17:45:00+00:00,684.3099999999997,684.3799999999998,683.4399999999997,683.8699999999997,372
2026-04-24T17:50:00+00:00,683.8699999999997,685.1899999999997,683.8399999999997,684.5099999999998,473
2026-04-24T17:55:00+00:00,684.5099999999998,684.8099999999997,684.0399999999997,684.0499999999997,369
2026-04-24T18:00:00+00:00,684.0499999999997,684.2599999999998,683.0499999999997,683.2999999999997,406
2026-04-24T18:05:00+00:00,683.2999999999997,683.2999999999997,682.1099999999997,682.7199999999997,403
2026-04-24T18:10:00+00:00,682.7199999999997,682.9299999999997,682.0699999999997,682.3599999999997,371
2026-04-24T18:15:00+00:00,682.3599999999997,682.4699999999997,682.0699999999997,682.0799999999997,363
2026-04-24T18:20:00+00:00,682.0799999999997,682.1199999999997,681.5599999999997,681.8699999999997,419
2026-04-24T18:25:00+00:00,681.8699999999997,682.3999999999997,681.1299999999998,681.9099999999997,501
2026-04-24T18:30:00+00:00,681.9099999999997,682.3899999999998,681.6599999999997,682.0399999999997,452
2026-04-24T18:35:00+00:00,682.0399999999997,682.5299999999997,681.8399999999997,681.8699999999997,312
2026-04-24T18:40:00+00:00,681.8699999999997,682.2199999999997,681.1399999999998,681.7799999999997,413
2026-04-24T18:45:00+00:00,681.7799999999997,682.6299999999998,681.4399999999997,682.5899999999997,360
2026-04-24T18:50:00+00:00,682.5899999999997,682.7399999999997,682.1199999999997,682.4499999999997,371
2026-04-24T18:55:00+00:00,682.4499999999997,683.1799999999997,682.3299999999997,683.0399999999997,288
2026-04-24T19:00:00+00:00,683.0399999999997,683.3699999999997,682.8399999999997,682.9799999999997,346
2026-04-24T19:05:00+00:00,682.9799999999997,683.8699999999997,682.8499999999997,683.7499999999998,301
2026-04-24T19:10:00+00:00,683.7499999999998,684.9199999999997,683.6699999999997,684.8699999999997,430
2026-04-24T19:15:00+00:00,684.8699999999997,685.4099999999997,684.8599999999997,685.2199999999997,320
2026-04-24T19:20:00+00:00,685.2199999999997,685.2199999999997,684.0299999999997,684.4899999999997,373
2026-04-24T19:25:00+00:00,684.4899999999997,684.7999999999997,684.2399999999997,684.3599999999997,413
2026-04-24T19:30:00+00:00,684.3599999999997,684.3599999999997,683.3899999999998,683.4799999999997,538
2026-04-24T19:35:00+00:00,683.4799999999997,683.8499999999997,682.9299999999997,683.0899999999997,503
2026-04-24T19:40:00+00:00,683.0899999999997,683.6599999999997,682.7699999999998,683.0599999999997,446
2026-04-24T19:45:00+00:00,683.0599999999997,683.7299999999997,682.8199999999997,683.0499999999997,480
2026-04-24T19:50:00+00:00,683.0499999999997,683.4999999999998,682.0399999999997,682.5999999999997,597
2026-04-24T19:55:00+00:00,682.5999999999997,682.9299999999997,681.4499999999997,682.0199999999998,809
2026-04-27T13:30:00+00:00,682.0199999999998,684.2899999999997,677.2099999999997,681.7699999999998,726
2026-04-27T13:35:00+00:00,681.7699999999998,684.8199999999997,680.0399999999997,683.3999999999997,713
2026-04-27T13:40:00+00:00,683.3999999999997,684.5799999999997,681.5399999999997,684.5099999999998,686
2026-04-27T13:45:00+00:00,684.5099999999998,685.6499999999997,682.0399999999997,682.8199999999997,735
2026-04-27T13:50:00+00:00,682.8199999999997,684.5099999999998,681.6999999999997,684.3499999999997,640
2026-04-27T13:55:00+00:00,684.3499999999997,684.5299999999997,679.2099999999997,679.3499999999997,555
2026-04-27T14:00:00+00:00,679.3499999999997,680.1399999999998,678.7399999999997,679.1799999999997,548
2026-04-27T14:05:00+00:00,679.1799999999997,680.2199999999997,678.8399999999997,679.3999999999997,466
2026-04-27T14:10:00+00:00,679.3999999999997,681.8799999999998,678.2499999999998,681.7699999999998,498
2026-04-27T14:15:00+00:00,681.7699999999998,682.2699999999998,680.6999999999997,681.6199999999997,491
2026-04-27T14:20:00+00:00,681.6199999999997,682.8599999999997,681.6099999999997,682.3399999999997,363
2026-04-27T14:25:00+00:00,682.3399999999997,683.6199999999997,682.3199999999997,683.2099999999997,516
2026-04-27T14:30:00+00:00,683.2099999999997,684.2299999999997,682.1699999999997,684.0599999999997,511
2026-04-27T14:35:00+00:00,684.0599999999997,685.7899999999997,684.0399999999997,684.5699999999997,546
2026-04-27T14:40:00+00:00,684.5699999999997,684.9699999999997,683.0399999999997,684.7699999999998,423
2026-04-27T14:45:00+00:00,684.7699999999998,686.8199999999997,684.7299999999997,686.8199999999997,442
2026-04-27T14:50:00+00:00,686.8199999999997,688.3099999999997,686.6299999999998,688.2199999999997,550
2026-04-27T14:55:00+00:00,688.2199999999997,688.5599999999997,687.0599999999997,688.3699999999997,475
2026-04-27T15:00:00+00:00,688.3699999999997,689.4699999999997,686.7399999999997,686.8599999999997,665
2026-04-27T15:05:00+00:00,686.8599999999997,687.6399999999998,686.0399999999997,687.0599999999997,496
2026-04-27T15:10:00+00:00,687.0599999999997,687.0899999999997,685.0399999999997,685.0499999999997,442
2026-04-27T15:15:00+00:00,685.0499999999997,685.6099999999997,684.5499999999997,684.6299999999998,409
2026-04-27T15:20:00+00:00,684.6299999999998,684.9999999999998,683.3099999999997,683.3899999999998,433
2026-04-27T15:25:00+00:00,683.3899999999998,683.6399999999998,682.3199999999997,683.3899999999998,441
2026-04-27T15:30:00+00:00,683.3899999999998,683.7799999999997,681.4399999999997,681.4699999999997,466
2026-04-27T15:35:00+00:00,681.4699999999997,681.8199999999997,680.8399999999997,680.9199999999997,360
2026-04-27T15:40:00+00:00,680.9199999999997,681.7899999999997,680.6999999999997,680.7099999999997,352
2026-04-27T15:45:00+00:00,680.7099999999997,681.7599999999998,679.9299999999997,681.5699999999997,385
2026-04-27T15:50:00+00:00,681.5699999999997,681.9599999999997,681.2399999999997,681.6099999999997,425
2026-04-27T15:55:00+00:00,681.6099999999997,682.1999999999997,681.0599999999997,681.5799999999997,377
2026-04-27T16:00:00+00:00,681.5799999999997,682.4699999999997,681.0499999999997,681.8299999999997,302
2026-04-27T16:05:00+00:00,681.8299999999997,682.1299999999998,681.1999999999997,681.8999999999997,280
2026-04-27T16:10:00+00:00,681.8999999999997,682.2499999999998,681.5199999999998,681.7399999999997,321
2026-04-27T16:15:00+00:00,681.7399999999997,682.2399999999997,681.5199999999998,681.5699999999997,278
2026-04-27T16:20:00+00:00,681.5699999999997,682.3799999999998,681.5699999999997,682.0599999999997,228
2026-04-27T16:25:00+00:00,682.0599999999997,682.6299999999998,681.7399999999997,682.1299999999998,264
2026-04-27T16:30:00+00:00,682.1299999999998,683.4899999999997,682.1299999999998,683.2699999999998,315
2026-04-27T16:35:00+00:00,683.2699999999998,683.3699999999997,682.5699999999997,683.3299999999997,254
2026-04-27T16:40:00+00:00,683.3299999999997,684.1299999999998,683.1599999999997,683.9099999999997,290
2026-04-27T16:45:00+00:00,683.9099999999997,684.1299999999998,683.3499999999997,684.0099999999998,250
2026-04-27T16:50:00+00:00,684.0099999999998,685.0499999999997,683.5399999999997,684.8399999999997,328
2026-04-27T16:55:00+00:00,684.8399999999997,684.8599999999997,684.0299999999997,684.6599999999997,329
2026-04-27T17:00:00+00:00,684.6599999999997,684.7799999999997,684.0999999999997,684.3099999999997,233
2026-04-27T17:05:00+00:00,684.3099999999997,685.7699999999998,684.2999999999997,685.6699999999997,326
2026-04-27T17:10:00+00:00,685.6699999999997,686.1099999999997,685.3599999999997,685.6399999999998,311
2026-04-27T17:15:00+00:00,685.6399999999998,685.8399999999997,684.4999999999998,684.8899999999998,321
2026-04-27T17:20:00+00:00,684.8899999999998,685.9199999999997,684.8499999999997,685.6499999999997,362
2026-04-27T17:25:00+00:00,685.6499999999997,687.0599999999997,685.5399999999997,687.0499999999997,331
2026-04-27T17:30:00+00:00,687.0499999999997,687.5399999999997,686.7099999999997,687.2899999999997,374
2026-04-27T17:35:00+00:00,687.2899999999997,687.4599999999997,686.4599999999997,686.8399999999997,305
2026-04-27T17:40:00+00:00,686.8399999999997,687.5099999999998,686.6599999999997,687.4499999999997,253
2026-04-27T17:45:00+00:00,687.4499999999997,687.5099999999998,686.3499999999997,686.5699999999997,289
2026-04-27T17:50:00+00:00,686.5699999999997,686.6899999999997,685.5399999999997,686.0899999999997,308
2026-04-27T17:55:00+00:00,686.0899999999997,686.6799999999997,685.8599999999997,686.3099999999997,257
2026-04-27T18:00:00+00:00,686.3099999999997,686.3199999999997,685.5399999999997,685.5799999999997,280
2026-04-27T18:05:00+00:00,685.5799999999997,686.3199999999997,685.3999999999997,686.1199999999997,270
2026-04-27T18:10:00+00:00,686.1199999999997,686.4399999999997,686.0499999999997,686.3699999999997,213
2026-04-27T18:15:00+00:00,686.3699999999997,686.3899999999998,685.6399999999998,685.8099999999997,257
2026-04-27T18:20:00+00:00,685.8099999999997,686.5999999999997,685.6499999999997,686.1899999999997,234
2026-04-27T18:25:00+00:00,686.1899999999997,686.2099999999997,685.5399999999997,685.8999999999997,283
2026-04-27T18:30:00+00:00,685.8999999999997,686.7199999999997,685.8199999999997,686.3899999999998,250
2026-04-27T18:35:00+00:00,686.3899999999998,686.3899999999998,685.5299999999997,685.9399999999997,244
2026-04-27T18:40:00+00:00,685.9399999999997,686.7699999999998,685.8899999999998,686.4499999999997,308
2026-04-27T18:45:00+00:00,686.4499999999997,686.7399999999997,686.1199999999997,686.5399999999997,242
2026-04-27T18:50:00+00:00,686.5399999999997,686.6999999999997,684.6999999999997,684.6999999999997,292
2026-04-27T18:55:00+00:00,684.6999999999997,685.6199999999997,684.5399999999997,685.4599999999997,283
2026-04-27T19:00:00+00:00,685.4599999999997,685.5499999999997,684.0499999999997,684.1499999999997,252
2026-04-27T19:05:00+00:00,684.1499999999997,684.2299999999997,683.6199999999997,684.0099999999998,231
2026-04-27T19:10:00+00:00,684.0099999999998,684.3999999999997,683.7599999999998,684.2399999999997,278
2026-04-27T19:15:00+00:00,684.2399999999997,684.7599999999998,684.2199999999997,684.5199999999998,238
2026-04-27T19:20:00+00:00,684.5199999999998,685.0699999999997,684.4199999999997,684.9599999999997,247
2026-04-27T19:25:00+00:00,684.9599999999997,685.6199999999997,684.9299999999997,685.5499999999997,243
2026-04-27T19:30:00+00:00,685.5499999999997,685.9199999999997,685.0499999999997,685.5999999999997,449
2026-04-27T19:35:00+00:00,685.5999999999997,685.9399999999997,685.0399999999997,685.6699999999997,366
2026-04-27T19:40:00+00:00,685.6699999999997,686.4699999999997,685.6699999999997,686.2399999999997,391
2026-04-27T19:45:00+00:00,686.2399999999997,686.7599999999998,685.4099999999997,685.4699999999997,411
2026-04-27T19:50:00+00:00,685.4699999999997,686.4999999999998,684.0699999999997,685.4799999999997,566
2026-04-27T19:55:00+00:00,685.4799999999997,686.5499999999997,684.4499999999997,686.5499999999997,843
2026-04-28T13:30:00+00:00,686.5499999999997,686.5499999999997,676.7299999999997,678.5899999999997,1014
2026-04-28T13:35:00+00:00,678.5899999999997,682.6499999999997,678.0499999999997,681.0699999999997,851
2026-04-28T13:40:00+00:00,681.0699999999997,682.2299999999997,681.0399999999997,681.6299999999998,671
2026-04-28T13:45:00+00:00,681.6299999999998,684.3299999999997,681.0899999999997,683.6599999999997,980
2026-04-28T13:50:00+00:00,683.6599999999997,684.9999999999998,682.6499999999997,682.9799999999997,853
2026-04-28T13:55:00+00:00,682.9799999999997,683.0499999999997,679.2599999999998,679.2599999999998,775
2026-04-28T14:00:00+00:00,679.2599999999998,681.0499999999997,678.8399999999997,680.1999999999997,962
2026-04-28T14:05:00+00:00,680.1999999999997,682.1399999999998,680.0399999999997,680.8499999999997,731
2026-04-28T14:10:00+00:00,680.8499999999997,681.0999999999997,678.7099999999997,679.8399999999997,781
2026-04-28T14:15:00+00:00,679.8399999999997,680.1499999999997,678.6999999999997,678.6999999999997,694
2026-04-28T14:20:00+00:00,678.6999999999997,680.1099999999997,678.3799999999998,678.5999999999997,755
2026-04-28T14:25:00+00:00,678.5999999999997,680.7299999999997,678.4499999999997,679.5599999999997,825
2026-04-28T14:30:00+00:00,679.5599999999997,679.6899999999997,678.5399999999997,679.0599999999997,587
2026-04-28T14:35:00+00:00,679.0599999999997,679.3999999999997,675.7399999999997,676.1999999999997,800
2026-04-28T14:40:00+00:00,676.1999999999997,677.0399999999997,675.2899999999997,676.9399999999997,897
2026-04-28T14:45:00+00:00,676.9399999999997,677.1299999999998,675.4399999999997,675.5499999999997,815
2026-04-28T14:50:00+00:00,675.5499999999997,676.0899999999997,674.4499999999997,674.5299999999997,939
2026-04-28T14:55:00+00:00,674.5299999999997,675.2899999999997,673.6399999999998,675.2799999999997,946
2026-04-28T15:00:00+00:00,675.2799999999997,676.3899999999998,675.0499999999997,675.5299999999997,764
2026-04-28T15:05:00+00:00,675.5299999999997,675.7499999999998,672.6199999999997,673.7099999999997,705
2026-04-28T15:10:00+00:00,673.7099999999997,674.8499999999997,673.4399999999997,674.8199999999997,692
2026-04-28T15:15:00+00:00,674.8199999999997,675.1699999999997,674.0399999999997,674.5099999999998,595
2026-04-28T15:20:00+00:00,674.5099999999998,674.9899999999997,673.7899999999997,674.9299999999997,589
2026-04-28T15:25:00+00:00,674.9299999999997,674.9499999999997,673.4399999999997,674.3699999999997,622
2026-04-28T15:30:00+00:00,674.3699999999997,675.1899999999997,673.9299999999997,675.1299999999998,462
2026-04-28T15:35:00+00:00,675.1299999999998,675.7799999999997,674.3499999999997,675.5599999999997,508
2026-04-28T15:40:00+00:00,675.5599999999997,676.2799999999997,675.0899999999997,676.2399999999997,422
2026-04-28T15:45:00+00:00,676.2399999999997,676.8099999999997,675.1399999999998,675.4299999999997,486
2026-04-28T15:50:00+00:00,675.4299999999997,676.0599999999997,675.1999999999997,675.2699999999998,456
2026-04-28T15:55:00+00:00,675.2699999999998,675.7899999999997,674.6899999999997,675.6399999999998,370
2026-04-28T16:00:00+00:00,675.6399999999998,675.8099999999997,674.5499999999997,674.5599999999997,554
2026-04-28T16:05:00+00:00,674.5599999999997,675.2199999999997,673.1199999999997,674.2199999999997,498
2026-04-28T16:10:00+00:00,674.2199999999997,674.7599999999998,673.4899999999997,674.7199999999997,405
2026-04-28T16:15:00+00:00,674.7199999999997,675.9699999999997,674.4199999999997,675.8499999999997,470
2026-04-28T16:20:00+00:00,675.8499999999997,676.5399999999997,675.8499999999997,675.9999999999998,377
2026-04-28T16:25:00+00:00,675.9999999999998,676.2899999999997,675.6499999999997,676.2499999999998,231
2026-04-28T16:30:00+00:00,676.2499999999998,676.7599999999998,676.0499999999997,676.1099999999997,352
2026-04-28T16:35:00+00:00,676.1099999999997,676.5499999999997,675.2399999999997,676.1499999999997,388
2026-04-28T16:40:00+00:00,676.1499999999997,676.5299999999997,675.2499999999998,675.4199999999997,338
2026-04-28T16:45:00+00:00,675.4199999999997,676.1099999999997,675.1799999999997,676.0899999999997,276
2026-04-28T16:50:00+00:00,676.0899999999997,677.4999999999998,676.0399999999997,677.1799999999997,477
2026-04-28T16:55:00+00:00,677.1799999999997,677.3999999999997,676.8599999999997,677.0899999999997,385
2026-04-28T17:00:00+00:00,677.0899999999997,677.2999999999997,676.1699999999997,676.7099999999997,354
2026-04-28T17:05:00+00:00,676.7099999999997,677.1799999999997,676.4399999999997,676.8799999999998,310
2026-04-28T17:10:00+00:00,676.8799999999998,676.9299999999997,676.3199999999997,676.4299999999997,378
2026-04-28T17:15:00+00:00,676.4299999999997,676.7099999999997,676.0399999999997,676.6899999999997,272
2026-04-28T17:20:00+00:00,676.6899999999997,676.7699999999998,676.0999999999997,676.5399999999997,199
2026-04-28T17:25:00+00:00,676.5399999999997,677.5299999999997,676.3899999999998,677.1699999999997,289
2026-04-28T17:30:00+00:00,677.1699999999997,677.8699999999997,676.9199999999997,677.0499999999997,360
2026-04-28T17:35:00+00:00,677.0499999999997,677.3899999999998,676.8499999999997,676.9099999999997,286
2026-04-28T17:40:00+00:00,676.9099999999997,677.3499999999997,676.6899999999997,677.1799999999997,244
2026-04-28T17:45:00+00:00,677.1799999999997,677.6899999999997,677.0799999999997,677.5399999999997,274
2026-04-28T17:50:00+00:00,677.5399999999997,678.0499999999997,677.1199999999997,677.7099999999997,242
2026-04-28T17:55:00+00:00,677.7099999999997,677.9799999999997,677.0999999999997,677.3399999999997,236
2026-04-28T18:00:00+00:00,677.3399999999997,677.7599999999998,677.1899999999997,677.2799999999997,214
2026-04-28T18:05:00+00:00,677.2799999999997,678.3099999999997,677.1399999999998,678.1499999999997,306
2026-04-28T18:10:00+00:00,678.1499999999997,678.3299999999997,677.5599999999997,678.0899999999997,262
2026-04-28T18:15:00+00:00,678.0899999999997,678.5499999999997,677.8499999999997,677.8599999999997,277
2026-04-28T18:20:00+00:00,677.8599999999997,678.5299999999997,677.8599999999997,678.3699999999997,343
2026-04-28T18:25:00+00:00,678.3699999999997,678.7399999999997,678.0499999999997,678.5999999999997,293
2026-04-28T18:30:00+00:00,678.5999999999997,679.0499999999997,678.0399999999997,678.1099999999997,299
2026-04-28T18:35:00+00:00,678.1099999999997,678.6199999999997,678.0399999999997,678.5299999999997,300
2026-04-28T18:40:00+00:00,678.5299999999997,678.7099999999997,678.2299999999997,678.6299999999998,239
2026-04-28T18:45:00+00:00,678.6299999999998,678.6899999999997,678.1499999999997,678.4999999999998,179
2026-04-28T18:50:00+00:00,678.4999999999998,679.8099999999997,678.4899999999997,679.4299999999997,248
2026-04-28T18:55:00+00:00,679.4299999999997,679.4899999999997,678.1399999999998,678.3099999999997,249
2026-04-28T19:00:00+00:00,678.3099999999997,678.3099999999997,676.5499999999997,676.6899999999997,300
2026-04-28T19:05:00+00:00,676.6899999999997,677.6799999999997,676.5499999999997,677.4399999999997,299
2026-04-28T19:10:00+00:00,677.4399999999997,677.7399999999997,677.2199999999997,677.4099999999997,242
2026-04-28T19:15:00+00:00,677.4099999999997,677.5999999999997,677.0999999999997,677.4599999999997,319
2026-04-28T19:20:00+00:00,677.4599999999997,677.6899999999997,677.1099999999997,677.5199999999998,305
2026-04-28T19:25:00+00:00,677.5199999999998,677.7799999999997,677.4399999999997,677.4899999999997,257
2026-04-28T19:30:00+00:00,677.4899999999997,677.6199999999997,676.4599999999997,676.4599999999997,321
2026-04-28T19:35:00+00:00,676.4599999999997,677.3999999999997,676.1599999999997,677.1999999999997,291
2026-04-28T19:40:00+00:00,677.1999999999997,677.5199999999998,677.1199999999997,677.3799999999998,297
2026-04-28T19:45:00+00:00,677.3799999999998,677.6599999999997,677.0499999999997,677.4899999999997,324
2026-04-28T19:50:00+00:00,677.4899999999997,678.5699999999997,677.2699999999998,678.4099999999997,647
2026-04-28T19:55:00+00:00,678.4099999999997,678.6499999999997,677.2499999999998,678.6199999999997,847
2026-04-29T13:30:00+00:00,678.6199999999997,678.6199999999997,671.0599999999997,672.4699999999997,566
2026-04-29T13:35:00+00:00,672.4699999999997,673.3199999999997,671.0799999999997,673.1199999999997,514
2026-04-29T13:40:00+00:00,673.1199999999997,673.9499999999997,671.1999999999997,671.7099999999997,450
2026-04-29T13:45:00+00:00,671.7099999999997,674.9499999999997,670.8399999999997,674.5499999999997,576
2026-04-29T13:50:00+00:00,674.5499999999997,676.8199999999997,674.0399999999997,676.3299999999997,501
2026-04-29T13:55:00+00:00,676.3299999999997,676.9199999999997,675.2899999999997,676.4899999999997,433
2026-04-29T14:00:00+00:00,676.4899999999997,677.6999999999997,675.5399999999997,677.6299999999998,546
2026-04-29T14:05:00+00:00,677.6299999999998,677.9799999999997,677.0399999999997,677.8499999999997,515
2026-04-29T14:10:00+00:00,677.8499999999997,679.6199999999997,677.4099999999997,679.6199999999997,515
2026-04-29T14:15:00+00:00,679.6199999999997,680.1699999999997,678.2399999999997,678.2399999999997,535
2026-04-29T14:20:00+00:00,678.2399999999997,679.0199999999998,677.3399999999997,679.0199999999998,366
2026-04-29T14:25:00+00:00,679.0199999999998,679.3499999999997,678.0699999999997,678.9099999999997,376
2026-04-29T14:30:00+00:00,678.9099999999997,679.6799999999997,677.4499999999997,679.2999999999997,387
2026-04-29T14:35:00+00:00,679.2999999999997,680.6399999999998,679.2999999999997,680.3299999999997,547
2026-04-29T14:40:00+00:00,680.3299999999997,680.9099999999997,679.0599999999997,679.7599999999998,419
2026-04-29T14:45:00+00:00,679.7599999999998,679.9899999999997,677.7199999999997,678.1099999999997,424
2026-04-29T14:50:00+00:00,678.1099999999997,679.2999999999997,677.4499999999997,678.7399999999997,392
2026-04-29T14:55:00+00:00,678.7399999999997,679.4199999999997,678.2499999999998,679.0599999999997,287.91041630072016
2026-04-29T15:00:00+00:00,679.0599999999997,679.1999999999997,678.0599999999997,678.0599999999997,356
2026-04-29T15:05:00+00:00,678.0599999999997,678.5699999999997,677.0499999999997,677.2799999999997,387
2026-04-29T15:10:00+00:00,677.2799999999997,677.3099999999997,675.7499999999998,675.8799999999998,369
2026-04-29T15:15:00+00:00,675.8799999999998,677.2899999999997,675.5799999999997,677.0099999999998,554
2026-04-29T15:20:00+00:00,677.0099999999998,678.1399999999998,676.8499999999997,678.0099999999998,386
2026-04-29T15:25:00+00:00,678.0099999999998,678.9799999999997,677.9499999999997,678.7199999999997,409
2026-04-29T15:30:00+00:00,678.7199999999997,679.1999999999997,677.9399999999997,677.9499999999997,375
2026-04-29T15:35:00+00:00,677.9499999999997,678.4399999999997,677.4399999999997,678.0899999999997,266
2026-04-29T15:40:00+00:00,678.0899999999997,678.5099999999998,678.0399999999997,678.0699999999997,302
2026-04-29T15:45:00+00:00,678.0699999999997,678.5499999999997,677.8399999999997,678.0899999999997,315
2026-04-29T15:50:00+00:00,678.0899999999997,678.4499999999997,675.2199999999997,675.5599999999997,434
2026-04-29T15:55:00+00:00,675.5599999999997,676.0599999999997,674.9299999999997,676.0499999999997,423
2026-04-29T16:00:00+00:00,676.0499999999997,676.4899999999997,675.6499999999997,676.0299999999997,346
2026-04-29T16:05:00+00:00,676.0299999999997,677.8999999999997,675.9599999999997,677.8499999999997,327
2026-04-29T16:10:00+00:00,677.8499999999997,678.9899999999997,677.7499999999998,678.6399999999998,357
2026-04-29T16:15:00+00:00,678.6399999999998,679.1099999999997,677.0699999999997,677.2599999999998,389
2026-04-29T16:20:00+00:00,677.2599999999998,677.4499999999997,676.1499999999997,676.5199999999998,359
2026-04-29T16:25:00+00:00,676.5199999999998,676.6599999999997,675.9399999999997,676.0599999999997,346
2026-04-29T16:30:00+00:00,676.0599999999997,676.0599999999997,674.0399999999997,674.0399999999997,425
2026-04-29T16:35:00+00:00,674.0399999999997,675.1099999999997,673.5699999999997,675.0699999999997,437
2026-04-29T16:40:00+00:00,675.0699999999997,675.7299999999997,674.4899999999997,675.2699999999998,370
2026-04-29T16:45:00+00:00,675.2699999999998,675.3099999999997,674.6299999999998,675.0399999999997,289
2026-04-29T16:50:00+00:00,675.0399999999997,675.8299999999997,674.5399999999997,674.5499999999997,313
2026-04-29T16:55:00+00:00,674.5499999999997,675.1399999999998,674.3499999999997,674.4999999999998,355
2026-04-29T17:00:00+00:00,674.4999999999998,674.9599999999997,674.3499999999997,674.7899999999997,242
2026-04-29T17:05:00+00:00,674.7899999999997,676.9799999999997,674.7899999999997,676.7199999999997,410
2026-04-29T17:10:00+00:00,676.7199999999997,677.4999999999998,676.4999999999998,677.0699999999997,312
2026-04-29T17:15:00+00:00,677.0699999999997,677.7499999999998,676.6199999999997,677.1499999999997,366
2026-04-29T17:20:00+00:00,677.1499999999997,677.9199999999997,677.1199999999997,677.2899999999997,390
2026-04-29T17:25:00+00:00,677.2899999999997,677.7099999999997,676.7799999999997,677.6399999999998,278
2026-04-29T17:30:00+00:00,677.6399999999998,678.2399999999997,677.3399999999997,677.4899999999997,351
2026-04-29T17:35:00+00:00,677.4899999999997,677.4999999999998,676.1799999999997,676.7899999999997,309
2026-04-29T17:40:00+00:00,676.7899999999997,677.3099999999997,676.5899999999997,677.2599999999998,287
2026-04-29T17:45:00+00:00,677.2599999999998,678.1499999999997,677.0399999999997,678.1499999999997,306
2026-04-29T17:50:00+00:00,678.1499999999997,678.8499999999997,677.7899999999997,678.0899999999997,375
2026-04-29T17:55:00+00:00,678.0899999999997,678.7599999999998,677.8199999999997,678.7499999999998,285
2026-04-29T18:00:00+00:00,678.7499999999998,678.9099999999997,677.4399999999997,677.4599999999997,342
2026-04-29T18:05:00+00:00,677.4599999999997,677.9799999999997,676.5399999999997,676.7099999999997,437
2026-04-29T18:10:00+00:00,676.7099999999997,677.8699999999997,676.0399999999997,677.7699999999998,490
2026-04-29T18:15:00+00:00,677.7699999999998,678.9499999999997,677.6599999999997,678.6199999999997,404
2026-04-29T18:20:00+00:00,678.6199999999997,679.5799999999997,678.1599999999997,678.1799999999997,362
2026-04-29T18:25:00+00:00,678.1799999999997,678.5399999999997,677.2599999999998,677.5999999999997,318
2026-04-29T18:30:00+00:00,677.5999999999997,678.6899999999997,677.2799999999997,678.2899999999997,391
2026-04-29T18:35:00+00:00,678.2899999999997,680.0599999999997,678.2899999999997,678.7699999999998,561
2026-04-29T18:40:00+00:00,678.7699999999998,678.8499999999997,678.0399999999997,678.0999999999997,423
2026-04-29T18:45:00+00:00,678.0999999999997,679.5499999999997,677.7399999999997,679.1299999999998,488
2026-04-29T18:50:00+00:00,679.1299999999998,679.9999999999998,678.8399999999997,678.9799999999997,412
2026-04-29T18:55:00+00:00,678.9799999999997,680.6099999999997,678.8899999999998,680.1699999999997,493
2026-04-29T19:00:00+00:00,680.1699999999997,680.5599999999997,679.1099999999997,679.4299999999997,488
2026-04-29T19:05:00+00:00,679.4299999999997,679.4299999999997,678.6299999999998,678.8099999999997,573
2026-04-29T19:10:00+00:00,678.8099999999997,680.1199999999997,678.4099999999997,679.9599999999997,520
2026-04-29T19:15:00+00:00,679.9599999999997,680.9599999999997,679.9499999999997,680.4499999999997,536
2026-04-29T19:20:00+00:00,680.4499999999997,681.2499999999998,680.1899999999997,680.7899999999997,445
2026-04-29T19:25:00+00:00,680.7899999999997,681.0899999999997,680.0299999999997,680.3399999999997,479
2026-04-29T19:30:00+00:00,680.3399999999997,680.4999999999998,679.0599999999997,679.1399999999998,518
2026-04-29T19:35:00+00:00,679.1399999999998,679.7799999999997,678.7699999999998,679.6699999999997,421
2026-04-29T19:40:00+00:00,679.6699999999997,679.7299999999997,678.3399999999997,678.5799999999997,488
2026-04-29T19:45:00+00:00,678.5799999999997,679.3899999999998,677.7099999999997,678.3999999999997,590
2026-04-29T19:50:00+00:00,678.3999999999997,678.6899999999997,677.3399999999997,677.9499999999997,809
2026-04-29T19:55:00+00:00,677.9499999999997,677.9499999999997,674.2699999999998,676.8999999999997,1029
2026-04-30T13:30:00+00:00,676.8999999999997,676.8999999999997,609.0299999999997,609.0399999999997,2030
2026-04-30T13:35:00+00:00,609.0399999999997,613.0199999999998,608.1899999999997,610.0399999999997,1962
2026-04-30T13:40:00+00:00,610.0399999999997,615.8399999999997,609.2499999999998,615.6599999999997,1499
2026-04-30T13:45:00+00:00,615.6599999999997,616.9999999999998,610.2899999999997,614.4099999999997,1386
2026-04-30T13:50:00+00:00,614.4099999999997,615.2799999999997,611.0699999999997,611.2599999999998,1305
2026-04-30T13:55:00+00:00,611.2599999999998,611.4399999999997,609.5499999999997,610.8999999999997,1489
2026-04-30T14:00:00+00:00,610.8999999999997,612.4299999999997,609.5399999999997,610.6499999999997,1199
2026-04-30T14:05:00+00:00,610.6499999999997,613.2499999999998,610.1999999999997,610.3499999999997,1211
2026-04-30T14:10:00+00:00,610.3499999999997,610.8499999999997,609.5399999999997,609.8399999999997,1246
2026-04-30T14:15:00+00:00,609.8399999999997,609.8399999999997,607.1399999999998,607.3099999999997,1369
2026-04-30T14:20:00+00:00,607.3099999999997,608.1799999999997,607.0399999999997,607.2899999999997,1210
2026-04-30T14:25:00+00:00,607.2899999999997,609.2499999999998,607.0399999999997,609.2499999999998,1269
2026-04-30T14:30:00+00:00,609.2499999999998,611.3199999999997,608.1399999999998,610.8199999999997,1217
2026-04-30T14:35:00+00:00,610.8199999999997,612.5499999999997,609.5499999999997,611.3799999999998,1114
2026-04-30T14:40:00+00:00,611.3799999999998,611.6899999999997,609.5399999999997,609.7099999999997,1003
2026-04-30T14:45:00+00:00,609.7099999999997,612.2799999999997,609.4699999999997,610.9099999999997,1087
2026-04-30T14:50:00+00:00,610.9099999999997,613.7299999999997,610.2099999999997,613.3999999999997,1058
2026-04-30T14:55:00+00:00,613.3999999999997,615.3299999999997,613.2299999999997,615.1499999999997,1092
2026-04-30T15:00:00+00:00,615.1499999999997,616.6099999999997,614.8499999999997,615.5399999999997,1004
2026-04-30T15:05:00+00:00,615.5399999999997,615.5399999999997,611.8299999999997,612.4999999999998,1144
2026-04-30T15:10:00+00:00,612.4999999999998,613.2199999999997,611.6399999999998,613.0599999999997,1117
2026-04-30T15:15:00+00:00,613.0599999999997,614.1799999999997,612.3399999999997,612.7199999999997,850
2026-04-30T15:20:00+00:00,612.7199999999997,612.9799999999997,611.7899999999997,612.8299999999997,798
2026-04-30T15:25:00+00:00,612.8299999999997,614.2599999999998,612.5399999999997,613.4899999999997,902
2026-04-30T15:30:00+00:00,613.4899999999997,614.8599999999997,613.0699999999997,614.1799999999997,817
2026-04-30T15:35:00+00:00,614.1799999999997,614.4399999999997,613.0399999999997,613.3299999999997,790
2026-04-30T15:40:00+00:00,613.3299999999997,615.3499999999997,613.1399999999998,614.8799999999998,764
2026-04-30T15:45:00+00:00,614.8799999999998,614.8999999999997,613.1499999999997,614.3799999999998,881
2026-04-30T15:50:00+00:00,614.3799999999998,616.4399999999997,614.3399999999997,615.9099999999997,769
2026-04-30T15:55:00+00:00,615.9099999999997,616.4999999999998,615.0299999999997,615.0399999999997,711
2026-04-30T16:00:00+00:00,615.0399999999997,615.8299999999997,613.5099999999998,614.9499999999997,699
2026-04-30T16:05:00+00:00,614.9499999999997,616.1999999999997,614.6899999999997,615.0899999999997,712
2026-04-30T16:10:00+00:00,615.0899999999997,617.1199999999997,614.7999999999997,616.6899999999997,851
2026-04-30T16:15:00+00:00,616.6899999999997,617.1799999999997,615.2499999999998,616.1299999999998,709
2026-04-30T16:20:00+00:00,616.1299999999998,618.9799999999997,616.1299999999998,616.7299999999997,806
2026-04-30T16:25:00+00:00,616.7299999999997,618.0599999999997,615.6399999999998,615.7299999999997,854
2026-04-30T16:30:00+00:00,615.7299999999997,616.8899999999998,615.6399999999998,616.5599999999997,700
2026-04-30T16:35:00+00:00,616.5599999999997,616.9399999999997,614.8999999999997,615.2099999999997,703
2026-04-30T16:40:00+00:00,615.2099999999997,615.3299999999997,612.8199999999997,612.8199999999997,771
2026-04-30T16:45:00+00:00,612.8199999999997,614.7799999999997,612.5699999999997,614.5399999999997,714
2026-04-30T16:50:00+00:00,614.5399999999997,615.3599999999997,614.1599999999997,615.2099999999997,665
2026-04-30T16:55:00+00:00,615.2099999999997,615.3799999999998,613.9199999999997,615.0599999999997,702
2026-04-30T17:00:00+00:00,615.0599999999997,615.2799999999997,613.6399999999998,614.7699999999998,550
2026-04-30T17:05:00+00:00,614.7699999999998,614.9999999999998,613.9199999999997,614.9699999999997,574
2026-04-30T17:10:00+00:00,614.9699999999997,617.3199999999997,614.6299999999998,616.8099999999997,580
2026-04-30T17:15:00+00:00,616.8099999999997,616.8199999999997,614.6199999999997,615.1499999999997,615
2026-04-30T17:20:00+00:00,615.1499999999997,615.6399999999998,613.3199999999997,613.4499999999997,670
2026-04-30T17:25:00+00:00,613.4499999999997,614.4999999999998,613.2399999999997,614.4799999999997,599
2026-04-30T17:30:00+00:00,614.4799999999997,615.6599999999997,614.4799999999997,615.4899999999997,688
2026-04-30T17:35:00+00:00,615.4899999999997,615.9499999999997,615.0399999999997,615.6699999999997,563
2026-04-30T17:40:00+00:00,615.6699999999997,616.8699999999997,615.4099999999997,616.3999999999997,695
2026-04-30T17:45:00+00:00,616.3999999999997,619.4099999999997,616.1999999999997,617.4599999999997,779
2026-04-30T17:50:00+00:00,617.4599999999997,618.1499999999997,616.4399999999997,616.6499999999997,606
2026-04-30T17:55:00+00:00,616.6499999999997,620.5999999999997,616.3499999999997,620.2799999999997,733
2026-04-30T18:00:00+00:00,620.2799999999997,623.7399999999997,619.5899999999997,623.7299999999997,875
2026-04-30T18:05:00+00:00,623.7299999999997,623.8199999999997,622.0899999999997,622.8899999999998,800
2026-04-30T18:10:00+00:00,622.8899999999998,625.3299999999997,622.5499999999997,624.1499999999997,857
2026-04-30T18:15:00+00:00,624.1499999999997,625.3899999999998,623.0399999999997,623.0999999999997,761
2026-04-30T18:20:00+00:00,623.0999999999997,623.3199999999997,621.7099999999997,623.0199999999998,644
2026-04-30T18:25:00+00:00,623.0199999999998,623.6599999999997,621.5899999999997,623.0799999999997,607
2026-04-30T18:30:00+00:00,623.0799999999997,624.0999999999997,621.4899999999997,623.4799999999997,662
2026-04-30T18:35:00+00:00,623.4799999999997,624.8599999999997,623.3699999999997,623.8099999999997,745
2026-04-30T18:40:00+00:00,623.8099999999997,625.0799999999997,623.3999999999997,624.0499999999997,693
2026-04-30T18:45:00+00:00,624.0499999999997,624.2099999999997,623.0399999999997,623.5299999999997,589
2026-04-30T18:50:00+00:00,623.5299999999997,623.7199999999997,622.7199999999997,623.3599999999997,535
2026-04-30T18:55:00+00:00,623.3599999999997,623.7899999999997,622.7299999999997,623.1499999999997,546
2026-04-30T19:00:00+00:00,623.1499999999997,623.3299999999997,622.2999999999997,623.3099999999997,510
2026-04-30T19:05:00+00:00,623.3099999999997,623.3299999999997,621.6499999999997,622.0399999999997,593
2026-04-30T19:10:00+00:00,622.0399999999997,623.2299999999997,621.9399999999997,622.6099999999997,657
2026-04-30T19:15:00+00:00,622.6099999999997,623.5499999999997,621.9899999999997,622.4199999999997,611
2026-04-30T19:20:00+00:00,622.4199999999997,623.4999999999998,622.0399999999997,623.3499999999997,603
2026-04-30T19:25:00+00:00,623.3499999999997,624.9699999999997,622.6399999999998,624.0399999999997,718
2026-04-30T19:30:00+00:00,624.0399999999997,626.8699999999997,623.7099999999997,625.1899999999997,782
2026-04-30T19:35:00+00:00,625.1899999999997,626.0499999999997,624.2999999999997,625.0599999999997,736
2026-04-30T19:40:00+00:00,625.0599999999997,625.2299999999997,623.7399999999997,624.8499999999997,653
2026-04-30T19:45:00+00:00,624.8499999999997,624.8499999999997,620.7999999999997,621.5599999999997,785
2026-04-30T19:50:00+00:00,621.5599999999997,623.8899999999998,620.1699999999997,620.1799999999997,1220
2026-04-30T19:55:00+00:00,620.1799999999997,621.1199999999997,617.5499999999997,619.0699999999997,1424
2026-05-01T13:30:00+00:00,619.0699999999997,625.1999999999997,617.8199999999997,620.3699999999997,776
2026-05-01T13:35:00+00:00,620.3699999999997,621.3199999999997,618.1799999999997,619.1599999999997,757
2026-05-01T13:40:00+00:00,619.1599999999997,620.6299999999998,618.0499999999997,619.4099999999997,729
2026-05-01T13:45:00+00:00,619.4099999999997,619.7199999999997,617.1799999999997,618.6899999999997,841
2026-05-01T13:50:00+00:00,618.6899999999997,620.0399999999997,618.4599999999997,619.5499999999997,729
2026-05-01T13:55:00+00:00,619.5499999999997,621.0799999999997,619.0499999999997,620.2399999999997,727
2026-05-01T14:00:00+00:00,620.2399999999997,620.2399999999997,618.0499999999997,618.7599999999998,755
2026-05-01T14:05:00+00:00,618.7599999999998,621.0099999999998,618.3399999999997,620.3699999999997,591
2026-05-01T14:10:00+00:00,620.3699999999997,621.1999999999997,618.5899999999997,618.5999999999997,585
2026-05-01T14:15:00+00:00,618.5999999999997,620.8999999999997,618.1499999999997,620.8999999999997,605
2026-05-01T14:20:00+00:00,620.8999999999997,620.9699999999997,619.2399999999997,619.2599999999998,447
2026-05-01T14:25:00+00:00,619.2599999999998,619.6599999999997,618.0399999999997,618.2599999999998,475
2026-05-01T14:30:00+00:00,618.2599999999998,618.3599999999997,614.3399999999997,614.9599999999997,773
2026-05-01T14:35:00+00:00,614.9599999999997,615.3999999999997,613.0999999999997,615.0499999999997,841
2026-05-01T14:40:00+00:00,615.0499999999997,618.0899999999997,614.5499999999997,617.0699999999997,732
2026-05-01T14:45:00+00:00,617.0699999999997,618.2699999999998,617.0399999999997,618.1699999999997,553
2026-05-01T14:50:00+00:00,618.1699999999997,618.6099999999997,617.0399999999997,618.0299999999997,636
2026-05-01T14:55:00+00:00,618.0299999999997,619.3399999999997,617.8899999999998,618.4899999999997,600.1562657695542
2026-05-01T15:00:00+00:00,618.4899999999997,618.8699999999997,617.5599999999997,618.5899999999997,539
2026-05-01T15:05:00+00:00,618.5899999999997,619.3299999999997,618.5599999999997,618.9099999999997,593
2026-05-01T15:10:00+00:00,618.9099999999997,621.1399999999998,618.8499999999997,621.1399999999998,655
2026-05-01T15:15:00+00:00,621.1399999999998,621.9799999999997,620.4799999999997,620.6299999999997,600
2026-05-01T15:20:00+00:00,620.6299999999997,621.0499999999997,620.3399999999997,620.7799999999997,424
2026-05-01T15:25:00+00:00,620.7799999999997,621.8599999999997,620.5999999999997,621.3699999999997,491
2026-05-01T15:30:00+00:00,621.3699999999997,621.8599999999997,620.2499999999997,620.2699999999998,489
2026-05-01T15:35:00+00:00,620.2699999999998,621.4599999999997,619.9299999999997,620.2399999999997,568
2026-05-01T15:40:00+00:00,620.2399999999997,620.4999999999997,619.1399999999998,619.1399999999998,419
2026-05-01T15:45:00+00:00,619.1399999999998,619.4499999999997,618.2999999999997,618.3899999999998,432
2026-05-01T15:50:00+00:00,618.3899999999998,618.7999999999997,617.0299999999997,617.6999999999997,710
2026-05-01T15:55:00+00:00,617.6999999999997,619.0299999999997,617.6399999999998,618.9499999999997,420
2026-05-01T16:00:00+00:00,618.9499999999997,619.1699999999997,618.1199999999997,618.2499999999997,423
2026-05-01T16:05:00+00:00,618.2499999999997,618.3199999999997,617.0599999999997,617.1099999999997,434
2026-05-01T16:10:00+00:00,617.1099999999997,618.4699999999997,617.0799999999997,617.3699999999997,414
2026-05-01T16:15:00+00:00,617.3699999999997,618.8199999999997,617.3499999999997,618.7999999999997,375
2026-05-01T16:20:00+00:00,618.7999999999997,619.6899999999997,618.3099999999997,619.3699999999997,485
2026-05-01T16:25:00+00:00,619.3699999999997,619.4199999999997,618.5499999999997,619.1399999999998,473
2026-05-01T16:30:00+00:00,619.1399999999998,619.5999999999997,617.8399999999997,618.3699999999997,444
2026-05-01T16:35:00+00:00,618.3699999999997,618.7999999999997,617.8599999999997,618.6699999999997,331
2026-05-01T16:40:00+00:00,618.6699999999997,619.0599999999997,618.5899999999997,618.7999999999997,318
2026-05-01T16:45:00+00:00,618.7999999999997,619.2499999999997,618.5799999999997,619.1299999999997,376
2026-05-01T16:50:00+00:00,619.1299999999997,619.5599999999997,618.8399999999997,619.4899999999997,370
2026-05-01T16:55:00+00:00,619.4899999999997,620.7399999999997,619.0799999999997,619.4599999999997,409
2026-05-01T17:00:00+00:00,619.4599999999997,619.9499999999997,618.9999999999997,618.9999999999997,380
2026-05-01T17:05:00+00:00,618.9999999999997,619.1399999999998,618.5499999999997,619.0499999999997,360
2026-05-01T17:10:00+00:00,619.0499999999997,619.1599999999997,618.6499999999997,619.0299999999997,248
2026-05-01T17:15:00+00:00,619.0299999999997,620.5699999999997,618.9499999999997,620.4699999999997,431
2026-05-01T17:20:00+00:00,620.4699999999997,621.9799999999997,620.1999999999997,621.7299999999997,512
2026-05-01T17:25:00+00:00,621.7299999999997,622.6699999999997,621.2999999999997,622.6099999999997,411
2026-05-01T17:30:00+00:00,622.6099999999997,622.9599999999997,620.6099999999997,620.7599999999998,403
2026-05-01T17:35:00+00:00,620.7599999999998,621.2699999999998,620.7099999999997,621.0699999999997,403
2026-05-01T17:40:00+00:00,621.0699999999997,621.3199999999997,620.9399999999997,620.9599999999997,381
2026-05-01T17:45:00+00:00,620.9599999999997,621.1499999999997,618.8699999999997,619.0399999999997,511
2026-05-01T17:50:00+00:00,619.0399999999997,619.5899999999997,618.9499999999997,619.4099999999997,463
2026-05-01T17:55:00+00:00,619.4099999999997,619.4699999999997,618.9399999999997,619.0699999999997,441
2026-05-01T18:00:00+00:00,619.0699999999997,619.1799999999997,617.9299999999997,617.9999999999997,404
2026-05-01T18:05:00+00:00,617.9999999999997,618.6599999999997,617.7999999999997,618.5299999999997,466
2026-05-01T18:10:00+00:00,618.5299999999997,618.6699999999997,617.6699999999997,617.9199999999997,424
2026-05-01T18:15:00+00:00,617.9199999999997,618.1499999999997,617.4499999999997,618.1299999999997,390
2026-05-01T18:20:00+00:00,618.1299999999997,618.5299999999997,617.9299999999997,618.3699999999997,382
2026-05-01T18:25:00+00:00,618.3699999999997,619.0099999999998,618.0699999999997,618.7399999999997,410
2026-05-01T18:30:00+00:00,618.7399999999997,619.0899999999997,618.0699999999997,619.0699999999997,432
2026-05-01T18:35:00+00:00,619.0699999999997,620.5199999999998,618.9499999999997,620.0599999999997,607
2026-05-01T18:40:00+00:00,620.0599999999997,620.4699999999997,619.1499999999997,619.1699999999997,490
2026-05-01T18:45:00+00:00,619.1699999999997,619.9199999999997,618.8599999999997,618.9099999999997,372
2026-05-01T18:50:00+00:00,618.9099999999997,619.1599999999997,618.5699999999997,618.7299999999997,405
2026-05-01T18:55:00+00:00,618.7299999999997,618.9299999999997,617.7899999999997,618.1299999999997,423
2026-05-01T19:00:00+00:00,618.1299999999997,618.6299999999997,618.0499999999997,618.0899999999997,410
2026-05-01T19:05:00+00:00,618.0899999999997,618.7399999999997,617.8899999999998,618.1799999999997,387
2026-05-01T19:10:00+00:00,618.1799999999997,618.1999999999997,616.5199999999998,616.7099999999997,534
2026-05-01T19:15:00+00:00,616.7099999999997,617.8199999999997,616.6499999999997,617.5899999999997,519
2026-05-01T19:20:00+00:00,617.5899999999997,617.9199999999997,617.2399999999997,617.3999999999997,409
2026-05-01T19:25:00+00:00,617.3999999999997,618.4499999999997,617.0499999999997,618.1999999999997,426
2026-05-01T19:30:00+00:00,618.1999999999997,618.6499999999997,618.0499999999997,618.3499999999997,471
2026-05-01T19:35:00+00:00,618.3499999999997,618.8099999999997,618.0499999999997,618.2799999999997,392
2026-05-01T19:40:00+00:00,618.2799999999997,619.6199999999997,618.0599999999997,619.4599999999997,514
2026-05-01T19:45:00+00:00,619.4599999999997,619.6899999999997,618.2499999999997,618.5599999999997,415
2026-05-01T19:50:00+00:00,618.5599999999997,618.9299999999997,617.0499999999997,617.1999999999997,646
2026-05-01T19:55:00+00:00,617.1999999999997,617.1999999999997,615.2099999999997,615.9899999999997,636
2026-05-04T13:30:00+00:00,615.9899999999997,615.9899999999997,611.3699999999997,613.3999999999997,832
2026-05-04T13:35:00+00:00,613.3999999999997,615.1999999999997,612.6799999999997,613.8499999999997,741
2026-05-04T13:40:00+00:00,613.8499999999997,614.5599999999997,612.1699999999997,612.6199999999997,702
2026-05-04T13:45:00+00:00,612.6199999999997,613.5499999999997,611.1799999999997,612.6799999999997,670
2026-05-04T13:50:00+00:00,612.6799999999997,613.4499999999997,612.1999999999997,612.3399999999997,600
2026-05-04T13:55:00+00:00,612.3399999999997,612.7799999999997,611.0899999999997,611.1199999999997,624
2026-05-04T14:00:00+00:00,611.1199999999997,611.7199999999997,610.2399999999997,611.0199999999998,657
2026-05-04T14:05:00+00:00,611.0199999999998,611.1499999999997,609.8499999999997,609.8499999999997,585
2026-05-04T14:10:00+00:00,609.8499999999997,612.4799999999997,609.7999999999997,612.1499999999997,581
2026-05-04T14:15:00+00:00,612.1499999999997,613.7099999999997,612.0599999999997,613.7099999999997,498
2026-05-04T14:20:00+00:00,613.7099999999997,614.5099999999998,612.9599999999997,613.2499999999997,458
2026-05-04T14:25:00+00:00,613.2499999999997,613.8499999999997,612.6099999999997,612.6599999999997,483
2026-05-04T14:30:00+00:00,612.6599999999997,613.7699999999998,612.3999999999997,613.6299999999997,438
2026-05-04T14:35:00+00:00,613.6299999999997,614.3499999999997,612.8799999999997,614.2199999999997,451
2026-05-04T14:40:00+00:00,614.2199999999997,617.2499999999997,614.1799999999997,616.9199999999997,703
2026-05-04T14:45:00+00:00,616.9199999999997,618.7899999999997,616.5599999999997,617.6499999999997,655
2026-05-04T14:50:00+00:00,617.6499999999997,620.0599999999997,617.2899999999997,619.7099999999997,624
2026-05-04T14:55:00+00:00,619.7099999999997,620.3299999999997,618.4499999999997,619.4099999999997,685
2026-05-04T15:00:00+00:00,619.4099999999997,620.7499999999997,618.6599999999997,619.2099999999997,618
2026-05-04T15:05:00+00:00,619.2099999999997,619.2399999999997,617.9499999999997,618.5199999999998,530
2026-05-04T15:10:00+00:00,618.5199999999998,619.0699999999997,617.7299999999997,618.1199999999997,468
2026-05-04T15:15:00+00:00,618.1199999999997,618.5999999999997,615.5599999999997,615.5699999999997,552
2026-05-04T15:20:00+00:00,615.5699999999997,615.7399999999997,614.0099999999998,614.1799999999997,674
2026-05-04T15:25:00+00:00,614.1799999999997,616.3899999999998,614.1599999999997,615.1299999999997,686
2026-05-04T15:30:00+00:00,615.1299999999997,615.4599999999997,613.9799999999997,614.6499999999997,493
2026-05-04T15:35:00+00:00,614.6499999999997,615.2999999999997,613.6099999999997,614.4499999999997,504
2026-05-04T15:40:00+00:00,614.4499999999997,615.6299999999997,613.4399999999997,615.4799999999997,402
2026-05-04T15:45:00+00:00,615.4799999999997,615.9099999999997,615.1499999999997,615.5899999999997,453
2026-05-04T15:50:00+00:00,615.5899999999997,616.9099999999997,614.8399999999997,616.5999999999997,586
2026-05-04T15:55:00+00:00,616.5999999999997,617.6899999999997,615.1599999999997,615.2399999999997,426
2026-05-04T16:00:00+00:00,615.2399999999997,615.7499999999997,614.5599999999997,615.3399999999997,361
2026-05-04T16:05:00+00:00,615.3399999999997,616.5399999999997,614.0699999999997,614.7199999999997,538
2026-05-04T16:10:00+00:00,614.7199999999997,615.9699999999997,614.3399999999997,615.7799999999997,474
2026-05-04T16:15:00+00:00,615.7799999999997,617.9599999999997,615.3399999999997,617.6999999999997,532
2026-05-04T16:20:00+00:00,617.6999999999997,618.6799999999997,617.4899999999997,618.1699999999997,421
2026-05-04T16:25:00+00:00,618.1699999999997,619.0599999999997,617.8499999999997,618.1499999999997,431
2026-05-04T16:30:00+00:00,618.1499999999997,619.2899999999997,617.9699999999997,619.2499999999997,308
2026-05-04T16:35:00+00:00,619.2499999999997,619.3599999999997,617.8399999999997,618.1899999999997,453
2026-05-04T16:40:00+00:00,618.1899999999997,619.0699999999997,618.1699999999997,618.5399999999997,400
2026-05-04T16:45:00+00:00,618.5399999999997,618.5399999999997,617.1899999999997,617.2099999999997,371
2026-05-04T16:50:00+00:00,617.2099999999997,617.8199999999997,616.9299999999997,617.0499999999997,368
2026-05-04T16:55:00+00:00,617.0499999999997,617.6499999999997,616.5999999999997,617.5599999999997,390
2026-05-04T17:00:00+00:00,617.5599999999997,618.7599999999998,617.1599999999997,618.0599999999997,426
2026-05-04T17:05:00+00:00,618.0599999999997,619.3499999999997,618.0599999999997,618.2599999999998,332
2026-05-04T17:10:00+00:00,618.2599999999998,618.3499999999997,617.7299999999997,618.1099999999997,288
2026-05-04T17:15:00+00:00,618.1099999999997,619.2999999999997,617.9799999999997,619.1299999999997,380
2026-05-04T17:20:00+00:00,619.1299999999997,619.7899999999997,618.8499999999997,618.9799999999997,373
2026-05-04T17:25:00+00:00,618.9799999999997,619.1599999999997,618.1299999999997,618.8699999999997,314
2026-05-04T17:30:00+00:00,618.8699999999997,619.4299999999997,618.5499999999997,618.5699999999997,342
2026-05-04T17:35:00+00:00,618.5699999999997,619.4099999999997,618.2499999999997,619.3599999999997,319
2026-05-04T17:40:00+00:00,619.3599999999997,619.6799999999997,619.0499999999997,619.5299999999997,352
2026-05-04T17:45:00+00:00,619.5299999999997,620.3399999999997,618.7399999999997,620.0699999999997,365
2026-05-04T17:50:00+00:00,620.0699999999997,620.9099999999997,619.8099999999997,620.3699999999997,499
2026-05-04T17:55:00+00:00,620.3699999999997,620.6699999999997,620.0599999999997,620.2099999999997,295
2026-05-04T18:00:00+00:00,620.2099999999997,620.9099999999997,620.0699999999997,620.4099999999997,288
2026-05-04T18:05:00+00:00,620.4099999999997,620.7199999999997,619.8599999999997,620.0699999999997,310
2026-05-04T18:10:00+00:00,620.0699999999997,620.5199999999998,619.1299999999997,619.2899999999997,248
2026-05-04T18:15:00+00:00,619.2899999999997,619.6999999999997,619.2299999999997,619.5299999999997,275
2026-05-04T18:20:00+00:00,619.5299999999997,619.5599999999997,618.9599999999997,619.0899999999997,287
2026-05-04T18:25:00+00:00,619.0899999999997,619.2999999999997,618.0699999999997,619.1199999999997,350
2026-05-04T18:30:00+00:00,619.1199999999997,619.1399999999998,618.6299999999997,618.9299999999997,206
2026-05-04T18:35:00+00:00,618.9299999999997,619.6499999999997,618.7499999999997,619.6499999999997,241
2026-05-04T18:40:00+00:00,619.6499999999997,619.7999999999997,619.0499999999997,619.0799999999997,267
2026-05-04T18:45:00+00:00,619.0799999999997,619.3699999999997,618.8299999999997,619.0299999999997,260
2026-05-04T18:50:00+00:00,619.0299999999997,619.0499999999997,617.5599999999997,617.9199999999997,355
2026-05-04T18:55:00+00:00,617.9199999999997,618.9399999999997,617.9099999999997,618.6899999999997,280
2026-05-04T19:00:00+00:00,618.6899999999997,618.9499999999997,618.0499999999997,618.5799999999997,311
2026-05-04T19:05:00+00:00,618.5799999999997,619.1699999999997,617.7899999999997,618.7399999999997,335
2026-05-04T19:10:00+00:00,618.7399999999997,618.7999999999997,617.2299999999997,618.4799999999997,329
2026-05-04T19:15:00+00:00,618.4799999999997,618.6499999999997,617.8899999999998,618.3899999999998,289
2026-05-04T19:20:00+00:00,618.3899999999998,618.5999999999997,618.3099999999997,618.3199999999997,218
2026-05-04T19:25:00+00:00,618.3199999999997,619.3499999999997,618.1999999999997,619.2599999999998,294
2026-05-04T19:30:00+00:00,619.2599999999998,620.1899999999997,619.0599999999997,619.1599999999997,390
2026-05-04T19:35:00+00:00,619.1599999999997,619.3699999999997,618.3999999999997,618.4199999999997,271
2026-05-04T19:40:00+00:00,618.4199999999997,619.1199999999997,618.4199999999997,618.5699999999997,386
2026-05-04T19:45:00+00:00,618.5699999999997,619.2099999999997,618.5599999999997,619.1299999999997,296
2026-05-04T19:50:00+00:00,619.1299999999997,619.1299999999997,617.7499999999997,617.9199999999997,431
2026-05-04T19:55:00+00:00,617.9199999999997,618.0299999999997,617.0599999999997,617.5899999999997,938
2026-05-05T13:30:00+00:00,617.5899999999997,621.0599999999997,615.1499999999997,615.7999999999997,717
2026-05-05T13:35:00+00:00,615.7999999999997,616.2699999999998,613.7399999999997,613.7399999999997,731
2026-05-05T13:40:00+00:00,613.7399999999997,615.0799999999997,613.1799999999997,613.5599999999997,683
2026-05-05T13:45:00+00:00,613.5599999999997,615.4699999999997,612.8999999999997,613.3699999999997,747
2026-05-05T13:50:00+00:00,613.3699999999997,614.4199999999997,612.9999999999997,613.3599999999997,691
2026-05-05T13:55:00+00:00,613.3599999999997,614.2299999999997,613.1699999999997,613.8899999999998,529
2026-05-05T14:00:00+00:00,613.8899999999998,614.7099999999997,612.3999999999997,614.7099999999997,661
2026-05-05T14:05:00+00:00,614.7099999999997,614.8399999999997,613.7399999999997,613.7799999999997,536
2026-05-05T14:10:00+00:00,613.7799999999997,613.9699999999997,611.9799999999997,612.1899999999997,628
2026-05-05T14:15:00+00:00,612.1899999999997,612.2899999999997,610.5599999999997,611.0799999999997,756
2026-05-05T14:20:00+00:00,611.0799999999997,611.9699999999997,610.7999999999997,611.8599999999997,632
2026-05-05T14:25:00+00:00,611.8599999999997,612.0799999999997,611.1499999999997,611.4499999999997,504
2026-05-05T14:30:00+00:00,611.4499999999997,612.6099999999997,610.9099999999997,612.4799999999997,440
2026-05-05T14:35:00+00:00,612.4799999999997,613.0399999999997,612.1499999999997,612.1699999999997,586
2026-05-05T14:40:00+00:00,612.1699999999997,612.1799999999997,611.3099999999997,611.5699999999997,386
2026-05-05T14:45:00+00:00,611.5699999999997,611.7199999999997,610.9299999999997,611.0599999999997,514
2026-05-05T14:50:00+00:00,611.0599999999997,611.0799999999997,609.0499999999997,610.1499999999997,705
2026-05-05T14:55:00+00:00,610.1499999999997,610.5399999999997,609.6099999999997,609.8499999999997,527
2026-05-05T15:00:00+00:00,609.8499999999997,610.1299999999997,608.4899999999997,609.2899999999997,601
2026-05-05T15:05:00+00:00,609.2899999999997,610.1199999999997,608.8499999999997,609.9199999999997,520
2026-05-05T15:10:00+00:00,609.9199999999997,610.4599999999997,609.5499999999997,609.7999999999997,391
2026-05-05T15:15:00+00:00,609.7999999999997,610.8199999999997,608.7599999999998,610.2799999999997,523
2026-05-05T15:20:00+00:00,610.2799999999997,611.1699999999997,610.1099999999997,610.5899999999997,430
2026-05-05T15:25:00+00:00,610.5899999999997,611.5499999999997,610.5899999999997,611.5199999999998,406
2026-05-05T15:30:00+00:00,611.5199999999998,612.1299999999997,611.2199999999997,611.2299999999997,410
2026-05-05T15:35:00+00:00,611.2299999999997,611.4199999999997,610.8499999999997,611.0899999999997,353
2026-05-05T15:40:00+00:00,611.0899999999997,611.3199999999997,610.7599999999998,611.0599999999997,366
2026-05-05T15:45:00+00:00,611.0599999999997,611.6199999999997,610.9499999999997,611.1199999999997,312
2026-05-05T15:50:00+00:00,611.1199999999997,611.1499999999997,610.1699999999997,610.2999999999997,316
2026-05-05T15:55:00+00:00,610.2999999999997,610.3199999999997,609.1099999999997,609.1999999999997,455
2026-05-05T16:00:00+00:00,609.1999999999997,609.6899999999997,609.0499999999997,609.2699999999998,369
2026-05-05T16:05:00+00:00,609.2699999999998,609.3799999999997,608.5599999999997,608.6199999999997,371
2026-05-05T16:10:00+00:00,608.6199999999997,608.6799999999997,607.9099999999997,607.9299999999997,460
2026-05-05T16:15:00+00:00,607.9299999999997,608.4199999999997,607.3999999999997,608.2899999999997,469
2026-05-05T16:20:00+00:00,608.2899999999997,609.3199999999997,608.2899999999997,608.8699999999997,370
2026-05-05T16:25:00+00:00,608.8699999999997,608.8799999999997,608.2199999999997,608.3999999999997,403
2026-05-05T16:30:00+00:00,608.3999999999997,608.6299999999997,607.8199999999997,608.2299999999997,384
2026-05-05T16:35:00+00:00,608.2299999999997,608.5199999999998,607.9499999999997,608.3399999999997,344
2026-05-05T16:40:00+00:00,608.3399999999997,608.9599999999997,607.8699999999997,608.8199999999997,319
2026-05-05T16:45:00+00:00,608.8199999999997,608.8599999999997,608.4499999999997,608.6499999999997,229
2026-05-05T16:50:00+00:00,608.6499999999997,608.8099999999997,608.0799999999997,608.2699999999998,276
2026-05-05T16:55:00+00:00,608.2699999999998,608.9899999999997,608.1299999999997,608.6699999999997,280
2026-05-05T17:00:00+00:00,608.6699999999997,608.8099999999997,608.4799999999997,608.6499999999997,286
2026-05-05T17:05:00+00:00,608.6499999999997,608.6499999999997,608.2199999999997,608.3799999999997,269
2026-05-05T17:10:00+00:00,608.3799999999997,608.5299999999997,608.1999999999997,608.4399999999997,224
2026-05-05T17:15:00+00:00,608.4399999999997,608.8199999999997,608.3599999999997,608.5399999999997,233
2026-05-05T17:20:00+00:00,608.5399999999997,609.3499999999997,608.5299999999997,609.2499999999997,346
2026-05-05T17:25:00+00:00,609.2499999999997,609.3799999999997,608.7999999999997,609.1199999999997,290
2026-05-05T17:30:00+00:00,609.1199999999997,609.8299999999997,609.1199999999997,609.3199999999997,227
2026-05-05T17:35:00+00:00,609.3199999999997,609.6799999999997,609.1599999999997,609.4499999999997,247
2026-05-05T17:40:00+00:00,609.4499999999997,610.4199999999997,609.4499999999997,610.2299999999997,312
2026-05-05T17:45:00+00:00,610.2299999999997,610.7699999999998,609.9599999999997,610.1899999999997,301
2026-05-05T17:50:00+00:00,610.1899999999997,611.4699999999997,610.1599999999997,611.3899999999998,307
2026-05-05T17:55:00+00:00,611.3899999999998,611.4599999999997,610.4399999999997,610.4699999999997,292
2026-05-05T18:00:00+00:00,610.4699999999997,611.2599999999998,610.3599999999997,611.0599999999997,256
2026-05-05T18:05:00+00:00,611.0599999999997,611.1399999999998,610.4499999999997,610.5699999999997,288
2026-05-05T18:10:00+00:00,610.5699999999997,611.6199999999997,610.5699999999997,611.6099999999997,256
2026-05-05T18:15:00+00:00,611.6099999999997,612.0999999999997,611.4199999999997,611.6399999999998,269
2026-05-05T18:20:00+00:00,611.6399999999998,611.7299999999997,610.8599999999997,610.9699999999997,227
2026-05-05T18:25:00+00:00,610.9699999999997,611.1099999999997,609.7399999999997,609.7599999999998,237
2026-05-05T18:30:00+00:00,609.7599999999998,610.1399999999998,609.6699999999997,609.7799999999997,283
2026-05-05T18:35:00+00:00,609.7799999999997,609.9599999999997,609.4599999999997,609.7199999999997,304
2026-05-05T18:40:00+00:00,609.7199999999997,610.0499999999997,609.3499999999997,609.3599999999997,224
2026-05-05T18:45:00+00:00,609.3599999999997,609.4499999999997,608.9199999999997,608.9199999999997,255
2026-05-05T18:50:00+00:00,608.9199999999997,609.3899999999998,607.8399999999997,607.8999999999997,358
2026-05-05T18:55:00+00:00,607.8999999999997,608.3799999999997,607.7699999999998,608.0599999999997,325
2026-05-05T19:00:00+00:00,608.0599999999997,608.6999999999997,607.5799999999997,608.5399999999997,304
2026-05-05T19:05:00+00:00,608.5399999999997,609.5499999999997,608.5399999999997,609.5499999999997,297
2026-05-05T19:10:00+00:00,609.5499999999997,610.4399999999997,609.4699999999997,610.2899999999997,359
2026-05-05T19:15:00+00:00,610.2899999999997,612.0199999999998,610.1199999999997,610.8599999999997,435
2026-05-05T19:20:00+00:00,610.8599999999997,612.4199999999997,610.8599999999997,612.3399999999997,370
2026-05-05T19:25:00+00:00,612.3399999999997,612.8999999999997,612.1299999999997,612.7399999999997,432
2026-05-05T19:30:00+00:00,612.7399999999997,613.7599999999998,612.5599999999997,613.2699999999998,417
2026-05-05T19:35:00+00:00,613.2699999999998,613.6399999999998,612.7099999999997,612.9299999999997,349
2026-05-05T19:40:00+00:00,612.9299999999997,613.5399999999997,612.3899999999998,612.7099999999997,363
2026-05-05T19:45:00+00:00,612.7099999999997,613.1499999999997,612.3799999999997,613.1199999999997,376
2026-05-05T19:50:00+00:00,613.1199999999997,613.5599999999997,612.7999999999997,612.7999999999997,448
2026-05-05T19:55:00+00:00,612.7999999999997,612.8199999999997,610.7999999999997,612.1199999999997,773
2026-05-06T13:30:00+00:00,612.1199999999997,612.1199999999997,607.1099999999997,610.5599999999997,764
2026-05-06T13:35:00+00:00,610.5599999999997,610.7499999999997,605.5499999999997,607.1899999999997,906
2026-05-06T13:40:00+00:00,607.1899999999997,607.5299999999997,605.1499999999997,606.3699999999997,855
2026-05-06T13:45:00+00:00,606.3699999999997,608.0999999999997,605.9499999999997,607.6999999999997,787
2026-05-06T13:50:00+00:00,607.6999999999997,609.6599999999997,605.8499999999997,608.8199999999997,669
2026-05-06T13:55:00+00:00,608.8199999999997,611.3899999999998,608.5499999999997,610.5999999999997,650
2026-05-06T14:00:00+00:00,610.5999999999997,614.3199999999997,610.5999999999997,613.1199999999997,760
2026-05-06T14:05:00+00:00,613.1199999999997,615.9499999999997,613.1199999999997,615.7599999999998,827
2026-05-06T14:10:00+00:00,615.7599999999998,620.6299999999997,615.5399999999997,619.0799999999997,935
2026-05-06T14:15:00+00:00,619.0799999999997,623.5899999999997,618.9499999999997,623.1999999999997,1084
2026-05-06T14:20:00+00:00,623.1999999999997,624.9199999999997,622.5899999999997,623.5699999999997,837
2026-05-06T14:25:00+00:00,623.5699999999997,625.5299999999997,621.3499999999997,621.3599999999997,846
2026-05-06T14:30:00+00:00,621.3599999999997,624.4799999999997,620.1999999999997,623.9999999999997,694
2026-05-06T14:35:00+00:00,623.9999999999997,626.9099999999997,623.9999999999997,625.5599999999997,731
2026-05-06T14:40:00+00:00,625.5599999999997,626.2499999999997,624.2999999999997,626.2099999999997,635
2026-05-06T14:45:00+00:00,626.2099999999997,626.2699999999998,623.7599999999998,624.1899999999997,655
2026-05-06T14:50:00+00:00,624.1899999999997,624.1899999999997,622.5599999999997,622.7699999999998,575
2026-05-06T14:55:00+00:00,622.7699999999998,625.7999999999997,622.3699999999997,624.0899999999998,581.9657829839704
2026-05-06T15:00:00+00:00,624.0899999999998,625.2699999999998,623.2599999999998,623.3199999999998,526
2026-05-06T15:05:00+00:00,623.3199999999998,623.4599999999998,621.6499999999997,621.7799999999997,479
2026-05-06T15:10:00+00:00,621.7799999999997,622.1299999999998,620.1199999999998,620.8499999999998,575
2026-05-06T15:15:00+00:00,620.8499999999998,621.8499999999998,620.4599999999998,621.3599999999998,453
2026-05-06T15:20:00+00:00,621.3599999999998,621.4299999999997,619.2099999999998,619.3299999999998,510
2026-05-06T15:25:00+00:00,619.3299999999998,620.4299999999997,619.2299999999998,619.7299999999998,506
2026-05-06T15:30:00+00:00,619.7299999999998,620.4499999999998,619.5999999999998,620.2799999999997,484
2026-05-06T15:35:00+00:00,620.2799999999997,621.3199999999998,620.0999999999998,621.1099999999998,453
2026-05-06T15:40:00+00:00,621.1099999999998,621.9199999999997,620.3299999999998,620.3899999999998,323
2026-05-06T15:45:00+00:00,620.3899999999998,621.3299999999998,620.3299999999998,620.9199999999997,324
2026-05-06T15:50:00+00:00,620.9199999999997,621.2299999999998,620.1999999999998,620.5499999999997,319
2026-05-06T15:55:00+00:00,620.5499999999997,620.7499999999998,619.6399999999998,620.1499999999997,293
2026-05-06T16:00:00+00:00,620.1499999999997,620.2199999999998,618.8999999999997,619.3299999999998,291
2026-05-06T16:05:00+00:00,619.3299999999998,619.8199999999998,619.1099999999998,619.4399999999998,306
2026-05-06T16:10:00+00:00,619.4399999999998,620.3599999999998,619.3999999999997,620.1999999999998,278
2026-05-06T16:15:00+00:00,620.1999999999998,620.2399999999998,619.4799999999998,619.9199999999997,269
2026-05-06T16:20:00+00:00,619.9199999999997,620.4199999999997,619.5799999999998,619.5799999999998,287
2026-05-06T16:25:00+00:00,619.5799999999998,620.3399999999998,619.5699999999998,619.6599999999997,327
2026-05-06T16:30:00+00:00,619.6599999999997,619.8699999999998,619.3899999999998,619.5299999999997,313
2026-05-06T16:35:00+00:00,619.5299999999997,619.8299999999998,618.3199999999998,618.4599999999998,346
2026-05-06T16:40:00+00:00,618.4599999999998,618.9799999999998,618.3899999999998,618.9499999999998,241
2026-05-06T16:45:00+00:00,618.9499999999998,618.9899999999998,618.3499999999998,618.5099999999998,254
2026-05-06T16:50:00+00:00,618.5099999999998,618.8799999999998,617.9499999999998,617.9499999999998,274
2026-05-06T16:55:00+00:00,617.9499999999998,619.3299999999998,617.6899999999998,619.1299999999998,366
2026-05-06T17:00:00+00:00,619.1299999999998,620.6499999999997,618.7799999999997,620.3599999999998,249
2026-05-06T17:05:00+00:00,620.3599999999998,620.8999999999997,620.3599999999998,620.8099999999998,312
2026-05-06T17:10:00+00:00,620.8099999999998,621.0399999999997,620.3099999999998,620.3099999999998,299
2026-05-06T17:15:00+00:00,620.3099999999998,620.5299999999997,619.7299999999998,620.2299999999998,243
2026-05-06T17:20:00+00:00,620.2299999999998,620.9099999999997,620.2299999999998,620.4099999999997,230
2026-05-06T17:25:00+00:00,620.4099999999997,620.5799999999998,619.8999999999997,620.3899999999998,259
2026-05-06T17:30:00+00:00,620.3899999999998,620.4499999999998,619.6699999999997,619.6799999999997,206
2026-05-06T17:35:00+00:00,619.6799999999997,619.9299999999997,619.0099999999998,619.0099999999998,351
2026-05-06T17:40:00+00:00,619.0099999999998,619.2699999999998,618.5899999999998,618.9199999999997,319
2026-05-06T17:45:00+00:00,618.9199999999997,619.5399999999997,618.5999999999998,619.4799999999998,250
2026-05-06T17:50:00+00:00,619.4799999999998,619.8099999999998,619.3699999999998,619.5099999999998,182
2026-05-06T17:55:00+00:00,619.5099999999998,620.2999999999997,619.4999999999998,619.9499999999998,200
2026-05-06T18:00:00+00:00,619.9499999999998,620.9099999999997,619.3499999999998,619.3699999999998,202
2026-05-06T18:05:00+00:00,619.3699999999998,619.6799999999997,619.1199999999998,619.3899999999998,176
2026-05-06T18:10:00+00:00,619.3899999999998,621.2799999999997,619.3799999999998,621.0099999999998,226
2026-05-06T18:15:00+00:00,621.0099999999998,621.2499999999998,620.7399999999998,620.8499999999998,228
2026-05-06T18:20:00+00:00,620.8499999999998,620.9599999999998,620.3699999999998,620.7199999999998,190
2026-05-06T18:25:00+00:00,620.7199999999998,621.3199999999998,620.3099999999998,621.2899999999997,210
2026-05-06T18:30:00+00:00,621.2899999999997,621.8599999999998,621.2299999999998,621.4799999999998,246
2026-05-06T18:35:00+00:00,621.4799999999998,622.4199999999997,621.3299999999998,621.5199999999998,363
2026-05-06T18:40:00+00:00,621.5199999999998,621.7299999999998,621.0999999999998,621.4999999999998,266
2026-05-06T18:45:00+00:00,621.4999999999998,621.9599999999998,620.9699999999998,621.2499999999998,256
2026-05-06T18:50:00+00:00,621.2499999999998,621.5299999999997,621.0499999999997,621.3899999999998,233
2026-05-06T18:55:00+00:00,621.3899999999998,622.0099999999998,621.1999999999998,621.8499999999998,295
2026-05-06T19:00:00+00:00,621.8499999999998,622.3899999999998,621.3299999999998,621.3299999999998,250
2026-05-06T19:05:00+00:00,621.3299999999998,621.3599999999998,620.6999999999998,620.7199999999998,270
2026-05-06T19:10:00+00:00,620.7199999999998,620.7699999999998,619.8799999999998,620.0499999999997,247
2026-05-06T19:15:00+00:00,620.0499999999997,620.0799999999998,619.4599999999998,619.4999999999998,267
2026-05-06T19:20:00+00:00,619.4999999999998,619.9899999999998,619.3399999999998,619.6599999999997,224
2026-05-06T19:25:00+00:00,619.6599999999997,619.7499999999998,619.1699999999997,619.6199999999998,268
2026-05-06T19:30:00+00:00,619.6199999999998,619.7499999999998,619.3799999999998,619.3899999999998,346
2026-05-06T19:35:00+00:00,619.3899999999998,619.7199999999998,619.1899999999998,619.6999999999998,323
2026-05-06T19:40:00+00:00,619.6999999999998,619.6999999999998,619.0999999999998,619.2299999999998,320
2026-05-06T19:45:00+00:00,619.2299999999998,619.4399999999998,619.0999999999998,619.4099999999997,320
2026-05-06T19:50:00+00:00,619.4099999999997,620.3499999999998,619.1999999999998,619.8599999999998,570
2026-05-06T19:55:00+00:00,619.8599999999998,620.6599999999997,618.7599999999998,619.3599999999998,1017
2026-05-07T13:30:00+00:00,619.3599999999998,629.0099999999998,619.3599999999998,628.2699999999998,650
2026-05-07T13:35:00+00:00,628.2699999999998,629.8199999999998,627.0999999999998,629.5799999999998,537
2026-05-07T13:40:00+00:00,629.5799999999998,630.0999999999998,627.4299999999997,628.2399999999998,417
2026-05-07T13:45:00+00:00,628.2399999999998,628.4899999999998,626.6999999999998,626.6999999999998,411
2026-05-07T13:50:00+00:00,626.6999999999998,629.2799999999997,626.5299999999997,628.6799999999997,374
2026-05-07T13:55:00+00:00,628.6799999999997,629.6699999999997,628.0999999999998,629.3399999999998,339
2026-05-07T14:00:00+00:00,629.3399999999998,631.7799999999997,629.0999999999998,629.3199999999998,576
2026-05-07T14:05:00+00:00,629.3199999999998,630.6999999999998,628.8299999999998,629.4099999999997,373
2026-05-07T14:10:00+00:00,629.4099999999997,629.6699999999997,628.4299999999997,628.7999999999997,285
2026-05-07T14:15:00+00:00,628.7999999999997,629.2599999999998,627.3499999999998,629.1399999999998,388
2026-05-07T14:20:00+00:00,629.1399999999998,629.5199999999998,628.0999999999998,628.8499999999998,274
2026-05-07T14:25:00+00:00,628.8499999999998,629.8299999999998,627.9199999999997,627.9399999999998,292
2026-05-07T14:30:00+00:00,627.9399999999998,627.9399999999998,626.6999999999998,627.6599999999997,326
2026-05-07T14:35:00+00:00,627.6599999999997,627.6599999999997,626.6999999999998,627.6199999999998,299
2026-05-07T14:40:00+00:00,627.6199999999998,628.4299999999997,627.4599999999998,628.2999999999997,311
2026-05-07T14:45:00+00:00,628.2999999999997,629.8099999999998,628.2999999999997,629.5699999999998,360
2026-05-07T14:50:00+00:00,629.5699999999998,631.2799999999997,629.5199999999998,631.0599999999998,335
2026-05-07T14:55:00+00:00,631.0599999999998,631.9999999999998,629.5299999999997,629.9599999999998,372
2026-05-07T15:00:00+00:00,629.9599999999998,631.2599999999998,629.8199999999998,630.3999999999997,319
2026-05-07T15:05:00+00:00,630.3999999999997,630.6599999999997,628.3299999999998,629.0499999999997,345
2026-05-07T15:10:00+00:00,629.0499999999997,630.1199999999998,629.0499999999997,629.7299999999998,261
2026-05-07T15:15:00+00:00,629.7299999999998,630.7099999999998,629.3199999999998,630.3499999999998,250
2026-05-07T15:20:00+00:00,630.3499999999998,630.8099999999998,629.4999999999998,629.9399999999998,250
2026-05-07T15:25:00+00:00,629.9399999999998,630.2299999999998,628.3299999999998,628.3699999999998,351
2026-05-07T15:30:00+00:00,628.3699999999998,629.1499999999997,628.3499999999998,628.6399999999998,254
2026-05-07T15:35:00+00:00,628.6399999999998,629.5899999999998,628.3299999999998,628.6599999999997,268
2026-05-07T15:40:00+00:00,628.6599999999997,628.6799999999997,627.4799999999998,627.9799999999998,269
2026-05-07T15:45:00+00:00,627.9799999999998,629.9799999999998,627.9799999999998,629.5799999999998,281
2026-05-07T15:50:00+00:00,629.5799999999998,630.0899999999998,629.1599999999997,629.4299999999997,207
2026-05-07T15:55:00+00:00,629.4299999999997,630.4199999999997,628.5799999999998,628.8199999999998,316
2026-05-07T16:00:00+00:00,628.8199999999998,629.2699999999998,627.6999999999998,627.6999999999998,243
2026-05-07T16:05:00+00:00,627.6999999999998,627.7399999999998,626.6499999999997,627.3899999999998,338
2026-05-07T16:10:00+00:00,627.3899999999998,627.5799999999998,625.3999999999997,625.7799999999997,295
2026-05-07T16:15:00+00:00,625.7799999999997,625.7799999999997,623.5999999999998,623.6099999999998,373
2026-05-07T16:20:00+00:00,623.6099999999998,625.7099999999998,623.4099999999997,625.1699999999997,346
2026-05-07T16:25:00+00:00,625.1699999999997,627.0699999999998,625.1099999999998,626.8099999999998,288
2026-05-07T16:30:00+00:00,626.8099999999998,626.8699999999998,625.7599999999998,625.8899999999998,291
2026-05-07T16:35:00+00:00,625.8899999999998,626.6599999999997,625.1399999999998,625.1499999999997,236
2026-05-07T16:40:00+00:00,625.1499999999997,625.7599999999998,624.7099999999998,625.5999999999998,195
2026-05-07T16:45:00+00:00,625.5999999999998,625.6899999999998,623.9199999999997,624.1099999999998,172
2026-05-07T16:50:00+00:00,624.1099999999998,624.1799999999997,623.1299999999998,623.9399999999998,287
2026-05-07T16:55:00+00:00,623.9399999999998,624.1999999999998,623.1499999999997,623.8199999999998,205
2026-05-07T17:00:00+00:00,623.8199999999998,624.7299999999998,623.1499999999997,624.2899999999997,250
2026-05-07T17:05:00+00:00,624.2899999999997,625.0799999999998,622.0499999999997,622.0699999999998,246
2026-05-07T17:10:00+00:00,622.0699999999998,622.8999999999997,621.4299999999997,622.2799999999997,197
2026-05-07T17:15:00+00:00,622.2799999999997,623.3399999999998,622.0999999999998,622.9599999999998,267
2026-05-07T17:20:00+00:00,622.9599999999998,623.4999999999998,622.0299999999997,622.5899999999998,218
2026-05-07T17:25:00+00:00,622.5899999999998,622.9499999999998,620.7099999999998,621.6699999999997,294
2026-05-07T17:30:00+00:00,621.6699999999997,622.0799999999998,621.0999999999998,621.5699999999998,216
2026-05-07T17:35:00+00:00,621.5699999999998,622.3799999999998,621.5299999999997,621.8099999999998,204
2026-05-07T17:40:00+00:00,621.8099999999998,622.6899999999998,621.4099999999997,621.4399999999998,181
2026-05-07T17:45:00+00:00,621.4399999999998,621.6299999999998,620.5999999999998,620.6599999999997,141
2026-05-07T17:50:00+00:00,620.6599999999997,621.7299999999998,620.5999999999998,621.5599999999998,192
2026-05-07T17:55:00+00:00,621.5599999999998,623.2599999999998,621.5499999999997,622.9199999999997,153
2026-05-07T18:00:00+00:00,622.9199999999997,623.2399999999998,621.4999999999998,621.5599999999998,189
2026-05-07T18:05:00+00:00,621.5599999999998,623.2399999999998,621.4999999999998,622.4699999999998,188
2026-05-07T18:10:00+00:00,622.4699999999998,623.3999999999997,622.0999999999998,623.2299999999998,182
2026-05-07T18:15:00+00:00,623.2299999999998,623.9599999999998,623.0399999999997,623.5199999999998,146
2026-05-07T18:20:00+00:00,623.5199999999998,624.1699999999997,623.0999999999998,623.0999999999998,181
2026-05-07T18:25:00+00:00,623.0999999999998,624.0999999999998,623.0999999999998,623.6999999999998,146
2026-05-07T18:30:00+00:00,623.6999999999998,624.0199999999998,622.9599999999998,623.5599999999998,197
2026-05-07T18:35:00+00:00,623.5599999999998,624.1299999999998,622.9599999999998,623.3699999999998,189
2026-05-07T18:40:00+00:00,623.3699999999998,624.0199999999998,622.5399999999997,622.5399999999997,164
2026-05-07T18:45:00+00:00,622.5399999999997,623.7899999999997,622.5399999999997,623.0699999999998,218
2026-05-07T18:50:00+00:00,623.0699999999998,623.6799999999997,622.6799999999997,623.0999999999998,176
2026-05-07T18:55:00+00:00,623.0999999999998,624.3299999999998,623.0999999999998,624.1399999999998,212
2026-05-07T19:00:00+00:00,624.1399999999998,624.1499999999997,623.0999999999998,623.3899999999998,179
2026-05-07T19:05:00+00:00,623.3899999999998,624.2099999999998,623.0999999999998,623.1599999999997,216
2026-05-07T19:10:00+00:00,623.1599999999997,623.7599999999998,623.0999999999998,623.6199999999998,200
2026-05-07T19:15:00+00:00,623.6199999999998,623.6199999999998,622.2499999999998,622.3299999999998,342
2026-05-07T19:20:00+00:00,622.3299999999998,623.0399999999997,622.2499999999998,622.3999999999997,237
2026-05-07T19:25:00+00:00,622.3999999999997,623.4399999999998,622.0999999999998,622.8099999999998,246
2026-05-07T19:30:00+00:00,622.8099999999998,623.3299999999998,622.2999999999997,622.8699999999998,229
2026-05-07T19:35:00+00:00,622.8699999999998,623.8199999999998,622.5299999999997,623.6799999999997,219
2026-05-07T19:40:00+00:00,623.6799999999997,623.9999999999998,623.4899999999998,623.8099999999998,310
2026-05-07T19:45:00+00:00,623.8099999999998,624.4799999999998,623.7099999999998,624.0699999999998,353
2026-05-07T19:50:00+00:00,624.0699999999998,624.9899999999998,623.1399999999998,623.5599999999998,373
2026-05-07T19:55:00+00:00,623.5599999999998,624.2499999999998,622.1199999999998,624.1699999999997,579
2026-05-08T13:30:00+00:00,624.1699999999997,624.1699999999997,619.5999999999998,621.6299999999998,477
2026-05-08T13:35:00+00:00,621.6299999999998,623.7299999999998,621.6299999999998,622.2099999999998,323
2026-05-08T13:40:00+00:00,622.2099999999998,622.3899999999998,619.8999999999997,620.7499999999998,371
2026-05-08T13:45:00+00:00,620.7499999999998,623.2199999999998,620.5999999999998,622.9299999999997,337
2026-05-08T13:50:00+00:00,622.9299999999997,623.0999999999998,619.9699999999998,620.5999999999998,353
2026-05-08T13:55:00+00:00,620.5999999999998,621.1599999999997,620.1899999999998,621.0499999999997,301
2026-05-08T14:00:00+00:00,621.0499999999997,621.0499999999997,619.3999999999997,620.8099999999998,372
2026-05-08T14:05:00+00:00,620.8099999999998,622.0799999999998,620.1199999999998,621.6999999999998,375
2026-05-08T14:10:00+00:00,621.6999999999998,623.5999999999998,621.3099999999998,623.0899999999998,436
2026-05-08T14:15:00+00:00,623.0899999999998,623.0899999999998,622.1099999999998,622.1399999999998,283
2026-05-08T14:20:00+00:00,622.1399999999998,622.6099999999998,620.6999999999998,622.6099999999998,378
2026-05-08T14:25:00+00:00,622.6099999999998,623.0199999999998,619.8599999999998,619.8599999999998,455
2026-05-08T14:30:00+00:00,619.8599999999998,620.0199999999998,619.1099999999998,619.6999999999998,331
2026-05-08T14:35:00+00:00,619.6999999999998,620.5499999999997,619.6399999999998,620.0099999999998,269
2026-05-08T14:40:00+00:00,620.0099999999998,620.4699999999998,619.2999999999997,619.4899999999998,308
2026-05-08T14:45:00+00:00,619.4899999999998,619.8799999999998,618.4999999999998,619.1099999999998,230
2026-05-08T14:50:00+00:00,619.1099999999998,619.2199999999998,618.1099999999998,618.9999999999998,330
2026-05-08T14:55:00+00:00,618.9999999999998,619.6799999999997,618.4299999999997,618.4299999999997,252.67302744425385
2026-05-08T15:00:00+00:00,618.4299999999997,618.4299999999997,617.1299999999998,617.1299999999998,418
2026-05-08T15:05:00+00:00,617.1299999999998,617.5199999999998,616.4399999999997,616.9199999999997,397
2026-05-08T15:10:00+00:00,616.9199999999997,617.8199999999997,616.6699999999997,616.9699999999997,340
2026-05-08T15:15:00+00:00,616.9699999999997,617.1099999999997,616.0699999999997,616.2299999999997,392
2026-05-08T15:20:00+00:00,616.2299999999997,617.1999999999997,615.6699999999997,615.6699999999997,353
2026-05-08T15:25:00+00:00,615.6699999999997,615.8899999999998,615.0099999999998,615.5399999999997,400
2026-05-08T15:30:00+00:00,615.5399999999997,615.8299999999997,614.3499999999997,614.6699999999997,506
2026-05-08T15:35:00+00:00,614.6699999999997,615.9399999999997,614.6199999999997,615.1999999999997,429
2026-05-08T15:40:00+00:00,615.1999999999997,615.3299999999997,614.2999999999997,614.3199999999997,293
2026-05-08T15:45:00+00:00,614.3199999999997,614.7699999999998,613.9799999999997,614.2299999999997,378
2026-05-08T15:50:00+00:00,614.2299999999997,614.2499999999997,612.9799999999997,613.9199999999997,479
2026-05-08T15:55:00+00:00,613.9199999999997,614.5299999999997,613.5399999999997,614.0099999999998,318
2026-05-08T16:00:00+00:00,614.0099999999998,615.5999999999997,613.9699999999997,615.3799999999998,318
2026-05-08T16:05:00+00:00,615.3799999999998,616.6399999999998,615.3799999999998,616.1699999999997,360
2026-05-08T16:10:00+00:00,616.1699999999997,617.1499999999997,616.1499999999997,616.7899999999997,298
2026-05-08T16:15:00+00:00,616.7899999999997,617.0999999999997,614.9199999999997,615.1299999999998,330
2026-05-08T16:20:00+00:00,615.1299999999998,616.2799999999997,615.1199999999997,615.9199999999997,215
2026-05-08T16:25:00+00:00,615.9199999999997,616.0999999999997,615.0199999999998,615.0399999999997,235
2026-05-08T16:30:00+00:00,615.0399999999997,615.4199999999997,614.7999999999997,615.1499999999997,243
2026-05-08T16:35:00+00:00,615.1499999999997,615.3699999999997,614.9199999999997,615.0799999999997,223
2026-05-08T16:40:00+00:00,615.0799999999997,615.4399999999997,614.4199999999997,614.6399999999998,239
2026-05-08T16:45:00+00:00,614.6399999999998,616.1299999999998,614.6399999999998,615.8499999999997,258
2026-05-08T16:50:00+00:00,615.8499999999997,616.0599999999997,615.5199999999998,615.7999999999997,214
2026-05-08T16:55:00+00:00,615.7999999999997,615.8799999999998,615.0699999999997,615.6199999999997,177
2026-05-08T17:00:00+00:00,615.6199999999997,616.0499999999997,615.4999999999997,615.7599999999998,251
2026-05-08T17:05:00+00:00,615.7599999999998,616.0499999999997,615.4199999999997,615.8199999999997,249
2026-05-08T17:10:00+00:00,615.8199999999997,616.4799999999997,615.7199999999997,616.3199999999997,212
2026-05-08T17:15:00+00:00,616.3199999999997,616.8399999999997,616.1699999999997,616.6299999999998,266
2026-05-08T17:20:00+00:00,616.6299999999998,616.8299999999997,616.1699999999997,616.4799999999997,236
2026-05-08T17:25:00+00:00,616.4799999999997,616.9999999999997,616.2799999999997,616.6699999999997,262
2026-05-08T17:30:00+00:00,616.6699999999997,616.8299999999997,615.9399999999997,616.1499999999997,219
2026-05-08T17:35:00+00:00,616.1499999999997,616.4199999999997,615.7699999999998,615.7799999999997,283
2026-05-08T17:40:00+00:00,615.7799999999997,616.0699999999997,615.6099999999997,615.6099999999997,212
2026-05-08T17:45:00+00:00,615.6099999999997,616.1699999999997,615.6099999999997,616.1699999999997,225
2026-05-08T17:50:00+00:00,616.1699999999997,616.8299999999997,615.9199999999997,616.5399999999997,189
2026-05-08T17:55:00+00:00,616.5399999999997,617.6599999999997,616.5399999999997,617.3199999999997,232
2026-05-08T18:00:00+00:00,617.3199999999997,618.2899999999997,616.9299999999997,617.9199999999997,250
2026-05-08T18:05:00+00:00,617.9199999999997,618.0499999999997,617.1099999999997,617.3499999999997,210
2026-05-08T18:10:00+00:00,617.3499999999997,617.8399999999997,617.2199999999997,617.4399999999997,173
2026-05-08T18:15:00+00:00,617.4399999999997,617.8699999999997,617.2199999999997,617.5299999999997,135
2026-05-08T18:20:00+00:00,617.5299999999997,617.5599999999997,616.9199999999997,617.1099999999997,142
2026-05-08T18:25:00+00:00,617.1099999999997,618.3399999999997,616.9199999999997,618.1199999999997,235
2026-05-08T18:30:00+00:00,618.1199999999997,618.2799999999997,617.4899999999997,617.7699999999998,213
2026-05-08T18:35:00+00:00,617.7699999999998,617.8799999999998,616.7499999999997,616.7799999999997,247
2026-05-08T18:40:00+00:00,616.7799999999997,616.8999999999997,616.5299999999997,616.7199999999997,184
2026-05-08T18:45:00+00:00,616.7199999999997,617.0699999999997,616.6199999999997,616.8299999999997,191
2026-05-08T18:50:00+00:00,616.8299999999997,616.9299999999997,615.9299999999997,615.9299999999997,234
2026-05-08T18:55:00+00:00,615.9299999999997,616.6599999999997,615.6199999999997,616.1699999999997,203
2026-05-08T19:00:00+00:00,616.1699999999997,616.4999999999997,616.0599999999997,616.4199999999997,166
2026-05-08T19:05:00+00:00,616.4199999999997,617.1499999999997,615.9199999999997,616.5899999999997,196
2026-05-08T19:10:00+00:00,616.5899999999997,616.8199999999997,616.3199999999997,616.4899999999997,158
2026-05-08T19:15:00+00:00,616.4899999999997,616.9499999999997,616.4699999999997,616.7399999999997,174
2026-05-08T19:20:00+00:00,616.7399999999997,617.1899999999997,616.5499999999997,616.8799999999998,183
2026-05-08T19:25:00+00:00,616.8799999999998,617.2999999999997,616.8699999999997,616.9399999999997,213
2026-05-08T19:30:00+00:00,616.9399999999997,617.6999999999997,616.9299999999997,617.4599999999997,261
2026-05-08T19:35:00+00:00,617.4599999999997,617.4599999999997,616.7999999999997,616.9699999999997,255
2026-05-08T19:40:00+00:00,616.9699999999997,617.7199999999997,616.9499999999997,617.4399999999997,308
2026-05-08T19:45:00+00:00,617.4399999999997,617.7799999999997,617.2399999999997,617.5799999999997,318
2026-05-08T19:50:00+00:00,617.5799999999997,617.5799999999997,616.4299999999997,616.9499999999997,462
2026-05-08T19:55:00+00:00,616.9499999999997,617.3299999999997,615.7899999999997,616.4399999999997,504
2026-05-11T13:30:00+00:00,616.4399999999997,616.4399999999997,607.9699999999997,609.0399999999997,727
2026-05-11T13:35:00+00:00,609.0399999999997,609.4399999999997,606.8199999999997,608.3399999999997,662
2026-05-11T13:40:00+00:00,608.3399999999997,609.1399999999998,607.2799999999997,607.7099999999997,480
2026-05-11T13:45:00+00:00,607.7099999999997,607.7399999999997,606.7299999999997,606.9599999999997,528
2026-05-11T13:50:00+00:00,606.9599999999997,608.8299999999997,606.9199999999997,608.4599999999997,588
2026-05-11T13:55:00+00:00,608.4599999999997,608.5499999999997,607.4199999999997,607.7699999999998,409
2026-05-11T14:00:00+00:00,607.7699999999998,609.4199999999997,607.5999999999997,608.9199999999997,401
2026-05-11T14:05:00+00:00,608.9199999999997,609.5399999999997,608.6699999999997,609.1299999999998,360
2026-05-11T14:10:00+00:00,609.1299999999998,609.9199999999997,608.7199999999997,609.0399999999997,371
2026-05-11T14:15:00+00:00,609.0399999999997,610.4399999999997,609.0399999999997,609.8199999999997,376
2026-05-11T14:20:00+00:00,609.8199999999997,610.3599999999997,609.1699999999997,609.5399999999997,394
2026-05-11T14:25:00+00:00,609.5399999999997,609.8499999999997,608.9199999999997,609.1899999999997,394
2026-05-11T14:30:00+00:00,609.1899999999997,609.4899999999997,608.0399999999997,608.9099999999997,409
2026-05-11T14:35:00+00:00,608.9099999999997,609.8599999999997,608.6499999999997,609.2599999999998,366
2026-05-11T14:40:00+00:00,609.2599999999998,609.9899999999997,608.4199999999997,608.9399999999997,358
2026-05-11T14:45:00+00:00,608.9399999999997,608.9599999999997,607.6399999999998,607.7699999999998,312
2026-05-11T14:50:00+00:00,607.7699999999998,608.2299999999997,607.0199999999998,607.6799999999997,435
2026-05-11T14:55:00+00:00,607.6799999999997,608.6399999999998,607.6699999999997,608.2999999999997,343
2026-05-11T15:00:00+00:00,608.2999999999997,608.6099999999997,607.0499999999997,607.2199999999997,352
2026-05-11T15:05:00+00:00,607.2199999999997,607.8099999999997,607.0299999999997,607.5399999999997,314
2026-05-11T15:10:00+00:00,607.5399999999997,608.0599999999997,607.3099999999997,607.4599999999997,368
2026-05-11T15:15:00+00:00,607.4599999999997,608.2399999999997,607.2199999999997,607.9299999999997,365
2026-05-11T15:20:00+00:00,607.9299999999997,608.5899999999997,607.7199999999997,608.4899999999997,312
2026-05-11T15:25:00+00:00,608.4899999999997,609.5899999999997,608.2599999999998,609.3199999999997,374
2026-05-11T15:30:00+00:00,609.3199999999997,609.9699999999997,608.9199999999997,609.5499999999997,424
2026-05-11T15:35:00+00:00,609.5499999999997,609.9999999999997,609.1699999999997,609.5599999999997,356
2026-05-11T15:40:00+00:00,609.5599999999997,609.7899999999997,609.3199999999997,609.4199999999997,328
2026-05-11T15:45:00+00:00,609.4199999999997,609.9199999999997,609.3699999999997,609.5899999999997,344
2026-05-11T15:50:00+00:00,609.5899999999997,610.7099999999997,609.5799999999997,610.5399999999997,360
2026-05-11T15:55:00+00:00,610.5399999999997,611.4699999999997,609.9299999999997,610.1199999999997,346
2026-05-11T16:00:00+00:00,610.1199999999997,610.2299999999997,609.2399999999997,609.3799999999998,292
2026-05-11T16:05:00+00:00,609.3799999999998,609.5499999999997,608.9199999999997,608.9799999999997,247
2026-05-11T16:10:00+00:00,608.9799999999997,609.8999999999997,608.6999999999997,609.6599999999997,297
2026-05-11T16:15:00+00:00,609.6599999999997,610.5299999999997,609.4199999999997,610.5199999999998,304
2026-05-11T16:20:00+00:00,610.5199999999998,610.6599999999997,609.5999999999997,609.8799999999998,458
2026-05-11T16:25:00+00:00,609.8799999999998,610.0099999999998,609.4499999999997,609.4699999999997,402
2026-05-11T16:30:00+00:00,609.4699999999997,610.6399999999998,609.4699999999997,610.3699999999997,369
2026-05-11T16:35:00+00:00,610.3699999999997,610.6999999999997,610.1799999999997,610.5999999999997,240
2026-05-11T16:40:00+00:00,610.5999999999997,611.2599999999998,610.0099999999998,610.4199999999997,421
2026-05-11T16:45:00+00:00,610.4199999999997,610.7599999999998,609.4999999999997,609.4999999999997,359
2026-05-11T16:50:00+00:00,609.4999999999997,610.1499999999997,609.4899999999997,609.7099999999997,265
2026-05-11T16:55:00+00:00,609.7099999999997,609.7099999999997,609.0199999999998,609.2699999999998,345
2026-05-11T17:00:00+00:00,609.2699999999998,609.3499999999997,608.7899999999997,608.9599999999997,312
2026-05-11T17:05:00+00:00,608.9599999999997,609.0299999999997,608.0499999999997,608.3899999999998,354
2026-05-11T17:10:00+00:00,608.3899999999998,608.3899999999998,607.2499999999997,607.4799999999997,364
2026-05-11T17:15:00+00:00,607.4799999999997,607.8499999999997,606.7999999999997,607.6399999999998,394
2026-05-11T17:20:00+00:00,607.6399999999998,607.9799999999997,607.1599999999997,607.8899999999998,278
2026-05-11T17:25:00+00:00,607.8899999999998,608.4099999999997,607.7299999999997,608.1399999999998,313
2026-05-11T17:30:00+00:00,608.1399999999998,608.9899999999997,608.1299999999998,608.5799999999997,244
2026-05-11T17:35:00+00:00,608.5799999999997,609.2299999999997,608.5799999999997,608.8899999999998,272
2026-05-11T17:40:00+00:00,608.8899999999998,609.8199999999997,608.8099999999997,609.8199999999997,286
2026-05-11T17:45:00+00:00,609.8199999999997,610.0399999999997,609.3199999999997,609.4499999999997,257
2026-05-11T17:50:00+00:00,609.4499999999997,609.8499999999997,609.3199999999997,609.3899999999998,252
2026-05-11T17:55:00+00:00,609.3899999999998,609.7999999999997,609.3399999999997,609.6299999999998,200
2026-05-11T18:00:00+00:00,609.6299999999998,610.2599999999998,609.6299999999998,610.1299999999998,237
2026-05-11T18:05:00+00:00,610.1299999999998,610.2399999999997,609.5199999999998,609.5299999999997,248
2026-05-11T18:10:00+00:00,609.5299999999997,609.5699999999997,608.9199999999997,609.0099999999998,339
2026-05-11T18:15:00+00:00,609.0099999999998,609.1199999999997,607.9499999999997,607.9499999999997,276
2026-05-11T18:20:00+00:00,607.9499999999997,608.3299999999997,607.7199999999997,607.9199999999997,267
2026-05-11T18:25:00+00:00,607.9199999999997,607.9899999999997,607.0199999999998,607.4799999999997,390
2026-05-11T18:30:00+00:00,607.4799999999997,607.4799999999997,606.5199999999998,606.5499999999997,398
2026-05-11T18:35:00+00:00,606.5499999999997,606.6699999999997,605.5699999999997,605.5799999999997,463
2026-05-11T18:40:00+00:00,605.5799999999997,606.3899999999998,605.5699999999997,606.1199999999997,371
2026-05-11T18:45:00+00:00,606.1199999999997,607.4199999999997,605.9199999999997,607.0599999999997,337
2026-05-11T18:50:00+00:00,607.0599999999997,607.3599999999997,606.3199999999997,606.3499999999997,275
2026-05-11T18:55:00+00:00,606.3499999999997,606.6199999999997,606.1699999999997,606.1999999999997,294
2026-05-11T19:00:00+00:00,606.1999999999997,606.3799999999998,605.8599999999997,605.8899999999998,312
2026-05-11T19:05:00+00:00,605.8899999999998,606.1599999999997,605.5499999999997,605.9399999999997,273
2026-05-11T19:10:00+00:00,605.9399999999997,606.6199999999997,605.8999999999997,606.2699999999998,290
2026-05-11T19:15:00+00:00,606.2699999999998,606.4799999999997,605.5699999999997,605.7499999999997,309
2026-05-11T19:20:00+00:00,605.7499999999997,606.0799999999997,605.6699999999997,605.7799999999997,325
2026-05-11T19:25:00+00:00,605.7799999999997,606.4999999999997,605.7299999999997,606.1499999999997,346
2026-05-11T19:30:00+00:00,606.1499999999997,606.5299999999997,605.9699999999997,606.3299999999997,335
2026-05-11T19:35:00+00:00,606.3299999999997,606.5199999999998,605.6999999999997,606.4499999999997,390
2026-05-11T19:40:00+00:00,606.4499999999997,606.7099999999997,605.3699999999997,605.5899999999997,336
2026-05-11T19:45:00+00:00,605.5899999999997,605.7899999999997,604.9999999999997,605.2899999999997,453
2026-05-11T19:50:00+00:00,605.2899999999997,606.7599999999998,605.1999999999997,606.1099999999997,520
2026-05-11T19:55:00+00:00,606.1099999999997,606.5299999999997,604.9899999999997,605.6899999999997,767
2026-05-12T13:30:00+00:00,605.6899999999997,605.6899999999997,599.9099999999997,600.5599999999997,620
2026-05-12T13:35:00+00:00,600.5599999999997,603.3699999999997,599.5199999999998,603.2299999999997,619
2026-05-12T13:40:00+00:00,603.2299999999997,605.7999999999997,603.2199999999997,604.9699999999997,556
2026-05-12T13:45:00+00:00,604.9699999999997,605.3599999999997,603.5699999999997,605.0899999999997,427
2026-05-12T13:50:00+00:00,605.0899999999997,607.2499999999997,604.4299999999997,607.1899999999997,425
2026-05-12T13:55:00+00:00,607.1899999999997,607.4999999999997,606.1199999999997,606.9699999999997,438
2026-05-12T14:00:00+00:00,606.9699999999997,606.9799999999997,605.5199999999998,606.6199999999997,302
2026-05-12T14:05:00+00:00,606.6199999999997,607.5799999999997,605.4199999999997,605.4399999999997,357
2026-05-12T14:10:00+00:00,605.4399999999997,607.2399999999997,604.5799999999997,607.0999999999997,335
2026-05-12T14:15:00+00:00,607.0999999999997,609.2399999999997,607.0799999999997,608.9899999999997,424
2026-05-12T14:20:00+00:00,608.9899999999997,610.4899999999997,608.1599999999997,610.0399999999997,532
2026-05-12T14:25:00+00:00,610.0399999999997,610.5199999999998,608.7099999999997,608.7499999999997,450
2026-05-12T14:30:00+00:00,608.7499999999997,609.9999999999997,608.1699999999997,609.3899999999998,430
2026-05-12T14:35:00+00:00,609.3899999999998,610.1099999999997,608.8299999999997,609.4599999999997,388
2026-05-12T14:40:00+00:00,609.4599999999997,610.3599999999997,608.5199999999998,609.5599999999997,319
2026-05-12T14:45:00+00:00,609.5599999999997,609.5599999999997,607.9999999999997,608.4299999999997,270
2026-05-12T14:50:00+00:00,608.4299999999997,608.9499999999997,607.1699999999997,607.2299999999997,265
2026-05-12T14:55:00+00:00,607.2299999999997,607.9199999999997,606.9199999999997,607.5899999999997,291
2026-05-12T15:00:00+00:00,607.5899999999997,608.0799999999997,607.1299999999998,607.6899999999997,320
2026-05-12T15:05:00+00:00,607.6899999999997,608.5399999999997,607.2199999999997,607.5499999999997,271
2026-05-12T15:10:00+00:00,607.5499999999997,607.5499999999997,607.0199999999998,607.0699999999997,261
2026-05-12T15:15:00+00:00,607.0699999999997,608.1399999999998,606.9299999999997,607.7399999999997,259
2026-05-12T15:20:00+00:00,607.7399999999997,608.2199999999997,607.0499999999997,607.6799999999997,305
2026-05-12T15:25:00+00:00,607.6799999999997,608.6899999999997,607.2399999999997,608.5899999999997,302
2026-05-12T15:30:00+00:00,608.5899999999997,608.6199999999997,606.9299999999997,606.9399999999997,214
2026-05-12T15:35:00+00:00,606.9399999999997,607.1099999999997,606.4299999999997,606.9399999999997,261
2026-05-12T15:40:00+00:00,606.9399999999997,608.3399999999997,606.9399999999997,607.8499999999997,198
2026-05-12T15:45:00+00:00,607.8499999999997,608.4299999999997,607.3199999999997,607.3399999999997,186
2026-05-12T15:50:00+00:00,607.3399999999997,607.9599999999997,607.2799999999997,607.6899999999997,210
2026-05-12T15:55:00+00:00,607.6899999999997,607.8599999999997,606.9199999999997,607.3299999999997,212
2026-05-12T16:00:00+00:00,607.3299999999997,607.5099999999998,606.2099999999997,607.2399999999997,369
2026-05-12T16:05:00+00:00,607.2399999999997,607.3499999999997,606.8099999999997,607.0099999999998,217
2026-05-12T16:10:00+00:00,607.0099999999998,607.0899999999997,606.1699999999997,606.9299999999997,239
2026-05-12T16:15:00+00:00,606.9299999999997,607.2799999999997,606.5199999999998,607.1899999999997,172
2026-05-12T16:20:00+00:00,607.1899999999997,607.6399999999998,606.9099999999997,607.0299999999997,175
2026-05-12T16:25:00+00:00,607.0299999999997,607.7899999999997,606.6699999999997,606.8199999999997,213
2026-05-12T16:30:00+00:00,606.8199999999997,607.2699999999998,606.2199999999997,606.9999999999997,246
2026-05-12T16:35:00+00:00,606.9999999999997,608.3799999999998,606.9899999999997,607.9799999999997,205
2026-05-12T16:40:00+00:00,607.9799999999997,608.2099999999997,607.6199999999997,607.8199999999997,175
2026-05-12T16:45:00+00:00,607.8199999999997,607.9799999999997,607.1899999999997,607.2899999999997,174
2026-05-12T16:50:00+00:00,607.2899999999997,607.6099999999997,606.5299999999997,607.2099999999997,272
2026-05-12T16:55:00+00:00,607.2099999999997,607.4299999999997,606.4199999999997,606.7499999999997,212
2026-05-12T17:00:00+00:00,606.7499999999997,607.0299999999997,606.1799999999997,606.2299999999997,208
2026-05-12T17:05:00+00:00,606.2299999999997,606.2399999999997,605.2499999999997,605.6599999999997,327
2026-05-12T17:10:00+00:00,605.6599999999997,605.6599999999997,604.0299999999997,604.1299999999998,314
2026-05-12T17:15:00+00:00,604.1299999999998,604.4999999999997,603.5199999999998,604.4499999999997,393
2026-05-12T17:20:00+00:00,604.4499999999997,605.9299999999997,604.4199999999997,605.6999999999997,276
2026-05-12T17:25:00+00:00,605.6999999999997,606.2299999999997,605.4199999999997,605.6599999999997,199
2026-05-12T17:30:00+00:00,605.6599999999997,606.1299999999998,605.2299999999997,606.1199999999997,228
2026-05-12T17:35:00+00:00,606.1199999999997,606.5599999999997,605.9899999999997,606.3099999999997,162
2026-05-12T17:40:00+00:00,606.3099999999997,606.9599999999997,606.2499999999997,606.7299999999997,184
2026-05-12T17:45:00+00:00,606.7299999999997,606.8999999999997,606.2199999999997,606.3299999999997,162
2026-05-12T17:50:00+00:00,606.3299999999997,607.1899999999997,606.3199999999997,607.0499999999997,159
2026-05-12T17:55:00+00:00,607.0499999999997,607.4199999999997,606.8499999999997,607.2699999999998,198
2026-05-12T18:00:00+00:00,607.2699999999998,607.3199999999997,606.3199999999997,606.8699999999997,250
2026-05-12T18:05:00+00:00,606.8699999999997,606.8699999999997,605.9199999999997,606.4499999999997,252
2026-05-12T18:10:00+00:00,606.4499999999997,607.0599999999997,606.4499999999997,606.7299999999997,161
2026-05-12T18:15:00+00:00,606.7299999999997,606.9399999999997,606.2599999999998,606.2699999999998,169
2026-05-12T18:20:00+00:00,606.2699999999998,607.2499999999997,606.2599999999998,607.1199999999997,150
2026-05-12T18:25:00+00:00,607.1199999999997,607.6499999999997,607.0199999999998,607.1799999999997,201
2026-05-12T18:30:00+00:00,607.1799999999997,607.2999999999997,606.1999999999997,606.4199999999997,184
2026-05-12T18:35:00+00:00,606.4199999999997,606.8199999999997,606.0199999999998,606.0399999999997,185
2026-05-12T18:40:00+00:00,606.0399999999997,606.4099999999997,605.9199999999997,606.1699999999997,232
2026-05-12T18:45:00+00:00,606.1699999999997,606.5099999999998,606.0199999999998,606.1799999999997,245
2026-05-12T18:50:00+00:00,606.1799999999997,606.7399999999997,605.9199999999997,606.5699999999997,181
2026-05-12T18:55:00+00:00,606.5699999999997,606.9499999999997,606.1499999999997,606.5499999999997,225
2026-05-12T19:00:00+00:00,606.5499999999997,606.6199999999997,606.0399999999997,606.3899999999998,185
2026-05-12T19:05:00+00:00,606.3899999999998,606.6499999999997,606.0399999999997,606.4299999999997,245
2026-05-12T19:10:00+00:00,606.4299999999997,607.3399999999997,605.8199999999997,607.2899999999997,237
2026-05-12T19:15:00+00:00,607.2899999999997,607.8499999999997,606.9499999999997,607.4299999999997,237
2026-05-12T19:20:00+00:00,607.4299999999997,608.9299999999997,607.4199999999997,608.7099999999997,247
2026-05-12T19:25:00+00:00,608.7099999999997,609.3099999999997,608.6299999999998,609.1099999999997,245
2026-05-12T19:30:00+00:00,609.1099999999997,609.3599999999997,608.0999999999997,608.9199999999997,279
2026-05-12T19:35:00+00:00,608.9199999999997,609.2699999999998,608.2899999999997,608.4399999999997,236
2026-05-12T19:40:00+00:00,608.4399999999997,609.6199999999997,608.0599999999997,609.6099999999997,218
2026-05-12T19:45:00+00:00,609.6099999999997,609.8499999999997,608.7399999999997,608.7399999999997,265
2026-05-12T19:50:00+00:00,608.7399999999997,610.2199999999997,608.5499999999997,610.2199999999997,340
2026-05-12T19:55:00+00:00,610.2199999999997,610.3399999999997,608.9899999999997,610.0399999999997,784
2026-05-13T13:30:00+00:00,610.0399999999997,610.0399999999997,603.9199999999997,605.2099999999997,466
2026-05-13T13:35:00+00:00,605.2099999999997,607.6599999999997,604.3699999999997,607.5399999999997,512
2026-05-13T13:40:00+00:00,607.5399999999997,608.6799999999997,606.9199999999997,607.8199999999997,473
2026-05-13T13:45:00+00:00,607.8199999999997,608.4199999999997,603.5999999999997,606.6499999999997,668
2026-05-13T13:50:00+00:00,606.6499999999997,610.0299999999997,606.4399999999997,609.4599999999997,490
2026-05-13T13:55:00+00:00,609.4599999999997,612.8499999999997,609.4599999999997,612.3399999999997,506
2026-05-13T14:00:00+00:00,612.3399999999997,615.2199999999997,611.9599999999997,615.1499999999997,644
2026-05-13T14:05:00+00:00,615.1499999999997,616.2399999999997,612.1599999999997,612.2499999999997,555
2026-05-13T14:10:00+00:00,612.2499999999997,613.4399999999997,611.5099999999998,612.9199999999997,479
2026-05-13T14:15:00+00:00,612.9199999999997,613.7499999999997,612.2899999999997,613.1699999999997,344
2026-05-13T14:20:00+00:00,613.1699999999997,613.9299999999997,612.4699999999997,612.9599999999997,309
2026-05-13T14:25:00+00:00,612.9599999999997,613.6499999999997,612.6199999999997,612.9799999999997,246
2026-05-13T14:30:00+00:00,612.9799999999997,613.1599999999997,611.0499999999997,611.0699999999997,312
2026-05-13T14:35:00+00:00,611.0699999999997,611.5699999999997,610.1299999999998,610.3399999999997,402
2026-05-13T14:40:00+00:00,610.3399999999997,611.7199999999997,609.8499999999997,611.6999999999997,315
2026-05-13T14:45:00+00:00,611.6999999999997,612.4599999999997,611.3399999999997,612.1699999999997,297
2026-05-13T14:50:00+00:00,612.1699999999997,612.8599999999997,611.9199999999997,612.0699999999997,212
2026-05-13T14:55:00+00:00,612.0699999999997,612.7399999999997,611.3199999999997,611.3199999999997,275.59915611814347
2026-05-13T15:00:00+00:00,611.3199999999997,612.1999999999997,611.2099999999997,611.8999999999997,215
2026-05-13T15:05:00+00:00,611.8999999999997,611.9299999999997,610.5199999999998,610.6799999999997,249
2026-05-13T15:10:00+00:00,610.6799999999997,611.1099999999997,610.5599999999997,610.8199999999997,232
2026-05-13T15:15:00+00:00,610.8199999999997,611.4699999999997,610.4199999999997,611.2099999999997,212
2026-05-13T15:20:00+00:00,611.2099999999997,612.6599999999997,611.0099999999996,612.5999999999997,223
2026-05-13T15:25:00+00:00,612.5999999999997,613.6699999999997,612.2799999999997,612.9799999999997,332
2026-05-13T15:30:00+00:00,612.9799999999997,613.9399999999997,612.2799999999997,613.3199999999997,274
2026-05-13T15:35:00+00:00,613.3199999999997,613.7999999999997,612.8199999999997,613.6899999999997,210
2026-05-13T15:40:00+00:00,613.6899999999997,615.8299999999997,613.5899999999997,615.8299999999997,375
2026-05-13T15:45:00+00:00,615.8299999999997,615.8899999999996,614.2999999999997,614.7299999999997,324
2026-05-13T15:50:00+00:00,614.7299999999997,614.7299999999997,613.6499999999997,613.8899999999996,248
2026-05-13T15:55:00+00:00,613.8899999999996,615.2799999999997,613.7399999999997,615.1699999999997,282
2026-05-13T16:00:00+00:00,615.1699999999997,616.5699999999997,614.7099999999997,616.3799999999997,356
2026-05-13T16:05:00+00:00,616.3799999999997,616.7499999999997,615.8099999999997,616.1199999999997,332
2026-05-13T16:10:00+00:00,616.1199999999997,616.8799999999997,616.1199999999997,616.6199999999997,307
2026-05-13T16:15:00+00:00,616.6199999999997,617.2999999999997,616.3099999999997,616.3299999999997,305
2026-05-13T16:20:00+00:00,616.3299999999997,617.9799999999997,616.2099999999997,617.7299999999997,362
2026-05-13T16:25:00+00:00,617.7299999999997,619.3999999999997,617.5699999999997,619.2499999999997,496
2026-05-13T16:30:00+00:00,619.2499999999997,619.8699999999997,618.3199999999997,619.6199999999997,471
2026-05-13T16:35:00+00:00,619.6199999999997,620.0799999999997,619.1299999999997,619.4299999999997,352
2026-05-13T16:40:00+00:00,619.4299999999997,619.8699999999997,618.2499999999997,618.4299999999997,339
2026-05-13T16:45:00+00:00,618.4299999999997,619.2199999999997,618.2499999999997,619.1199999999997,330
2026-05-13T16:50:00+00:00,619.1199999999997,620.3999999999997,618.8299999999997,620.2599999999996,292
2026-05-13T16:55:00+00:00,620.2599999999996,622.3399999999997,620.2599999999996,622.3199999999997,513
2026-05-13T17:00:00+00:00,622.3199999999997,623.3899999999996,621.8599999999997,622.3899999999996,557
2026-05-13T17:05:00+00:00,622.3899999999996,622.6299999999997,621.8399999999997,622.1499999999997,360
2026-05-13T17:10:00+00:00,622.1499999999997,622.5499999999997,621.6399999999996,621.9699999999997,363
2026-05-13T17:15:00+00:00,621.9699999999997,622.0099999999996,621.4899999999997,621.7599999999996,292
2026-05-13T17:20:00+00:00,621.7599999999996,621.9699999999997,621.1199999999997,621.6599999999997,259
2026-05-13T17:25:00+00:00,621.6599999999997,622.4999999999997,621.6599999999997,622.1599999999997,294
2026-05-13T17:30:00+00:00,622.1599999999997,622.3299999999997,621.3499999999997,621.6499999999997,251
2026-05-13T17:35:00+00:00,621.6499999999997,622.0899999999997,621.5599999999997,621.8399999999997,259
2026-05-13T17:40:00+00:00,621.8399999999997,622.7499999999997,621.8399999999997,622.4199999999997,260
2026-05-13T17:45:00+00:00,622.4199999999997,623.1199999999997,622.1399999999996,622.9299999999997,240
2026-05-13T17:50:00+00:00,622.9299999999997,623.4999999999997,622.7299999999997,622.8099999999997,251
2026-05-13T17:55:00+00:00,622.8099999999997,622.9299999999997,621.8099999999997,621.8799999999997,214
2026-05-13T18:00:00+00:00,621.8799999999997,623.1199999999997,621.5599999999997,623.0099999999996,297
2026-05-13T18:05:00+00:00,623.0099999999996,623.5299999999997,622.6399999999996,623.1699999999997,295
2026-05-13T18:10:00+00:00,623.1699999999997,624.3499999999997,623.0799999999997,624.2699999999998,285
2026-05-13T18:15:00+00:00,624.2699999999998,625.0399999999997,624.1299999999997,624.6499999999997,408
2026-05-13T18:20:00+00:00,624.6499999999997,625.2599999999996,624.3899999999996,624.9999999999997,290
2026-05-13T18:25:00+00:00,624.9999999999997,625.0799999999997,624.5099999999996,624.5299999999997,257
2026-05-13T18:30:00+00:00,624.5299999999997,624.9199999999997,624.0399999999997,624.9199999999997,295
2026-05-13T18:35:00+00:00,624.9199999999997,625.9299999999997,624.7199999999997,625.8299999999997,389
2026-05-13T18:40:00+00:00,625.8299999999997,626.6299999999997,625.3199999999997,625.4299999999997,389
2026-05-13T18:45:00+00:00,625.4299999999997,626.1799999999997,625.3099999999997,625.5299999999997,312
2026-05-13T18:50:00+00:00,625.5299999999997,625.5599999999997,624.0899999999997,624.6999999999997,346
2026-05-13T18:55:00+00:00,624.6999999999997,624.7999999999997,623.8099999999997,623.8299999999997,246
2026-05-13T19:00:00+00:00,623.8299999999997,624.2699999999998,623.4699999999997,623.8099999999997,293
2026-05-13T19:05:00+00:00,623.8099999999997,624.4599999999997,623.8099999999997,624.1599999999997,269
2026-05-13T19:10:00+00:00,624.1599999999997,624.3399999999997,623.5199999999998,624.1199999999997,249
2026-05-13T19:15:00+00:00,624.1199999999997,625.0299999999997,623.9799999999997,624.9299999999997,313
2026-05-13T19:20:00+00:00,624.9299999999997,624.9899999999997,623.1599999999997,623.3699999999997,308
2026-05-13T19:25:00+00:00,623.3699999999997,623.4099999999997,622.9699999999997,623.4099999999997,304
2026-05-13T19:30:00+00:00,623.4099999999997,624.0499999999997,623.1499999999997,623.3799999999997,372
2026-05-13T19:35:00+00:00,623.3799999999997,624.0899999999997,623.2299999999997,624.0099999999996,291
2026-05-13T19:40:00+00:00,624.0099999999996,624.1299999999997,623.4799999999997,623.7699999999998,275
2026-05-13T19:45:00+00:00,623.7699999999998,623.8699999999997,623.2299999999997,623.3899999999996,259
2026-05-13T19:50:00+00:00,623.3899999999996,623.7099999999997,622.0699999999997,623.4099999999997,477
2026-05-13T19:55:00+00:00,623.4099999999997,623.9099999999997,622.7799999999997,623.5699999999997,738
2026-05-14T13:30:00+00:00,623.5699999999997,625.3999999999997,620.8299999999997,625.1099999999997,526
2026-05-14T13:35:00+00:00,625.1099999999997,625.2399999999997,622.0699999999997,624.0399999999997,463
2026-05-14T13:40:00+00:00,624.0399999999997,624.4599999999997,622.0599999999997,624.1899999999997,383
2026-05-14T13:45:00+00:00,624.1899999999997,624.6099999999997,622.3099999999997,623.3099999999997,358
2026-05-14T13:50:00+00:00,623.3099999999997,626.1899999999997,622.8999999999997,623.3399999999997,435
2026-05-14T13:55:00+00:00,623.3399999999997,625.5899999999997,622.8499999999997,624.2699999999998,355
2026-05-14T14:00:00+00:00,624.2699999999998,629.2499999999997,624.2599999999996,628.8699999999997,483
2026-05-14T14:05:00+00:00,628.8699999999997,629.6499999999997,626.9099999999997,628.4599999999997,526
2026-05-14T14:10:00+00:00,628.4599999999997,629.2599999999996,626.4999999999997,627.2699999999998,475
2026-05-14T14:15:00+00:00,627.2699999999998,628.1599999999997,626.8099999999997,627.0599999999997,347
2026-05-14T14:20:00+00:00,627.0599999999997,629.6599999999997,626.7499999999997,629.4399999999997,414
2026-05-14T14:25:00+00:00,629.4399999999997,629.8699999999997,627.8099999999997,628.4799999999997,377
2026-05-14T14:30:00+00:00,628.4799999999997,628.9399999999997,626.7099999999997,627.2099999999997,351
2026-05-14T14:35:00+00:00,627.2099999999997,627.7599999999996,624.7799999999997,625.1299999999997,386
2026-05-14T14:40:00+00:00,625.1299999999997,627.2299999999997,624.6599999999997,626.8099999999997,310
2026-05-14T14:45:00+00:00,626.8099999999997,627.9199999999997,626.8099999999997,627.7499999999997,260
2026-05-14T14:50:00+00:00,627.7499999999997,628.9399999999997,627.7299999999997,628.3799999999997,312
2026-05-14T14:55:00+00:00,628.3799999999997,628.8899999999996,626.9999999999997,626.9999999999997,360
2026-05-14T15:00:00+00:00,626.9999999999997,628.4799999999997,626.9999999999997,627.7999999999997,391
2026-05-14T15:05:00+00:00,627.7999999999997,628.8299999999997,627.7999999999997,628.4899999999997,303
2026-05-14T15:10:00+00:00,628.4899999999997,629.0899999999997,627.6099999999997,628.9899999999997,369
2026-05-14T15:15:00+00:00,628.9899999999997,629.5499999999997,627.3099999999997,628.0099999999996,418
2026-05-14T15:20:00+00:00,628.0099999999996,629.0099999999996,627.8099999999997,628.3299999999997,300
2026-05-14T15:25:00+00:00,628.3299999999997,629.0199999999998,628.3299999999997,628.5699999999997,251
2026-05-14T15:30:00+00:00,628.5699999999997,629.4999999999997,628.3199999999997,628.7299999999997,287
2026-05-14T15:35:00+00:00,628.7299999999997,629.6799999999997,628.3099999999997,629.1099999999997,325
2026-05-14T15:40:00+00:00,629.1099999999997,629.1199999999997,628.1499999999997,628.5299999999997,258
2026-05-14T15:45:00+00:00,628.5299999999997,628.5899999999997,627.7099999999997,627.7099999999997,218
2026-05-14T15:50:00+00:00,627.7099999999997,627.9899999999997,627.4999999999997,627.6099999999997,142
2026-05-14T15:55:00+00:00,627.6099999999997,628.4899999999997,627.4999999999997,628.1999999999997,210
2026-05-14T16:00:00+00:00,628.1999999999997,629.9799999999997,628.1799999999997,629.4899999999997,308
2026-05-14T16:05:00+00:00,629.4899999999997,630.3599999999997,629.4499999999997,629.8399999999997,307
2026-05-14T16:10:00+00:00,629.8399999999997,629.8499999999997,628.3799999999997,628.3799999999997,346
2026-05-14T16:15:00+00:00,628.3799999999997,630.4399999999997,628.3699999999997,629.6599999999997,302
2026-05-14T16:20:00+00:00,629.6599999999997,630.2799999999997,628.6399999999996,628.6399999999996,239
2026-05-14T16:25:00+00:00,628.6399999999996,628.9199999999997,627.4299999999997,627.6899999999997,248
2026-05-14T16:30:00+00:00,627.6899999999997,627.9299999999997,626.3099999999997,626.3499999999997,245
2026-05-14T16:35:00+00:00,626.3499999999997,627.1499999999997,626.3299999999997,626.8799999999997,235
2026-05-14T16:40:00+00:00,626.8799999999997,627.5899999999997,626.8699999999997,627.0299999999997,223
2026-05-14T16:45:00+00:00,627.0299999999997,627.5399999999997,626.4099999999997,627.2599999999996,224
2026-05-14T16:50:00+00:00,627.2599999999996,627.3299999999997,625.8099999999997,625.9199999999997,264
2026-05-14T16:55:00+00:00,625.9199999999997,626.1699999999997,625.4299999999997,626.1699999999997,210
2026-05-14T17:00:00+00:00,626.1699999999997,626.5599999999997,625.8299999999997,626.3799999999997,210
2026-05-14T17:05:00+00:00,626.3799999999997,626.4199999999997,625.8099999999997,625.8299999999997,218
2026-05-14T17:10:00+00:00,625.8299999999997,626.4299999999997,625.7099999999997,625.7899999999997,240
2026-05-14T17:15:00+00:00,625.7899999999997,626.2199999999997,624.9899999999997,625.0299999999997,440
2026-05-14T17:20:00+00:00,625.0299999999997,625.4899999999997,624.8099999999997,625.0099999999996,478
2026-05-14T17:25:00+00:00,625.0099999999996,625.9199999999997,624.8699999999997,625.8899999999996,517
2026-05-14T17:30:00+00:00,625.8899999999996,626.6699999999997,625.1399999999996,625.5599999999997,478
2026-05-14T17:35:00+00:00,625.5599999999997,626.2299999999997,625.1099999999997,626.1799999999997,484
2026-05-14T17:40:00+00:00,626.1799999999997,626.2599999999996,625.6399999999996,625.6999999999997,192
2026-05-14T17:45:00+00:00,625.6999999999997,626.0899999999997,625.3599999999997,625.7499999999997,171
2026-05-14T17:50:00+00:00,625.7499999999997,626.1999999999997,625.7099999999997,625.7099999999997,187
2026-05-14T17:55:00+00:00,625.7099999999997,626.1399999999996,625.5899999999997,625.5999999999997,167
2026-05-14T18:00:00+00:00,625.5999999999997,625.5999999999997,624.4099999999997,624.4399999999997,289
2026-05-14T18:05:00+00:00,624.4399999999997,624.9299999999997,624.2099999999997,624.2999999999997,177
2026-05-14T18:10:00+00:00,624.2999999999997,624.6099999999997,624.1599999999997,624.2799999999997,148
2026-05-14T18:15:00+00:00,624.2799999999997,624.8299999999997,624.1199999999997,624.7199999999997,240
2026-05-14T18:20:00+00:00,624.7199999999997,625.0999999999997,624.1199999999997,624.6399999999996,197
2026-05-14T18:25:00+00:00,624.6399999999996,624.7199999999997,622.4999999999997,622.6999999999997,312
2026-05-14T18:30:00+00:00,622.6999999999997,622.9499999999997,622.2099999999997,622.4899999999997,280
2026-05-14T18:35:00+00:00,622.4899999999997,622.8199999999997,622.1499999999997,622.6799999999997,230
2026-05-14T18:40:00+00:00,622.6799999999997,623.1199999999997,622.3099999999997,622.8999999999997,179
2026-05-14T18:45:00+00:00,622.8999999999997,623.4199999999997,622.5599999999997,623.3799999999997,272
2026-05-14T18:50:00+00:00,623.3799999999997,623.6699999999997,622.8499999999997,623.2599999999996,482
2026-05-14T18:55:00+00:00,623.2599999999996,623.9299999999997,623.0799999999997,623.3399999999997,358
2026-05-14T19:00:00+00:00,623.3399999999997,623.9599999999997,623.2699999999998,623.8699999999997,388
2026-05-14T19:05:00+00:00,623.8699999999997,624.5599999999997,623.7399999999997,624.5299999999997,348
2026-05-14T19:10:00+00:00,624.5299999999997,624.5699999999997,623.8099999999997,623.8799999999997,340
2026-05-14T19:15:00+00:00,623.8799999999997,624.1199999999997,623.5099999999996,623.8099999999997,296
2026-05-14T19:20:00+00:00,623.8099999999997,624.6599999999997,623.6299999999997,623.7899999999997,345
2026-05-14T19:25:00+00:00,623.7899999999997,624.3699999999997,623.6299999999997,623.8999999999997,362
2026-05-14T19:30:00+00:00,623.8999999999997,624.5899999999997,623.8899999999996,624.2799999999997,396
2026-05-14T19:35:00+00:00,624.2799999999997,624.5499999999997,624.1099999999997,624.3699999999997,292
2026-05-14T19:40:00+00:00,624.3699999999997,624.7299999999997,624.1399999999996,624.4799999999997,283
2026-05-14T19:45:00+00:00,624.4799999999997,624.8999999999997,624.4399999999997,624.5899999999997,295
2026-05-14T19:50:00+00:00,624.5899999999997,625.1099999999997,624.3599999999997,624.8599999999997,386
2026-05-14T19:55:00+00:00,624.8599999999997,625.4999999999997,624.6099999999997,625.4399999999997,755
2026-05-15T13:30:00+00:00,625.4399999999997,625.4399999999997,616.0399999999997,617.4399999999997,489
2026-05-15T13:35:00+00:00,617.4399999999997,618.8299999999997,616.8099999999997,616.8999999999997,537
2026-05-15T13:40:00+00:00,616.8999999999997,619.7399999999997,616.8999999999997,617.3199999999997,400
2026-05-15T13:45:00+00:00,617.3199999999997,618.6499999999997,616.3299999999997,618.4799999999997,375
2026-05-15T13:50:00+00:00,618.4799999999997,619.5399999999997,616.8599999999997,618.6599999999997,383
2026-05-15T13:55:00+00:00,618.6599999999997,619.3999999999997,617.0099999999996,617.0199999999998,379
2026-05-15T14:00:00+00:00,617.0199999999998,618.6599999999997,616.5699999999997,617.9999999999997,412
2026-05-15T14:05:00+00:00,617.9999999999997,619.8799999999997,617.9299999999997,619.8599999999997,316
2026-05-15T14:10:00+00:00,619.8599999999997,620.3599999999997,619.3199999999997,620.1399999999996,323
2026-05-15T14:15:00+00:00,620.1399999999996,620.6599999999997,618.8599999999997,618.8699999999997,360
2026-05-15T14:20:00+00:00,618.8699999999997,620.3099999999997,618.6099999999997,619.3699999999997,356
2026-05-15T14:25:00+00:00,619.3699999999997,619.3799999999997,618.5199999999998,619.2499999999997,292
2026-05-15T14:30:00+00:00,619.2499999999997,620.0799999999997,619.0799999999997,620.0199999999998,327
2026-05-15T14:35:00+00:00,620.0199999999998,621.4599999999997,619.4199999999997,620.3399999999997,355
2026-05-15T14:40:00+00:00,620.3399999999997,621.4099999999997,620.3399999999997,620.6199999999997,325
2026-05-15T14:45:00+00:00,620.6199999999997,621.0299999999997,619.9799999999997,620.5799999999997,334
2026-05-15T14:50:00+00:00,620.5799999999997,621.6699999999997,619.8699999999997,621.6699999999997,343
2026-05-15T14:55:00+00:00,621.6699999999997,621.8499999999997,621.1999999999997,621.5799999999997,335.35718509757544
2026-05-15T15:00:00+00:00,621.5799999999997,621.6099999999997,620.3199999999997,620.7899999999997,309
2026-05-15T15:05:00+00:00,620.7899999999997,621.7699999999996,619.8799999999997,621.6199999999997,341
2026-05-15T15:10:00+00:00,621.6199999999997,622.4799999999997,621.0299999999997,621.4199999999997,392
2026-05-15T15:15:00+00:00,621.4199999999997,622.3299999999997,621.0199999999996,622.0899999999997,251
2026-05-15T15:20:00+00:00,622.0899999999997,622.7399999999997,621.1299999999997,621.3899999999996,328
2026-05-15T15:25:00+00:00,621.3899999999996,621.6599999999997,620.6699999999997,621.6199999999997,354
2026-05-15T15:30:00+00:00,621.6199999999997,622.7599999999996,621.3299999999997,621.3299999999997,306
2026-05-15T15:35:00+00:00,621.3299999999997,621.8699999999997,620.0899999999997,620.2199999999997,340
2026-05-15T15:40:00+00:00,620.2199999999997,620.2399999999997,618.8599999999997,619.1899999999997,340
2026-05-15T15:45:00+00:00,619.1899999999997,619.9499999999997,618.8499999999997,619.3399999999997,239
2026-05-15T15:50:00+00:00,619.3399999999997,619.3399999999997,618.4999999999997,618.7499999999997,211
2026-05-15T15:55:00+00:00,618.7499999999997,620.3199999999997,618.4999999999997,619.9599999999997,266
2026-05-15T16:00:00+00:00,619.9599999999997,620.5999999999997,619.8199999999997,619.9899999999997,223
2026-05-15T16:05:00+00:00,619.9899999999997,621.2999999999997,619.8199999999997,620.9899999999997,226
2026-05-15T16:10:00+00:00,620.9899999999997,620.9999999999997,619.9599999999997,620.1099999999997,227
2026-05-15T16:15:00+00:00,620.1099999999997,620.3399999999997,619.8199999999997,620.1699999999997,205
2026-05-15T16:20:00+00:00,620.1699999999997,621.5599999999997,620.1499999999996,621.4599999999997,261
2026-05-15T16:25:00+00:00,621.4599999999997,622.4399999999997,621.3199999999997,622.1199999999997,279
2026-05-15T16:30:00+00:00,622.1199999999997,623.1499999999996,621.9199999999997,622.9199999999997,249
2026-05-15T16:35:00+00:00,622.9199999999997,623.7599999999996,622.5799999999997,622.7399999999997,286
2026-05-15T16:40:00+00:00,622.7399999999997,622.8299999999997,621.6399999999996,621.8499999999997,200
2026-05-15T16:45:00+00:00,621.8499999999997,622.4599999999997,621.7799999999997,622.0599999999997,229
2026-05-15T16:50:00+00:00,622.0599999999997,622.3999999999996,621.2199999999997,621.2499999999997,243
2026-05-15T16:55:00+00:00,621.2499999999997,622.6299999999997,621.2299999999997,622.6299999999997,287
2026-05-15T17:00:00+00:00,622.6299999999997,622.8499999999997,621.8399999999997,622.5399999999997,242
2026-05-15T17:05:00+00:00,622.5399999999997,622.9799999999997,622.3399999999997,622.7499999999997,241
2026-05-15T17:10:00+00:00,622.7499999999997,624.4399999999997,622.7499999999997,624.2299999999997,275
2026-05-15T17:15:00+00:00,624.2299999999997,624.2699999999996,623.3199999999997,624.0699999999997,268
2026-05-15T17:20:00+00:00,624.0699999999997,624.8499999999997,623.7999999999997,624.6199999999997,309
2026-05-15T17:25:00+00:00,624.6199999999997,625.1299999999997,624.3199999999997,624.8399999999997,315
2026-05-15T17:30:00+00:00,624.8399999999997,626.4099999999997,624.3899999999996,626.1799999999997,401
2026-05-15T17:35:00+00:00,626.1799999999997,626.3799999999997,625.4199999999997,625.7599999999996,358
2026-05-15T17:40:00+00:00,625.7599999999996,626.2099999999997,625.3199999999997,625.6299999999997,294
2026-05-15T17:45:00+00:00,625.6299999999997,626.5299999999997,625.5999999999997,626.3699999999997,219
2026-05-15T17:50:00+00:00,626.3699999999997,627.1799999999997,626.3699999999997,626.8699999999997,248
2026-05-15T17:55:00+00:00,626.8699999999997,626.9299999999997,626.3199999999997,626.7099999999997,223
2026-05-15T18:00:00+00:00,626.7099999999997,627.9099999999997,626.6999999999997,626.8299999999997,578
2026-05-15T18:05:00+00:00,626.8299999999997,627.8499999999997,626.7699999999996,626.8199999999997,585
2026-05-15T18:10:00+00:00,626.8199999999997,627.4699999999997,626.7599999999996,626.8699999999997,375
2026-05-15T18:15:00+00:00,626.8699999999997,627.4499999999997,626.0299999999997,626.0299999999997,390
2026-05-15T18:20:00+00:00,626.0299999999997,627.0999999999997,626.0299999999997,626.5199999999996,256
2026-05-15T18:25:00+00:00,626.5199999999996,626.7199999999997,625.5299999999997,625.7999999999997,285
2026-05-15T18:30:00+00:00,625.7999999999997,625.9099999999997,624.3299999999997,624.8599999999997,387
2026-05-15T18:35:00+00:00,624.8599999999997,625.4799999999997,624.8299999999997,625.2399999999997,252
2026-05-15T18:40:00+00:00,625.2399999999997,625.4099999999997,624.3499999999997,624.8399999999997,237
2026-05-15T18:45:00+00:00,624.8399999999997,625.1999999999997,624.2299999999997,624.7399999999997,265
2026-05-15T18:50:00+00:00,624.7399999999997,624.9599999999997,623.9999999999997,624.1799999999997,202
2026-05-15T18:55:00+00:00,624.1799999999997,624.4299999999997,623.1499999999996,623.6499999999996,328
2026-05-15T19:00:00+00:00,623.6499999999996,623.7199999999997,622.8699999999997,622.9499999999997,233
2026-05-15T19:05:00+00:00,622.9499999999997,623.6299999999997,622.8599999999997,623.1399999999996,328
2026-05-15T19:10:00+00:00,623.1399999999996,623.3099999999997,622.8799999999997,623.1699999999997,257
2026-05-15T19:15:00+00:00,623.1699999999997,623.1799999999997,622.3499999999997,622.8599999999997,229
2026-05-15T19:20:00+00:00,622.8599999999997,623.9299999999997,622.8299999999997,622.8599999999997,268
2026-05-15T19:25:00+00:00,622.8599999999997,623.4199999999997,622.8199999999997,623.0399999999997,251
2026-05-15T19:30:00+00:00,623.0399999999997,623.2899999999997,621.9599999999997,622.1099999999997,308
2026-05-15T19:35:00+00:00,622.1099999999997,622.3799999999997,621.8799999999997,622.1499999999996,236
2026-05-15T19:40:00+00:00,622.1499999999996,622.3299999999997,620.8299999999997,620.8299999999997,343
2026-05-15T19:45:00+00:00,620.8299999999997,622.5599999999997,620.8199999999997,622.1399999999996,338
2026-05-15T19:50:00+00:00,622.1399999999996,622.1399999999996,620.4199999999997,620.7599999999996,579
2026-05-15T19:55:00+00:00,620.7599999999996,621.7199999999997,619.8199999999997,621.2699999999996,713
2026-05-18T13:30:00+00:00,621.2699999999996,621.2699999999996,610.4499999999997,613.3299999999997,769
2026-05-18T13:35:00+00:00,613.3299999999997,614.3899999999996,611.9399999999997,612.4399999999997,749
2026-05-18T13:40:00+00:00,612.4399999999997,615.4399999999997,612.2199999999997,614.6799999999997,757
2026-05-18T13:45:00+00:00,614.6799999999997,616.0499999999997,613.6799999999997,615.5499999999997,774
2026-05-18T13:50:00+00:00,615.5499999999997,617.0699999999997,615.5499999999997,615.5599999999997,582
2026-05-18T13:55:00+00:00,615.5599999999997,618.6999999999997,614.9499999999997,618.5299999999997,617
2026-05-18T14:00:00+00:00,618.5299999999997,618.7899999999997,615.8999999999996,616.3299999999997,498
2026-05-18T14:05:00+00:00,616.3299999999997,617.7099999999997,615.8199999999997,616.9699999999997,680
2026-05-18T14:10:00+00:00,616.9699999999997,617.6799999999997,615.8299999999997,616.3799999999997,516
2026-05-18T14:15:00+00:00,616.3799999999997,618.2699999999996,616.3699999999997,618.0799999999997,543
2026-05-18T14:20:00+00:00,618.0799999999997,618.6399999999996,616.9499999999997,617.0999999999997,388
2026-05-18T14:25:00+00:00,617.0999999999997,618.3599999999997,616.5299999999997,618.1399999999996,546
2026-05-18T14:30:00+00:00,618.1399999999996,618.5599999999997,614.6299999999997,614.8599999999997,530
2026-05-18T14:35:00+00:00,614.8599999999997,616.0099999999996,612.3399999999997,615.7999999999997,751
2026-05-18T14:40:00+00:00,615.7999999999997,616.8599999999997,614.8199999999997,616.4399999999997,523
2026-05-18T14:45:00+00:00,616.4399999999997,616.7399999999997,614.8199999999997,614.8399999999997,460
2026-05-18T14:50:00+00:00,614.8399999999997,616.8299999999997,614.8199999999997,616.2599999999996,499
2026-05-18T14:55:00+00:00,616.2599999999996,616.7099999999997,615.5799999999997,615.9299999999997,397
2026-05-18T15:00:00+00:00,615.9299999999997,616.2599999999996,612.6799999999997,613.3599999999997,695
2026-05-18T15:05:00+00:00,613.3599999999997,614.7599999999996,613.0099999999996,614.0699999999997,329
2026-05-18T15:10:00+00:00,614.0699999999997,615.3199999999997,613.6299999999997,615.1499999999996,383
2026-05-18T15:15:00+00:00,615.1499999999996,615.4399999999997,613.8899999999996,614.9499999999997,362
2026-05-18T15:20:00+00:00,614.9499999999997,615.6399999999996,614.2799999999997,615.0499999999997,449
2026-05-18T15:25:00+00:00,615.0499999999997,615.9199999999997,614.1299999999997,614.2899999999997,350
2026-05-18T15:30:00+00:00,614.2899999999997,615.7899999999997,614.1699999999997,615.3899999999996,358
2026-05-18T15:35:00+00:00,615.3899999999996,615.7899999999997,615.2699999999996,615.4799999999997,297
2026-05-18T15:40:00+00:00,615.4799999999997,616.7399999999997,614.4799999999997,614.5799999999997,378
2026-05-18T15:45:00+00:00,614.5799999999997,615.0599999999997,614.3299999999997,614.5799999999997,303
2026-05-18T15:50:00+00:00,614.5799999999997,614.6399999999996,613.7299999999997,614.3399999999997,315
2026-05-18T15:55:00+00:00,614.3399999999997,614.5899999999997,613.8199999999997,614.1999999999997,305
2026-05-18T16:00:00+00:00,614.1999999999997,614.3099999999997,613.4199999999997,613.8199999999997,309
2026-05-18T16:05:00+00:00,613.8199999999997,615.2999999999997,613.8199999999997,615.1599999999997,281
2026-05-18T16:10:00+00:00,615.1599999999997,616.0399999999997,614.9599999999997,615.7799999999997,321
2026-05-18T16:15:00+00:00,615.7799999999997,617.1499999999996,615.7799999999997,616.6199999999997,306
2026-05-18T16:20:00+00:00,616.6199999999997,617.3099999999997,615.9799999999997,616.3199999999997,305
2026-05-18T16:25:00+00:00,616.3199999999997,616.4899999999997,614.6299999999997,614.6899999999997,394
2026-05-18T16:30:00+00:00,614.6899999999997,616.1599999999997,614.2099999999997,615.5799999999997,404
2026-05-18T16:35:00+00:00,615.5799999999997,616.5299999999997,615.5699999999997,616.2399999999997,309
2026-05-18T16:40:00+00:00,616.2399999999997,616.2399999999997,614.3199999999997,614.4199999999997,310
2026-05-18T16:45:00+00:00,614.4199999999997,615.3899999999996,614.3199999999997,615.1899999999997,267
2026-05-18T16:50:00+00:00,615.1899999999997,616.3999999999996,615.1899999999997,616.3299999999997,290
2026-05-18T16:55:00+00:00,616.3299999999997,617.5699999999997,616.2799999999997,616.3699999999997,344
2026-05-18T17:00:00+00:00,616.3699999999997,616.8999999999996,615.8199999999997,616.7999999999997,254
2026-05-18T17:05:00+00:00,616.7999999999997,617.6799999999997,616.0399999999997,617.3399999999997,323
2026-05-18T17:10:00+00:00,617.3399999999997,617.7899999999997,616.6799999999997,617.7199999999997,261
2026-05-18T17:15:00+00:00,617.7199999999997,619.3599999999997,617.7099999999997,619.1199999999997,368
2026-05-18T17:20:00+00:00,619.1199999999997,619.9999999999997,618.7099999999997,619.8499999999997,292
2026-05-18T17:25:00+00:00,619.8499999999997,620.2799999999997,619.5699999999997,619.8199999999997,349
2026-05-18T17:30:00+00:00,619.8199999999997,619.9899999999997,619.4399999999997,619.6699999999997,289
2026-05-18T17:35:00+00:00,619.6699999999997,619.9499999999997,619.0899999999997,619.4999999999997,343
2026-05-18T17:40:00+00:00,619.4999999999997,620.7399999999997,619.3499999999997,619.8299999999997,349
2026-05-18T17:45:00+00:00,619.8299999999997,620.9399999999997,619.4099999999997,620.5199999999996,269
2026-05-18T17:50:00+00:00,620.5199999999996,622.2899999999997,620.5199999999996,621.8399999999997,421
2026-05-18T17:55:00+00:00,621.8399999999997,622.0999999999997,620.4899999999997,621.2899999999997,326
2026-05-18T18:00:00+00:00,621.2899999999997,621.4299999999997,619.8199999999997,620.2899999999997,332
2026-05-18T18:05:00+00:00,620.2899999999997,620.5599999999997,619.3899999999996,619.4099999999997,382
2026-05-18T18:10:00+00:00,619.4099999999997,619.5899999999997,618.7099999999997,618.7899999999997,294
2026-05-18T18:15:00+00:00,618.7899999999997,618.8299999999997,617.2099999999997,617.6599999999997,401
2026-05-18T18:20:00+00:00,617.6599999999997,617.7699999999996,617.1199999999997,617.3899999999996,375
2026-05-18T18:25:00+00:00,617.3899999999996,617.5499999999997,616.5299999999997,616.9099999999997,345
2026-05-18T18:30:00+00:00,616.9099999999997,617.8799999999997,616.8999999999996,617.5299999999997,312
2026-05-18T18:35:00+00:00,617.5299999999997,617.7899999999997,617.1099999999997,617.2799999999997,271
2026-05-18T18:40:00+00:00,617.2799999999997,617.3799999999997,616.5299999999997,616.7599999999996,206
2026-05-18T18:45:00+00:00,616.7599999999996,617.1399999999996,616.2099999999997,616.2099999999997,278
2026-05-18T18:50:00+00:00,616.2099999999997,616.6199999999997,615.7199999999997,615.7399999999997,340
2026-05-18T18:55:00+00:00,615.7399999999997,615.8999999999996,614.2099999999997,614.2199999999997,313
2026-05-18T19:00:00+00:00,614.2199999999997,619.3499999999997,614.2099999999997,618.1799999999997,542
2026-05-18T19:05:00+00:00,618.1799999999997,619.0699999999997,617.4299999999997,618.8699999999997,362
2026-05-18T19:10:00+00:00,618.8699999999997,619.2999999999997,618.2099999999997,618.8699999999997,345
2026-05-18T19:15:00+00:00,618.8699999999997,619.1999999999997,618.1399999999996,618.3599999999997,362
2026-05-18T19:20:00+00:00,618.3599999999997,618.9599999999997,617.8199999999997,617.8199999999997,360
2026-05-18T19:25:00+00:00,617.8199999999997,618.7899999999997,616.9399999999997,618.3599999999997,366
2026-05-18T19:30:00+00:00,618.3599999999997,619.1099999999997,618.1799999999997,618.3899999999996,279
2026-05-18T19:35:00+00:00,618.3899999999996,618.7299999999997,617.8699999999997,618.1599999999997,311
2026-05-18T19:40:00+00:00,618.1599999999997,619.0599999999997,618.1499999999996,618.5199999999996,463
2026-05-18T19:45:00+00:00,618.5199999999996,618.8899999999996,617.4199999999997,618.1399999999996,474
2026-05-18T19:50:00+00:00,618.1399999999996,618.2599999999996,617.3299999999997,617.5399999999997,485
2026-05-18T19:55:00+00:00,617.5399999999997,618.3399999999997,616.8199999999997,618.0599999999997,682
2026-05-19T13:30:00+00:00,618.0599999999997,618.0599999999997,613.1999999999997,615.9199999999997,557
2026-05-19T13:35:00+00:00,615.9199999999997,615.9199999999997,613.0399999999997,614.1599999999997,702
2026-05-19T13:40:00+00:00,614.1599999999997,614.3499999999997,612.3499999999997,612.7099999999997,665
2026-05-19T13:45:00+00:00,612.7099999999997,615.6699999999997,611.9299999999997,615.4099999999997,516
2026-05-19T13:50:00+00:00,615.4099999999997,618.5599999999997,615.3199999999997,617.8199999999997,635
2026-05-19T13:55:00+00:00,617.8199999999997,620.4399999999997,616.8399999999997,618.8899999999996,591
2026-05-19T14:00:00+00:00,618.8899999999996,620.0699999999997,618.1299999999997,619.6399999999996,546
2026-05-19T14:05:00+00:00,619.6399999999996,619.6499999999996,615.5499999999997,616.6199999999997,665
2026-05-19T14:10:00+00:00,616.6199999999997,617.4899999999997,615.9699999999997,615.9699999999997,494
2026-05-19T14:15:00+00:00,615.9699999999997,617.5299999999997,615.8199999999997,616.4499999999997,485
2026-05-19T14:20:00+00:00,616.4499999999997,616.7299999999997,614.3199999999997,615.6599999999997,569
2026-05-19T14:25:00+00:00,615.6599999999997,615.6599999999997,614.3299999999997,615.5999999999997,424
2026-05-19T14:30:00+00:00,615.5999999999997,615.7799999999997,614.5399999999997,615.2199999999997,399
2026-05-19T14:35:00+00:00,615.2199999999997,615.4099999999997,613.8499999999997,614.3299999999997,384
2026-05-19T14:40:00+00:00,614.3299999999997,614.8899999999996,613.7899999999997,613.9299999999997,358
2026-05-19T14:45:00+00:00,613.9299999999997,613.9999999999997,612.1999999999997,612.4299999999997,394
2026-05-19T14:50:00+00:00,612.4299999999997,612.7399999999997,611.5699999999997,612.3299999999997,362
2026-05-19T14:55:00+00:00,612.3299999999997,613.8899999999996,612.3199999999997,613.5199999999996,302
2026-05-19T15:00:00+00:00,613.5199999999996,613.5299999999997,612.3199999999997,613.3699999999997,270
2026-05-19T15:05:00+00:00,613.3699999999997,614.1999999999997,613.0199999999996,613.6699999999997,345
2026-05-19T15:10:00+00:00,613.6699999999997,614.2799999999997,613.5799999999997,613.5799999999997,218
2026-05-19T15:15:00+00:00,613.5799999999997,613.6299999999997,612.3399999999997,612.3399999999997,216
2026-05-19T15:20:00+00:00,612.3399999999997,612.7899999999997,611.5599999999997,611.5599999999997,237
2026-05-19T15:25:00+00:00,611.5599999999997,612.1599999999997,610.8699999999997,610.9199999999997,339
2026-05-19T15:30:00+00:00,610.9199999999997,611.8399999999997,610.6199999999997,610.8399999999997,361
2026-05-19T15:35:00+00:00,610.8399999999997,611.8399999999997,610.5199999999996,610.9299999999997,309
2026-05-19T15:40:00+00:00,610.9299999999997,611.7399999999997,610.7199999999997,611.1199999999997,244
2026-05-19T15:45:00+00:00,611.1199999999997,611.2099999999997,610.3199999999997,610.9499999999997,235
2026-05-19T15:50:00+00:00,610.9499999999997,611.0399999999997,610.2799999999997,610.4699999999997,185
2026-05-19T15:55:00+00:00,610.4699999999997,610.4699999999997,608.8199999999997,609.5599999999997,290
2026-05-19T16:00:00+00:00,609.5599999999997,610.7499999999997,609.5599999999997,610.7299999999997,270
2026-05-19T16:05:00+00:00,610.7299999999997,610.9299999999997,609.6199999999997,609.6199999999997,311
2026-05-19T16:10:00+00:00,609.6199999999997,609.6299999999997,608.6199999999997,608.8399999999997,321
2026-05-19T16:15:00+00:00,608.8399999999997,609.7699999999996,608.6899999999997,609.5799999999997,317
2026-05-19T16:20:00+00:00,609.5799999999997,609.8399999999997,608.8199999999997,609.4499999999997,205
2026-05-19T16:25:00+00:00,609.4499999999997,609.7599999999996,608.8999999999996,609.0099999999996,311
2026-05-19T16:30:00+00:00,609.0099999999996,609.0199999999996,608.2599999999996,608.8499999999997,311
2026-05-19T16:35:00+00:00,608.8499999999997,608.8499999999997,607.3799999999997,607.9999999999997,330
2026-05-19T16:40:00+00:00,607.9999999999997,608.8399999999997,607.8699999999997,608.5899999999997,270
2026-05-19T16:45:00+00:00,608.5899999999997,609.4299999999997,608.5299999999997,609.0699999999997,240
2026-05-19T16:50:00+00:00,609.0699999999997,611.1699999999997,608.8999999999996,610.9199999999997,303
2026-05-19T16:55:00+00:00,610.9199999999997,611.2299999999997,610.5699999999997,610.5799999999997,190
2026-05-19T17:00:00+00:00,610.5799999999997,610.7099999999997,610.0199999999996,610.5399999999997,185
2026-05-19T17:05:00+00:00,610.5399999999997,611.1699999999997,610.5199999999996,610.8499999999997,174
2026-05-19T17:10:00+00:00,610.8499999999997,611.1199999999997,610.4199999999997,610.4299999999997,192
2026-05-19T17:15:00+00:00,610.4299999999997,610.6599999999997,609.5999999999997,609.6099999999997,168
2026-05-19T17:20:00+00:00,609.6099999999997,611.1799999999997,609.6099999999997,610.8399999999997,206
2026-05-19T17:25:00+00:00,610.8399999999997,610.9199999999997,610.0699999999997,610.5699999999997,242
2026-05-19T17:30:00+00:00,610.5699999999997,611.1699999999997,609.3199999999997,609.4999999999997,270
2026-05-19T17:35:00+00:00,609.4999999999997,609.9999999999997,609.2199999999997,609.7399999999997,201
2026-05-19T17:40:00+00:00,609.7399999999997,610.1099999999997,609.3199999999997,609.7399999999997,244
2026-05-19T17:45:00+00:00,609.7399999999997,609.7399999999997,608.7699999999996,609.1199999999997,270
2026-05-19T17:50:00+00:00,609.1199999999997,609.2399999999997,608.8599999999997,609.0199999999996,179
2026-05-19T17:55:00+00:00,609.0199999999996,609.5699999999997,608.9099999999997,609.3899999999996,211
2026-05-19T18:00:00+00:00,609.3899999999996,609.5299999999997,609.0699999999997,609.3499999999997,209
2026-05-19T18:05:00+00:00,609.3499999999997,609.5099999999996,609.0699999999997,609.4399999999997,155
2026-05-19T18:10:00+00:00,609.4399999999997,609.5299999999997,608.6999999999997,608.7699999999996,186
2026-05-19T18:15:00+00:00,608.7699999999996,609.2299999999997,608.4299999999997,609.0999999999997,169
2026-05-19T18:20:00+00:00,609.0999999999997,609.4399999999997,608.8199999999997,609.1399999999996,244
2026-05-19T18:25:00+00:00,609.1399999999996,609.5199999999996,608.8299999999997,609.1799999999997,209
2026-05-19T18:30:00+00:00,609.1799999999997,609.8699999999997,608.8199999999997,609.5699999999997,214
2026-05-19T18:35:00+00:00,609.5699999999997,609.9099999999997,608.9299999999997,608.9499999999997,196
2026-05-19T18:40:00+00:00,608.9499999999997,609.0199999999996,608.5699999999997,608.8999999999996,169
2026-05-19T18:45:00+00:00,608.8999999999996,609.0999999999997,608.5799999999997,608.9399999999997,160
2026-05-19T18:50:00+00:00,608.9399999999997,608.9399999999997,608.0299999999997,608.3499999999997,207
2026-05-19T18:55:00+00:00,608.3499999999997,608.3499999999997,607.5199999999996,607.8799999999997,300
2026-05-19T19:00:00+00:00,607.8799999999997,607.9599999999997,607.4299999999997,607.7199999999997,245
2026-05-19T19:05:00+00:00,607.7199999999997,608.6699999999997,607.7199999999997,608.5399999999997,241
2026-05-19T19:10:00+00:00,608.5399999999997,609.0499999999997,608.3199999999997,608.6999999999997,209
2026-05-19T19:15:00+00:00,608.6999999999997,609.6699999999997,608.6999999999997,609.6199999999997,258
2026-05-19T19:20:00+00:00,609.6199999999997,609.6899999999997,608.8199999999997,608.8399999999997,236
2026-05-19T19:25:00+00:00,608.8399999999997,609.6799999999997,608.4999999999997,609.1799999999997,271
2026-05-19T19:30:00+00:00,609.1799999999997,609.2499999999997,608.3799999999997,608.6199999999997,224
2026-05-19T19:35:00+00:00,608.6199999999997,608.8699999999997,608.4699999999997,608.6699999999997,247
2026-05-19T19:40:00+00:00,608.6699999999997,608.9199999999997,608.4199999999997,608.4299999999997,323
2026-05-19T19:45:00+00:00,608.4299999999997,609.5099999999996,608.2099999999997,608.8299999999997,339
2026-05-19T19:50:00+00:00,608.8299999999997,609.7299999999997,608.8299999999997,609.3399999999997,435
2026-05-19T19:55:00+00:00,609.3399999999997,610.1399999999996,609.0799999999997,609.6399999999996,803
2026-05-20T13:30:00+00:00,609.6399999999996,609.6399999999996,606.4699999999997,607.3799999999997,522
2026-05-20T13:35:00+00:00,607.3799999999997,608.6199999999997,605.9499999999997,608.2499999999997,485
2026-05-20T13:40:00+00:00,608.2499999999997,608.4699999999997,605.8199999999997,607.0699999999997,353
2026-05-20T13:45:00+00:00,607.0699999999997,609.3399999999997,606.8799999999997,607.9299999999997,373
2026-05-20T13:50:00+00:00,607.9299999999997,607.9599999999997,606.1699999999997,606.7199999999997,324
2026-05-20T13:55:00+00:00,606.7199999999997,607.4999999999997,606.7099999999997,606.8399999999997,319
2026-05-20T14:00:00+00:00,606.8399999999997,606.9199999999997,605.6699999999997,606.8399999999997,459
2026-05-20T14:05:00+00:00,606.8399999999997,606.8699999999997,604.6199999999997,604.6999999999997,403
2026-05-20T14:10:00+00:00,604.6999999999997,606.5199999999996,604.6399999999996,605.8199999999997,467
2026-05-20T14:15:00+00:00,605.8199999999997,609.4999999999997,605.8199999999997,609.0699999999997,562
2026-05-20T14:20:00+00:00,609.0699999999997,609.8399999999997,606.8199999999997,606.8199999999997,385
2026-05-20T14:25:00+00:00,606.8199999999997,608.3599999999997,606.7699999999996,608.3499999999997,276
2026-05-20T14:30:00+00:00,608.3499999999997,609.4399999999997,608.3499999999997,608.6499999999996,339
2026-05-20T14:35:00+00:00,608.6499999999996,609.1799999999997,607.8199999999997,608.1099999999997,248
2026-05-20T14:40:00+00:00,608.1099999999997,608.1099999999997,607.2199999999997,607.6899999999997,210
2026-05-20T14:45:00+00:00,607.6899999999997,610.1499999999996,607.6899999999997,609.5899999999997,293
2026-05-20T14:50:00+00:00,609.5899999999997,611.4499999999997,609.5899999999997,611.4399999999997,378
2026-05-20T14:55:00+00:00,611.4399999999997,612.0399999999997,610.8299999999997,611.5699999999997,334.6951219512195
2026-05-20T15:00:00+00:00,611.5699999999997,611.7399999999997,610.5399999999997,611.2199999999997,265
2026-05-20T15:05:00+00:00,611.2199999999997,611.6899999999997,610.7299999999997,611.4699999999997,245
2026-05-20T15:10:00+00:00,611.4699999999997,611.6199999999997,610.3399999999997,610.4499999999997,239
2026-05-20T15:15:00+00:00,610.4499999999997,614.2299999999997,610.4299999999997,613.8399999999997,591
2026-05-20T15:20:00+00:00,613.8399999999997,614.6399999999996,613.4799999999997,614.0199999999996,361
2026-05-20T15:25:00+00:00,614.0199999999996,614.6599999999997,612.0699999999997,612.1299999999997,385
2026-05-20T15:30:00+00:00,612.1299999999997,613.1899999999997,612.1299999999997,612.5999999999997,235
2026-05-20T15:35:00+00:00,612.5999999999997,613.0299999999997,611.8199999999997,612.6699999999997,285
2026-05-20T15:40:00+00:00,612.6699999999997,613.1599999999997,612.3199999999997,612.8199999999997,199
2026-05-20T15:45:00+00:00,612.8199999999997,613.2299999999997,612.4999999999997,612.7999999999997,170
2026-05-20T15:50:00+00:00,612.7999999999997,613.3399999999997,612.6699999999997,612.8199999999997,208
2026-05-20T15:55:00+00:00,612.8199999999997,613.4599999999997,612.7499999999997,613.0299999999997,203
2026-05-20T16:00:00+00:00,613.0299999999997,613.1799999999997,612.0499999999997,612.4499999999997,198
2026-05-20T16:05:00+00:00,612.4499999999997,612.4499999999997,611.5599999999997,611.5799999999997,214
2026-05-20T16:10:00+00:00,611.5799999999997,612.1599999999997,611.3199999999997,611.8799999999997,194
2026-05-20T16:15:00+00:00,611.8799999999997,612.1199999999997,611.4199999999997,611.8899999999996,162
2026-05-20T16:20:00+00:00,611.8899999999996,611.9999999999997,610.8199999999997,610.9099999999997,200
2026-05-20T16:25:00+00:00,610.9099999999997,611.4299999999997,610.7999999999997,610.8399999999997,163
2026-05-20T16:30:00+00:00,610.8399999999997,610.8399999999997,610.1499999999996,610.3799999999997,211
2026-05-20T16:35:00+00:00,610.3799999999997,610.9099999999997,610.3199999999997,610.4699999999997,204
2026-05-20T16:40:00+00:00,610.4699999999997,611.6999999999997,610.4099999999997,611.5099999999996,215
2026-05-20T16:45:00+00:00,611.5099999999996,611.9299999999997,610.5699999999997,610.6899999999997,217
2026-05-20T16:50:00+00:00,610.6899999999997,611.3799999999997,610.6699999999997,611.2999999999997,156
2026-05-20T16:55:00+00:00,611.2999999999997,611.5699999999997,610.8299999999997,611.3899999999996,184
2026-05-20T17:00:00+00:00,611.3899999999996,611.9199999999997,610.8999999999996,610.9299999999997,196
2026-05-20T17:05:00+00:00,610.9299999999997,611.3499999999997,610.8999999999996,610.9599999999997,192
2026-05-20T17:10:00+00:00,610.9599999999997,611.9599999999997,610.6099999999997,611.5299999999997,216
2026-05-20T17:15:00+00:00,611.5299999999997,612.0499999999997,611.3199999999997,611.4999999999997,184
2026-05-20T17:20:00+00:00,611.4999999999997,611.5399999999997,610.6299999999997,611.0299999999997,174
2026-05-20T17:25:00+00:00,611.0299999999997,612.0199999999996,611.0299999999997,611.8999999999996,155
2026-05-20T17:30:00+00:00,611.8999999999996,612.3399999999997,611.1099999999997,611.5399999999997,213
2026-05-20T17:35:00+00:00,611.5399999999997,612.4099999999997,611.3199999999997,612.0999999999997,250
2026-05-20T17:40:00+00:00,612.0999999999997,612.3999999999996,611.9799999999997,612.1199999999997,192
2026-05-20T17:45:00+00:00,612.1199999999997,612.3399999999997,611.7999999999997,612.1899999999997,129
2026-05-20T17:50:00+00:00,612.1899999999997,612.3399999999997,611.6899999999997,611.7399999999997,120
2026-05-20T17:55:00+00:00,611.7399999999997,612.0099999999996,611.4699999999997,611.6199999999997,208
2026-05-20T18:00:00+00:00,611.6199999999997,611.9499999999997,611.0199999999996,611.6599999999997,228
2026-05-20T18:05:00+00:00,611.6599999999997,611.9399999999997,611.3099999999997,611.5199999999996,201
2026-05-20T18:10:00+00:00,611.5199999999996,611.6099999999997,611.0699999999997,611.4099999999997,173
2026-05-20T18:15:00+00:00,611.4099999999997,611.8399999999997,611.3999999999996,611.4299999999997,127
2026-05-20T18:20:00+00:00,611.4299999999997,611.9899999999997,611.1899999999997,611.4199999999997,189
2026-05-20T18:25:00+00:00,611.4199999999997,612.0699999999997,611.1699999999997,611.9199999999997,234
2026-05-20T18:30:00+00:00,611.9199999999997,612.6299999999997,611.8099999999997,612.4699999999997,186
2026-05-20T18:35:00+00:00,612.4699999999997,612.9599999999997,612.0399999999997,612.7199999999997,243
2026-05-20T18:40:00+00:00,612.7199999999997,613.0799999999997,612.1999999999997,612.1999999999997,184
2026-05-20T18:45:00+00:00,612.1999999999997,613.8099999999997,612.1999999999997,613.3899999999996,276
2026-05-20T18:50:00+00:00,613.3899999999996,613.4999999999997,612.3799999999997,612.9899999999997,218
2026-05-20T18:55:00+00:00,612.9899999999997,613.0699999999997,612.2799999999997,612.2899999999997,180
2026-05-20T19:00:00+00:00,612.2899999999997,612.5099999999996,611.3299999999997,611.3999999999996,197
2026-05-20T19:05:00+00:00,611.3999999999996,611.4199999999997,609.4399999999997,609.6899999999997,322
2026-05-20T19:10:00+00:00,609.6899999999997,610.6999999999997,609.5699999999997,610.6699999999997,224
2026-05-20T19:15:00+00:00,610.6699999999997,610.7999999999997,609.9199999999997,610.0299999999997,271
2026-05-20T19:20:00+00:00,610.0299999999997,610.2799999999997,609.7199999999997,610.2499999999997,175
2026-05-20T19:25:00+00:00,610.2499999999997,610.3199999999997,609.8499999999997,610.2699999999996,169
2026-05-20T19:30:00+00:00,610.2699999999996,610.3699999999997,609.8599999999997,610.1299999999997,173
2026-05-20T19:35:00+00:00,610.1299999999997,610.6899999999997,610.0699999999997,610.3399999999997,213
2026-05-20T19:40:00+00:00,610.3399999999997,610.8299999999997,610.3399999999997,610.6799999999997,202
2026-05-20T19:45:00+00:00,610.6799999999997,611.0499999999997,610.0699999999997,610.8199999999997,187
2026-05-20T19:50:00+00:00,610.8199999999997,611.6699999999997,610.1199999999997,611.4099999999997,313
2026-05-20T19:55:00+00:00,611.4099999999997,612.0999999999997,610.4499999999997,611.7499999999997,576
2026-05-21T13:30:00+00:00,611.7499999999997,611.7499999999997,604.9299999999997,607.0799999999997,601
2026-05-21T13:35:00+00:00,607.0799999999997,608.6399999999996,606.5199999999996,606.5199999999996,552
2026-05-21T13:40:00+00:00,606.5199999999996,607.4799999999997,606.3299999999997,606.4399999999997,452
2026-05-21T13:45:00+00:00,606.4399999999997,606.8299999999997,605.7399999999997,605.9299999999997,421
2026-05-21T13:50:00+00:00,605.9299999999997,606.3799999999997,604.6499999999996,605.0199999999996,426
2026-05-21T13:55:00+00:00,605.0199999999996,605.2099999999997,602.0399999999997,602.0399999999997,573
2026-05-21T14:00:00+00:00,602.0399999999997,603.4599999999997,601.6699999999997,602.5099999999996,576
2026-05-21T14:05:00+00:00,602.5099999999996,604.6899999999997,601.9099999999997,604.5399999999997,466
2026-05-21T14:10:00+00:00,604.5399999999997,605.2899999999997,603.8199999999997,604.0699999999997,346
2026-05-21T14:15:00+00:00,604.0699999999997,604.9699999999997,603.8499999999997,604.2399999999997,410
2026-05-21T14:20:00+00:00,604.2399999999997,604.7599999999996,603.0299999999997,603.1799999999997,445
2026-05-21T14:25:00+00:00,603.1799999999997,603.8799999999997,602.8199999999997,603.6399999999996,264
2026-05-21T14:30:00+00:00,603.6399999999996,604.3199999999997,603.4199999999997,603.4299999999997,314
2026-05-21T14:35:00+00:00,603.4299999999997,604.4999999999997,603.3199999999997,604.2399999999997,222
2026-05-21T14:40:00+00:00,604.2399999999997,604.3499999999997,603.3199999999997,603.9699999999997,251
2026-05-21T14:45:00+00:00,603.9699999999997,604.3899999999996,603.0699999999997,603.5999999999997,318
2026-05-21T14:50:00+00:00,603.5999999999997,604.8999999999996,603.4399999999997,604.7799999999997,252
2026-05-21T14:55:00+00:00,604.7799999999997,606.9599999999997,604.7699999999996,606.2799999999997,345
2026-05-21T15:00:00+00:00,606.2799999999997,607.6699999999997,606.0299999999997,607.4399999999997,355
2026-05-21T15:05:00+00:00,607.4399999999997,607.4699999999997,606.6199999999997,607.3799999999997,326
2026-05-21T15:10:00+00:00,607.3799999999997,608.6099999999997,606.8299999999997,608.1099999999997,420
2026-05-21T15:15:00+00:00,608.1099999999997,608.7899999999997,607.5099999999996,608.5299999999997,267
2026-05-21T15:20:00+00:00,608.5299999999997,608.9299999999997,607.1199999999997,607.2899999999997,360
2026-05-21T15:25:00+00:00,607.2899999999997,608.9499999999997,607.2399999999997,608.6099999999997,227
2026-05-21T15:30:00+00:00,608.6099999999997,609.2399999999997,607.8399999999997,608.0199999999996,203
2026-05-21T15:35:00+00:00,608.0199999999996,610.4199999999997,608.0199999999996,610.1099999999997,309
2026-05-21T15:40:00+00:00,610.1099999999997,610.7199999999997,609.4299999999997,609.8399999999997,325
2026-05-21T15:45:00+00:00,609.8399999999997,610.0399999999997,609.2199999999997,609.8299999999997,192
2026-05-21T15:50:00+00:00,609.8299999999997,610.7199999999997,609.8199999999997,610.2799999999997,203
2026-05-21T15:55:00+00:00,610.2799999999997,610.8199999999997,610.0199999999996,610.2299999999997,209
2026-05-21T16:00:00+00:00,610.2299999999997,610.8499999999997,609.3199999999997,609.4499999999997,239
2026-05-21T16:05:00+00:00,609.4499999999997,609.5299999999997,608.8199999999997,608.9999999999997,265
2026-05-21T16:10:00+00:00,608.9999999999997,609.1199999999997,607.8699999999997,608.2099999999997,249
2026-05-21T16:15:00+00:00,608.2099999999997,608.8099999999997,607.9699999999997,608.8099999999997,260
2026-05-21T16:20:00+00:00,608.8099999999997,608.9199999999997,607.8699999999997,608.1899999999997,176
2026-05-21T16:25:00+00:00,608.1899999999997,608.4499999999997,607.8199999999997,607.8599999999997,162
2026-05-21T16:30:00+00:00,607.8599999999997,607.9499999999997,607.0999999999997,607.7599999999996,186
2026-05-21T16:35:00+00:00,607.7599999999996,608.1599999999997,607.3199999999997,607.5799999999997,143
2026-05-21T16:40:00+00:00,607.5799999999997,607.6799999999997,607.2199999999997,607.3299999999997,178
2026-05-21T16:45:00+00:00,607.3299999999997,608.0999999999997,607.3199999999997,607.7899999999997,188
2026-05-21T16:50:00+00:00,607.7899999999997,608.3999999999996,607.3299999999997,608.3799999999997,208
2026-05-21T16:55:00+00:00,608.3799999999997,608.7199999999997,608.1799999999997,608.5299999999997,93
2026-05-21T17:00:00+00:00,608.5299999999997,609.8299999999997,608.5299999999997,609.5999999999997,159
2026-05-21T17:05:00+00:00,609.5999999999997,609.7699999999996,609.0799999999997,609.4599999999997,127
2026-05-21T17:10:00+00:00,609.4599999999997,611.6499999999996,609.3199999999997,610.9199999999997,449
2026-05-21T17:15:00+00:00,610.9199999999997,613.7099999999997,610.8999999999996,613.2699999999996,354
2026-05-21T17:20:00+00:00,613.2699999999996,614.5699999999997,612.0499999999997,612.9099999999997,379
2026-05-21T17:25:00+00:00,612.9099999999997,613.7799999999997,612.8699999999997,613.6899999999997,284
2026-05-21T17:30:00+00:00,613.6899999999997,613.8899999999996,612.8199999999997,613.2399999999997,258
2026-05-21T17:35:00+00:00,613.2399999999997,614.2299999999997,613.2299999999997,614.1999999999997,214
2026-05-21T17:40:00+00:00,614.1999999999997,615.8699999999997,614.1899999999997,615.1099999999997,363
2026-05-21T17:45:00+00:00,615.1099999999997,615.6699999999997,614.8299999999997,615.4599999999997,269
2026-05-21T17:50:00+00:00,615.4599999999997,615.9199999999997,615.0299999999997,615.6999999999997,276
2026-05-21T17:55:00+00:00,615.6999999999997,616.3099999999997,615.5599999999997,615.7099999999997,346
2026-05-21T18:00:00+00:00,615.7099999999997,616.1899999999997,614.6799999999997,614.6899999999997,355
2026-05-21T18:05:00+00:00,614.6899999999997,615.8299999999997,614.6699999999997,615.3599999999997,337
2026-05-21T18:10:00+00:00,615.3599999999997,615.5699999999997,614.8899999999996,615.0999999999997,262
2026-05-21T18:15:00+00:00,615.0999999999997,615.3299999999997,614.6199999999997,614.9399999999997,253
2026-05-21T18:20:00+00:00,614.9399999999997,615.5299999999997,614.7599999999996,615.5299999999997,176
2026-05-21T18:25:00+00:00,615.5299999999997,615.5599999999997,614.7199999999997,614.7299999999997,244
2026-05-21T18:30:00+00:00,614.7299999999997,615.0999999999997,614.6399999999996,614.9199999999997,242
2026-05-21T18:35:00+00:00,614.9199999999997,614.9199999999997,614.1899999999997,614.3399999999997,192
2026-05-21T18:40:00+00:00,614.3399999999997,615.2199999999997,614.3399999999997,614.9199999999997,187
2026-05-21T18:45:00+00:00,614.9199999999997,615.1999999999997,613.8199999999997,614.1099999999997,276
2026-05-21T18:50:00+00:00,614.1099999999997,614.8499999999997,611.9799999999997,611.9799999999997,440
2026-05-21T18:55:00+00:00,611.9799999999997,612.5699999999997,611.6399999999996,612.2999999999997,335
2026-05-21T19:00:00+00:00,612.2999999999997,613.5899999999997,612.0699999999997,613.2899999999997,269
2026-05-21T19:05:00+00:00,613.2899999999997,614.2999999999997,612.8099999999997,613.8199999999997,296
2026-05-21T19:10:00+00:00,613.8199999999997,613.9599999999997,613.2899999999997,613.6399999999996,223
2026-05-21T19:15:00+00:00,613.6399999999996,614.0099999999996,613.3399999999997,613.5799999999997,295
2026-05-21T19:20:00+00:00,613.5799999999997,613.8299999999997,612.9599999999997,613.1999999999997,240
2026-05-21T19:25:00+00:00,613.1999999999997,613.7799999999997,613.0599999999997,613.5899999999997,269
2026-05-21T19:30:00+00:00,613.5899999999997,614.1799999999997,613.2699999999996,613.7299999999997,206
2026-05-21T19:35:00+00:00,613.7299999999997,614.0699999999997,613.7299999999997,613.9599999999997,197
2026-05-21T19:40:00+00:00,613.9599999999997,614.3299999999997,613.6199999999997,614.0099999999996,297
2026-05-21T19:45:00+00:00,614.0099999999996,614.3699999999997,613.3199999999997,613.3199999999997,268
2026-05-21T19:50:00+00:00,613.3199999999997,613.9499999999997,612.3199999999997,613.2399999999997,378
2026-05-21T19:55:00+00:00,613.2399999999997,614.5299999999997,612.6199999999997,614.1599999999997,791
2026-05-22T13:30:00+00:00,614.1599999999997,621.3399999999997,613.8299999999997,619.6199999999997,657
2026-05-22T13:35:00+00:00,619.6199999999997,621.4099999999997,617.8199999999997,619.5899999999997,484
2026-05-22T13:40:00+00:00,619.5899999999997,619.6299999999997,617.8199999999997,618.1399999999996,460
2026-05-22T13:45:00+00:00,618.1399999999996,619.6299999999997,616.8199999999997,617.2299999999997,377
2026-05-22T13:50:00+00:00,617.2299999999997,617.6099999999997,616.5099999999996,617.5599999999997,342
2026-05-22T13:55:00+00:00,617.5599999999997,617.5599999999997,616.3199999999997,616.5399999999997,234
2026-05-22T14:00:00+00:00,616.5399999999997,616.7199999999997,614.9999999999997,615.7899999999997,377
2026-05-22T14:05:00+00:00,615.7899999999997,616.4299999999997,614.1199999999997,614.8699999999997,272
2026-05-22T14:10:00+00:00,614.8699999999997,615.1899999999997,614.0499999999997,614.0699999999997,324
2026-05-22T14:15:00+00:00,614.0699999999997,615.4999999999997,613.6799999999997,614.8299999999997,280
2026-05-22T14:20:00+00:00,614.8299999999997,615.5799999999997,614.3399999999997,614.8799999999997,231
2026-05-22T14:25:00+00:00,614.8799999999997,615.4899999999997,614.6099999999997,615.1199999999997,196
2026-05-22T14:30:00+00:00,615.1199999999997,615.5499999999997,614.6599999999997,614.8399999999997,199
2026-05-22T14:35:00+00:00,614.8399999999997,616.4299999999997,614.7799999999997,615.9199999999997,179
2026-05-22T14:40:00+00:00,615.9199999999997,617.0699999999997,615.8199999999997,616.6499999999996,223
2026-05-22T14:45:00+00:00,616.6499999999996,616.9499999999997,616.1999999999997,616.6599999999997,207
2026-05-22T14:50:00+00:00,616.6599999999997,616.9499999999997,616.1299999999997,616.6099999999997,180
2026-05-22T14:55:00+00:00,616.6099999999997,617.1899999999997,616.6099999999997,617.0099999999996,200.70319634703196
2026-05-22T15:00:00+00:00,617.0099999999996,618.1299999999997,616.6999999999997,617.7199999999997,232
2026-05-22T15:05:00+00:00,617.7199999999997,618.4499999999997,617.6999999999997,617.9999999999997,220
2026-05-22T15:10:00+00:00,617.9999999999997,618.4099999999996,617.7399999999997,617.9399999999997,161
2026-05-22T15:15:00+00:00,617.9399999999997,618.3399999999997,617.8499999999997,617.9399999999997,199
2026-05-22T15:20:00+00:00,617.9399999999997,618.0599999999997,616.8399999999997,616.8399999999997,265
2026-05-22T15:25:00+00:00,616.8399999999997,617.2099999999997,616.3399999999997,617.0399999999996,189
2026-05-22T15:30:00+00:00,617.0399999999996,617.0699999999997,616.3399999999997,616.6899999999997,162
2026-05-22T15:35:00+00:00,616.6899999999997,617.1999999999997,616.3399999999997,616.3399999999997,216
2026-05-22T15:40:00+00:00,616.3399999999997,616.4899999999997,615.8499999999997,616.1699999999996,157
2026-05-22T15:45:00+00:00,616.1699999999996,616.6999999999997,616.1699999999996,616.3199999999997,142
2026-05-22T15:50:00+00:00,616.3199999999997,616.5199999999996,616.1499999999996,616.2099999999997,126
2026-05-22T15:55:00+00:00,616.2099999999997,616.4699999999997,616.0899999999997,616.2499999999997,152
2026-05-22T16:00:00+00:00,616.2499999999997,616.2599999999996,615.7199999999997,615.9599999999997,136
2026-05-22T16:05:00+00:00,615.9599999999997,616.0399999999996,615.3399999999997,615.3799999999997,190
2026-05-22T16:10:00+00:00,615.3799999999997,615.6799999999997,615.3399999999997,615.4099999999996,184
2026-05-22T16:15:00+00:00,615.4099999999996,615.4099999999996,614.8599999999997,614.9299999999997,174
2026-05-22T16:20:00+00:00,614.9299999999997,615.5699999999997,614.8599999999997,614.9399999999997,128
2026-05-22T16:25:00+00:00,614.9399999999997,615.5199999999996,614.4999999999997,615.4699999999997,141
2026-05-22T16:30:00+00:00,615.4699999999997,615.9799999999997,614.9399999999997,615.0999999999997,215
2026-05-22T16:35:00+00:00,615.0999999999997,615.4499999999997,614.9499999999997,615.1599999999996,197
2026-05-22T16:40:00+00:00,615.1599999999996,615.1599999999996,614.2799999999996,614.4799999999997,194
2026-05-22T16:45:00+00:00,614.4799999999997,615.6799999999997,614.4599999999997,614.9199999999996,244
2026-05-22T16:50:00+00:00,614.9199999999996,614.9199999999996,614.1399999999996,614.4899999999997,197
2026-05-22T16:55:00+00:00,614.4899999999997,614.8799999999997,614.1399999999996,614.6499999999996,194
2026-05-22T17:00:00+00:00,614.6499999999996,615.5299999999996,614.6399999999996,615.4999999999997,165
2026-05-22T17:05:00+00:00,615.4999999999997,615.4999999999997,614.9199999999996,615.0099999999996,185
2026-05-22T17:10:00+00:00,615.0099999999996,615.9399999999997,614.9799999999997,615.6299999999997,180
2026-05-22T17:15:00+00:00,615.6299999999997,616.0199999999996,615.0899999999997,615.0999999999997,184
2026-05-22T17:20:00+00:00,615.0999999999997,615.6299999999997,614.8399999999997,614.8399999999997,199
2026-05-22T17:25:00+00:00,614.8399999999997,616.8399999999997,614.8399999999997,616.7499999999997,319
2026-05-22T17:30:00+00:00,616.7499999999997,616.9099999999996,615.9899999999997,616.2299999999997,221
2026-05-22T17:35:00+00:00,616.2299999999997,617.5499999999997,616.1599999999996,617.3999999999996,218
2026-05-22T17:40:00+00:00,617.3999999999996,617.9599999999997,616.4399999999997,616.4999999999997,263
2026-05-22T17:45:00+00:00,616.4999999999997,617.4199999999996,616.3399999999997,616.9899999999997,194
2026-05-22T17:50:00+00:00,616.9899999999997,617.0099999999996,615.9699999999997,616.3699999999997,170
2026-05-22T17:55:00+00:00,616.3699999999997,616.6099999999997,615.4399999999997,615.4399999999997,188
2026-05-22T18:00:00+00:00,615.4399999999997,616.5599999999997,615.4399999999997,615.7499999999997,156
2026-05-22T18:05:00+00:00,615.7499999999997,616.3199999999997,615.7499999999997,615.8499999999997,124
2026-05-22T18:10:00+00:00,615.8499999999997,616.4299999999997,615.8399999999997,615.8399999999997,175
2026-05-22T18:15:00+00:00,615.8399999999997,616.9099999999996,615.8399999999997,616.7599999999996,197
2026-05-22T18:20:00+00:00,616.7599999999996,618.0199999999996,616.6799999999997,617.5499999999997,167
2026-05-22T18:25:00+00:00,617.5499999999997,617.7999999999997,617.1399999999996,617.4499999999997,225
2026-05-22T18:30:00+00:00,617.4499999999997,618.0799999999997,617.1399999999996,618.0799999999997,204
2026-05-22T18:35:00+00:00,618.0799999999997,618.4899999999997,617.6399999999996,618.2099999999997,246
2026-05-22T18:40:00+00:00,618.2099999999997,618.7699999999996,617.9799999999997,617.9999999999997,302
2026-05-22T18:45:00+00:00,617.9999999999997,618.2799999999996,617.1499999999996,617.5499999999997,240
2026-05-22T18:50:00+00:00,617.5499999999997,617.6199999999997,617.1399999999996,617.4099999999996,164
2026-05-22T18:55:00+00:00,617.4099999999996,617.4999999999997,616.8399999999997,616.8599999999997,160
2026-05-22T19:00:00+00:00,616.8599999999997,617.2499999999997,616.3399999999997,616.8699999999997,195
2026-05-22T19:05:00+00:00,616.8699999999997,617.1099999999997,616.4299999999997,617.0099999999996,172
2026-05-22T19:10:00+00:00,617.0099999999996,617.1799999999997,616.5799999999997,616.7199999999997,161
2026-05-22T19:15:00+00:00,616.7199999999997,617.0799999999997,616.3499999999997,617.0799999999997,197
2026-05-22T19:20:00+00:00,617.0799999999997,617.0799999999997,616.5099999999996,616.5199999999996,184
2026-05-22T19:25:00+00:00,616.5199999999996,616.6599999999996,615.5199999999996,615.5599999999997,274
2026-05-22T19:30:00+00:00,615.5599999999997,616.4999999999997,615.3399999999997,616.4099999999996,279
2026-05-22T19:35:00+00:00,616.4099999999996,616.6599999999996,616.1999999999997,616.3999999999996,181
2026-05-22T19:40:00+00:00,616.3999999999996,617.1999999999997,616.0899999999997,617.1799999999997,273
2026-05-22T19:45:00+00:00,617.1799999999997,617.3799999999997,616.1899999999997,616.1899999999997,214
2026-05-22T19:50:00+00:00,616.1899999999997,617.0999999999997,616.1899999999997,617.0799999999997,432
2026-05-22T19:55:00+00:00,617.0799999999997,617.7699999999996,616.2599999999996,617.2599999999996,560
2026-05-26T13:30:00+00:00,617.2599999999996,621.0599999999997,614.3499999999997,619.1199999999997,609
2026-05-26T13:35:00+00:00,619.1199999999997,619.6099999999997,614.9299999999997,614.9299999999997,441
2026-05-26T13:40:00+00:00,614.9299999999997,615.4899999999997,614.1799999999997,614.4399999999997,364
2026-05-26T13:45:00+00:00,614.4399999999997,615.7299999999997,613.8799999999997,614.5299999999996,359
2026-05-26T13:50:00+00:00,614.5299999999996,614.5299999999996,612.3899999999996,614.3699999999997,411
2026-05-26T13:55:00+00:00,614.3699999999997,616.1299999999997,613.9899999999997,615.8399999999997,306
2026-05-26T14:00:00+00:00,615.8399999999997,617.6899999999997,615.7399999999997,617.6299999999997,346
2026-05-26T14:05:00+00:00,617.6299999999997,617.7599999999996,616.2599999999996,616.6299999999997,293
2026-05-26T14:10:00+00:00,616.6299999999997,616.9699999999997,616.1699999999996,616.7399999999997,248
2026-05-26T14:15:00+00:00,616.7399999999997,617.7699999999996,616.0699999999997,617.2999999999997,266
2026-05-26T14:20:00+00:00,617.2999999999997,617.9899999999997,616.2299999999997,616.2299999999997,245
2026-05-26T14:25:00+00:00,616.2299999999997,616.5399999999996,615.3399999999997,615.5399999999996,198
2026-05-26T14:30:00+00:00,615.5399999999996,615.5499999999997,614.4799999999997,614.9799999999997,268
2026-05-26T14:35:00+00:00,614.9799999999997,615.5399999999996,614.4199999999996,614.4199999999996,268
2026-05-26T14:40:00+00:00,614.4199999999996,614.8199999999997,613.7399999999997,614.7399999999997,325
2026-05-26T14:45:00+00:00,614.7399999999997,615.3599999999997,614.3399999999997,615.0499999999997,225
2026-05-26T14:50:00+00:00,615.0499999999997,615.0699999999997,613.9099999999996,614.0399999999996,283
2026-05-26T14:55:00+00:00,614.0399999999996,614.6099999999997,613.2999999999997,613.3599999999997,305
2026-05-26T15:00:00+00:00,613.3599999999997,613.6899999999997,612.4299999999997,612.9399999999997,331
2026-05-26T15:05:00+00:00,612.9399999999997,614.0499999999997,612.8699999999997,613.7299999999997,317
2026-05-26T15:10:00+00:00,613.7299999999997,614.1699999999996,613.1499999999996,613.3799999999997,264
2026-05-26T15:15:00+00:00,613.3799999999997,613.8899999999996,612.8399999999997,613.7099999999997,240
2026-05-26T15:20:00+00:00,613.7099999999997,614.1499999999996,613.4499999999997,613.7499999999997,240
2026-05-26T15:25:00+00:00,613.7499999999997,614.2199999999997,613.6799999999997,613.9099999999996,213
2026-05-26T15:30:00+00:00,613.9099999999996,614.5899999999997,612.2099999999997,614.1699999999996,301
2026-05-26T15:35:00+00:00,614.1699999999996,616.3499999999997,614.0299999999996,616.1699999999996,345
2026-05-26T15:40:00+00:00,616.1699999999996,616.3899999999996,614.7099999999997,614.9299999999997,231
2026-05-26T15:45:00+00:00,614.9299999999997,614.9699999999997,613.8399999999997,614.8699999999997,243
2026-05-26T15:50:00+00:00,614.8699999999997,615.1499999999996,614.3799999999997,614.8099999999997,168
2026-05-26T15:55:00+00:00,614.8099999999997,615.3299999999997,613.9299999999997,614.0599999999997,198
2026-05-26T16:00:00+00:00,614.0599999999997,615.7599999999996,614.0499999999997,615.0299999999996,218
2026-05-26T16:05:00+00:00,615.0299999999996,616.0599999999997,614.9299999999997,615.0599999999997,188
2026-05-26T16:10:00+00:00,615.0599999999997,616.1099999999997,615.0399999999996,615.4699999999997,218
2026-05-26T16:15:00+00:00,615.4699999999997,616.6699999999996,615.4499999999997,616.4699999999997,213
2026-05-26T16:20:00+00:00,616.4699999999997,616.6299999999997,615.9199999999996,616.5499999999997,191
2026-05-26T16:25:00+00:00,616.5499999999997,616.7899999999996,616.2999999999997,616.7499999999997,236
2026-05-26T16:30:00+00:00,616.7499999999997,617.6399999999996,616.0799999999997,617.4899999999997,234
2026-05-26T16:35:00+00:00,617.4899999999997,617.7999999999997,617.0599999999997,617.3599999999997,213
2026-05-26T16:40:00+00:00,617.3599999999997,617.3599999999997,616.6199999999997,616.6299999999997,200
2026-05-26T16:45:00+00:00,616.6299999999997,616.7899999999996,616.2499999999997,616.3499999999997,216
2026-05-26T16:50:00+00:00,616.3499999999997,617.3099999999997,616.3299999999997,617.2399999999997,216
2026-05-26T16:55:00+00:00,617.2399999999997,617.2399999999997,616.5899999999997,616.7399999999997,144
2026-05-26T17:00:00+00:00,616.7399999999997,617.1099999999997,616.3399999999997,616.3499999999997,169
2026-05-26T17:05:00+00:00,616.3499999999997,617.1399999999996,616.3499999999997,616.4799999999997,186
2026-05-26T17:10:00+00:00,616.4799999999997,616.8699999999997,616.3399999999997,616.8199999999997,174
2026-05-26T17:15:00+00:00,616.8199999999997,616.8899999999996,615.9699999999997,615.9999999999997,193
2026-05-26T17:20:00+00:00,615.9999999999997,616.3199999999997,615.7299999999997,616.1899999999997,194
2026-05-26T17:25:00+00:00,616.1899999999997,616.3399999999997,615.5699999999997,615.8599999999997,208
2026-05-26T17:30:00+00:00,615.8599999999997,616.7199999999997,615.5899999999997,616.4899999999997,225
2026-05-26T17:35:00+00:00,616.4899999999997,616.6799999999997,615.9899999999997,616.1099999999997,192
2026-05-26T17:40:00+00:00,616.1099999999997,616.6599999999996,615.8899999999996,616.2299999999997,171
2026-05-26T17:45:00+00:00,616.2299999999997,616.2299999999997,615.8899999999996,616.1099999999997,164
2026-05-26T17:50:00+00:00,616.1099999999997,616.1199999999997,615.1799999999997,615.1799999999997,145
2026-05-26T17:55:00+00:00,615.1799999999997,615.7299999999997,615.0299999999996,615.7299999999997,138
2026-05-26T18:00:00+00:00,615.7299999999997,616.1999999999997,615.5399999999996,616.1799999999997,166
2026-05-26T18:05:00+00:00,616.1799999999997,616.4899999999997,615.8499999999997,616.4499999999997,135
2026-05-26T18:10:00+00:00,616.4499999999997,617.1599999999996,616.4399999999997,616.8799999999997,162
2026-05-26T18:15:00+00:00,616.8799999999997,617.2799999999996,616.8699999999997,617.0199999999996,179
2026-05-26T18:20:00+00:00,617.0199999999996,617.4299999999997,616.8499999999997,617.1099999999997,170
2026-05-26T18:25:00+00:00,617.1099999999997,617.2599999999996,616.8399999999997,616.8599999999997,187
2026-05-26T18:30:00+00:00,616.8599999999997,617.6899999999997,616.8399999999997,616.9199999999996,237
2026-05-26T18:35:00+00:00,616.9199999999996,617.0899999999997,616.3799999999997,616.6499999999996,169
2026-05-26T18:40:00+00:00,616.6499999999996,616.6499999999996,615.6499999999996,616.2599999999996,205
2026-05-26T18:45:00+00:00,616.2599999999996,617.0299999999996,616.2499999999997,617.0299999999996,177
2026-05-26T18:50:00+00:00,617.0299999999996,617.2899999999996,616.6699999999996,616.6699999999996,216
2026-05-26T18:55:00+00:00,616.6699999999996,616.8299999999997,616.0099999999996,616.0099999999996,158
2026-05-26T19:00:00+00:00,616.0099999999996,616.6299999999997,615.8299999999997,616.3499999999997,159
2026-05-26T19:05:00+00:00,616.3499999999997,616.8099999999997,615.9399999999997,616.0099999999996,272
2026-05-26T19:10:00+00:00,616.0099999999996,616.4399999999997,615.8599999999997,616.0699999999997,198
2026-05-26T19:15:00+00:00,616.0699999999997,616.3999999999996,615.7299999999997,615.7299999999997,215
2026-05-26T19:20:00+00:00,615.7299999999997,615.9899999999997,615.5799999999997,615.7199999999997,210
2026-05-26T19:25:00+00:00,615.7199999999997,615.9499999999997,615.6299999999997,615.8799999999997,167
2026-05-26T19:30:00+00:00,615.8799999999997,616.1799999999997,615.7299999999997,615.7299999999997,211
2026-05-26T19:35:00+00:00,615.7299999999997,616.3099999999997,615.7299999999997,616.2299999999997,183
2026-05-26T19:40:00+00:00,616.2299999999997,617.1099999999997,616.1199999999997,617.0999999999997,251
2026-05-26T19:45:00+00:00,617.0999999999997,617.7499999999997,617.0099999999996,617.5199999999996,258
2026-05-26T19:50:00+00:00,617.5199999999996,618.4299999999997,616.5299999999996,618.3099999999997,347
2026-05-26T19:55:00+00:00,618.3099999999997,619.3399999999997,618.3099999999997,619.3399999999997,728
2026-05-27T13:30:00+00:00,619.3399999999997,620.3599999999997,614.8899999999996,616.5699999999997,546
2026-05-27T13:35:00+00:00,616.5699999999997,619.8699999999997,616.3099999999997,618.2099999999997,668
2026-05-27T13:40:00+00:00,618.2099999999997,618.8699999999997,616.0499999999997,617.5699999999997,479
2026-05-27T13:45:00+00:00,617.5699999999997,618.9599999999997,616.3399999999997,616.5599999999997,537
2026-05-27T13:50:00+00:00,616.5599999999997,617.9599999999997,616.0899999999997,616.9199999999996,457
2026-05-27T13:55:00+00:00,616.9199999999996,618.1599999999996,616.4299999999997,617.8099999999997,358
2026-05-27T14:00:00+00:00,617.8099999999997,619.6499999999996,616.9099999999996,619.1899999999997,357
2026-05-27T14:05:00+00:00,619.1899999999997,620.4499999999997,618.6899999999997,619.1799999999997,340
2026-05-27T14:10:00+00:00,619.1799999999997,619.9999999999997,618.3399999999997,619.8599999999997,224
2026-05-27T14:15:00+00:00,619.8599999999997,621.5399999999996,619.1999999999997,620.9999999999997,378
2026-05-27T14:20:00+00:00,620.9999999999997,622.5199999999996,619.8399999999997,620.5799999999997,495
2026-05-27T14:25:00+00:00,620.5799999999997,622.8999999999996,620.5199999999996,621.5999999999997,472
2026-05-27T14:30:00+00:00,621.5999999999997,623.3999999999996,621.5799999999997,622.7699999999996,416
2026-05-27T14:35:00+00:00,622.7699999999996,622.7799999999996,621.3399999999997,621.7799999999996,334
2026-05-27T14:40:00+00:00,621.7799999999996,621.7799999999996,619.8599999999997,619.9899999999997,266
2026-05-27T14:45:00+00:00,619.9899999999997,620.3299999999997,619.4499999999997,620.0199999999996,276
2026-05-27T14:50:00+00:00,620.0199999999996,620.2299999999997,618.8399999999997,619.2999999999997,284
2026-05-27T14:55:00+00:00,619.2999999999997,619.8599999999997,619.1299999999997,619.2999999999997,225.08356610800746
2026-05-27T15:00:00+00:00,619.2999999999997,620.2599999999996,619.0199999999998,619.9599999999997,285
2026-05-27T15:05:00+00:00,619.9599999999997,620.2199999999997,619.4299999999997,619.9599999999997,228
2026-05-27T15:10:00+00:00,619.9599999999997,620.9699999999997,619.9299999999997,620.5299999999997,263
2026-05-27T15:15:00+00:00,620.5299999999997,621.7799999999997,620.3999999999997,621.1199999999997,298
2026-05-27T15:20:00+00:00,621.1199999999997,621.3899999999998,620.3599999999997,621.1599999999997,249
2026-05-27T15:25:00+00:00,621.1599999999997,621.3599999999997,619.9599999999997,620.3299999999997,283
2026-05-27T15:30:00+00:00,620.3299999999997,620.5899999999997,619.7999999999997,620.2699999999998,274
2026-05-27T15:35:00+00:00,620.2699999999998,621.4899999999997,620.2699999999998,621.0699999999997,239
2026-05-27T15:40:00+00:00,621.0699999999997,621.0999999999997,619.4299999999997,619.5699999999997,234
2026-05-27T15:45:00+00:00,619.5699999999997,620.3499999999997,619.4299999999997,620.3399999999997,297
2026-05-27T15:50:00+00:00,620.3399999999997,620.4199999999997,618.7299999999997,619.0699999999997,219
2026-05-27T15:55:00+00:00,619.0699999999997,619.2399999999997,618.4399999999997,618.5899999999997,286
2026-05-27T16:00:00+00:00,618.5899999999997,618.9499999999997,617.7899999999997,618.4599999999997,260
2026-05-27T16:05:00+00:00,618.4599999999997,619.8999999999997,618.4399999999997,619.6099999999997,202
2026-05-27T16:10:00+00:00,619.6099999999997,619.8299999999997,618.1299999999997,618.2099999999997,185
2026-05-27T16:15:00+00:00,618.2099999999997,619.0199999999998,618.1699999999997,618.4499999999997,210
2026-05-27T16:20:00+00:00,618.4499999999997,618.8499999999997,618.1499999999997,618.6099999999997,165
2026-05-27T16:25:00+00:00,618.6099999999997,619.2799999999997,618.4299999999997,619.1199999999997,154
2026-05-27T16:30:00+00:00,619.1199999999997,619.8699999999997,619.0799999999997,619.3699999999997,153
2026-05-27T16:35:00+00:00,619.3699999999997,620.7699999999998,619.2499999999997,620.5299999999997,271
2026-05-27T16:40:00+00:00,620.5299999999997,621.0299999999997,620.1999999999997,620.5999999999997,229
2026-05-27T16:45:00+00:00,620.5999999999997,620.6899999999997,619.9399999999997,620.0599999999997,227
2026-05-27T16:50:00+00:00,620.0599999999997,620.2599999999996,618.8199999999997,618.8699999999997,273
2026-05-27T16:55:00+00:00,618.8699999999997,618.9899999999997,618.5299999999997,618.8199999999997,192
2026-05-27T17:00:00+00:00,618.8199999999997,618.8399999999997,618.1299999999997,618.1299999999997,179
2026-05-27T17:05:00+00:00,618.1299999999997,618.1399999999998,616.9799999999997,617.0199999999998,303
2026-05-27T17:10:00+00:00,617.0199999999998,617.8799999999997,616.9699999999997,617.2899999999997,216
2026-05-27T17:15:00+00:00,617.2899999999997,617.4699999999997,616.6799999999997,616.6899999999997,183
2026-05-27T17:20:00+00:00,616.6899999999997,616.6899999999997,616.1399999999998,616.2999999999997,227
2026-05-27T17:25:00+00:00,616.2999999999997,616.7699999999998,616.1399999999998,616.6599999999997,226
2026-05-27T17:30:00+00:00,616.6599999999997,617.1299999999997,616.5699999999997,616.6999999999997,162
2026-05-27T17:35:00+00:00,616.6999999999997,617.6299999999997,616.6999999999997,617.4599999999997,174
2026-05-27T17:40:00+00:00,617.4599999999997,617.4599999999997,616.7299999999997,616.7499999999997,164
2026-05-27T17:45:00+00:00,616.7499999999997,616.8899999999998,616.2499999999997,616.4099999999997,164
2026-05-27T17:50:00+00:00,616.4099999999997,616.8299999999997,616.4099999999997,616.7499999999997,126
2026-05-27T17:55:00+00:00,616.7499999999997,618.1199999999997,616.5299999999997,617.3799999999997,187
2026-05-27T18:00:00+00:00,617.3799999999997,627.7799999999997,617.1599999999997,627.5899999999997,962
2026-05-27T18:05:00+00:00,627.5899999999997,627.8499999999997,623.2199999999997,624.0199999999998,877
2026-05-27T18:10:00+00:00,624.0199999999998,625.9599999999997,623.7499999999997,624.8699999999997,453
2026-05-27T18:15:00+00:00,624.8699999999997,628.9799999999997,624.8499999999997,628.7099999999997,558
2026-05-27T18:20:00+00:00,628.7099999999997,633.8499999999997,627.5399999999997,633.6699999999997,933
2026-05-27T18:25:00+00:00,633.6699999999997,636.4899999999997,632.6899999999997,635.2399999999997,877
2026-05-27T18:30:00+00:00,635.2399999999997,639.6199999999997,634.9299999999997,639.4099999999997,840
2026-05-27T18:35:00+00:00,639.4099999999997,639.8499999999997,636.0899999999997,636.7499999999997,601
2026-05-27T18:40:00+00:00,636.7499999999997,637.0599999999997,635.7199999999997,635.9899999999997,556
2026-05-27T18:45:00+00:00,635.9899999999997,636.3499999999997,634.2599999999996,635.6799999999997,622
2026-05-27T18:50:00+00:00,635.6799999999997,636.6499999999997,634.5399999999997,636.3799999999997,426
2026-05-27T18:55:00+00:00,636.3799999999997,639.4799999999997,636.1799999999997,638.4799999999997,541
2026-05-27T19:00:00+00:00,638.4799999999997,642.3099999999997,638.4499999999997,642.0699999999997,601
2026-05-27T19:05:00+00:00,642.0699999999997,644.0399999999997,641.1499999999997,643.8199999999997,616
2026-05-27T19:10:00+00:00,643.8199999999997,645.1899999999997,639.9299999999997,640.2499999999997,695
2026-05-27T19:15:00+00:00,640.2499999999997,640.4099999999997,639.1099999999997,639.1199999999997,459
2026-05-27T19:20:00+00:00,639.1199999999997,639.4399999999997,637.8599999999997,638.3799999999997,370
2026-05-27T19:25:00+00:00,638.3799999999997,639.5599999999997,637.7799999999997,639.2699999999998,463
2026-05-27T19:30:00+00:00,639.2699999999998,640.6599999999997,639.0499999999997,639.9999999999997,495
2026-05-27T19:35:00+00:00,639.9999999999997,641.4599999999997,639.6799999999997,641.4599999999997,472
2026-05-27T19:40:00+00:00,641.4599999999997,643.7699999999998,641.2899999999997,643.6999999999997,537
2026-05-27T19:45:00+00:00,643.6999999999997,644.0999999999997,641.9599999999997,642.4299999999997,463
2026-05-27T19:50:00+00:00,642.4299999999997,643.4299999999997,641.8299999999997,642.4899999999997,743
2026-05-27T19:55:00+00:00,642.4899999999997,642.5599999999997,640.6099999999997,641.8899999999998,920
2026-05-28T13:30:00+00:00,641.8899999999998,649.7599999999996,639.0299999999997,639.7999999999997,902
2026-05-28T13:35:00+00:00,639.7999999999997,640.1299999999997,636.9699999999997,637.5399999999997,799
2026-05-28T13:40:00+00:00,637.5399999999997,639.0999999999997,636.1899999999997,637.8299999999997,589
2026-05-28T13:45:00+00:00,637.8299999999997,643.9499999999997,637.8299999999997,641.7599999999996,811
2026-05-28T13:50:00+00:00,641.7599999999996,644.4299999999997,641.7599999999996,643.3999999999997,559
2026-05-28T13:55:00+00:00,643.3999999999997,646.4499999999997,641.9499999999997,646.4499999999997,492
2026-05-28T14:00:00+00:00,646.4499999999997,648.2399999999997,644.3399999999997,647.6799999999997,552
2026-05-28T14:05:00+00:00,647.6799999999997,648.7299999999997,644.5099999999996,645.0199999999998,481
2026-05-28T14:10:00+00:00,645.0199999999998,645.2299999999997,639.9499999999997,641.9399999999997,790
2026-05-28T14:15:00+00:00,641.9399999999997,643.4799999999997,641.3699999999997,642.0499999999997,469
2026-05-28T14:20:00+00:00,642.0499999999997,644.4599999999997,641.9299999999997,643.6799999999997,453
2026-05-28T14:25:00+00:00,643.6799999999997,646.8799999999997,643.4299999999997,645.8699999999997,373
2026-05-28T14:30:00+00:00,645.8699999999997,646.5699999999997,644.3299999999997,644.4099999999997,356
2026-05-28T14:35:00+00:00,644.4099999999997,644.9399999999997,643.5899999999997,644.1399999999998,316
2026-05-28T14:40:00+00:00,644.1399999999998,644.5599999999997,643.0499999999997,643.3699999999997,313
2026-05-28T14:45:00+00:00,643.3699999999997,643.9999999999997,641.7299999999997,641.7499999999997,351
2026-05-28T14:50:00+00:00,641.7499999999997,643.1199999999997,641.7499999999997,642.5599999999997,280
2026-05-28T14:55:00+00:00,642.5599999999997,642.5599999999997,641.0499999999997,641.4399999999997,256
2026-05-28T15:00:00+00:00,641.4399999999997,641.9399999999997,640.8299999999997,641.1199999999997,274
2026-05-28T15:05:00+00:00,641.1199999999997,641.1399999999998,640.0299999999997,640.8599999999997,256
2026-05-28T15:10:00+00:00,640.8599999999997,641.0299999999997,639.6299999999997,639.9599999999997,226
2026-05-28T15:15:00+00:00,639.9599999999997,640.8099999999997,639.6299999999997,640.7299999999997,206
2026-05-28T15:20:00+00:00,640.7299999999997,640.8199999999997,640.1199999999997,640.4999999999997,191
2026-05-28T15:25:00+00:00,640.4999999999997,641.2699999999998,640.2299999999997,640.3799999999997,316
2026-05-28T15:30:00+00:00,640.3799999999997,640.7399999999997,638.9099999999997,638.9299999999997,250
2026-05-28T15:35:00+00:00,638.9299999999997,639.4899999999997,638.4299999999997,638.4299999999997,269
2026-05-28T15:40:00+00:00,638.4299999999997,639.2999999999997,638.1199999999997,639.2199999999997,261
2026-05-28T15:45:00+00:00,639.2199999999997,639.4699999999997,638.5599999999997,638.7799999999997,194
2026-05-28T15:50:00+00:00,638.7799999999997,639.7399999999997,638.5499999999997,639.1999999999997,197
2026-05-28T15:55:00+00:00,639.1999999999997,639.4499999999997,638.9299999999997,639.3899999999998,213
2026-05-28T16:00:00+00:00,639.3899999999998,639.3899999999998,637.7299999999997,638.1399999999998,253
2026-05-28T16:05:00+00:00,638.1399999999998,638.9599999999997,638.1399999999998,638.1399999999998,214
2026-05-28T16:10:00+00:00,638.1399999999998,638.8699999999997,637.9399999999997,638.4699999999997,221
2026-05-28T16:15:00+00:00,638.4699999999997,640.1899999999997,637.9399999999997,640.1899999999997,325
2026-05-28T16:20:00+00:00,640.1899999999997,640.5399999999997,639.7599999999996,640.1699999999997,261
2026-05-28T16:25:00+00:00,640.1699999999997,641.8299999999997,640.1699999999997,641.4499999999997,262
2026-05-28T16:30:00+00:00,641.4499999999997,641.5499999999997,640.1499999999997,640.2199999999997,260
2026-05-28T16:35:00+00:00,640.2199999999997,640.2199999999997,638.1299999999997,638.2399999999997,206
2026-05-28T16:40:00+00:00,638.2399999999997,638.3999999999997,637.0299999999997,637.5199999999998,232
2026-05-28T16:45:00+00:00,637.5199999999998,638.1699999999997,637.0799999999997,637.5099999999996,193
2026-05-28T16:50:00+00:00,637.5099999999996,637.8699999999997,637.0599999999997,637.8499999999997,161
2026-05-28T16:55:00+00:00,637.8499999999997,637.9399999999997,636.6299999999997,636.7199999999997,225
2026-05-28T17:00:00+00:00,636.7199999999997,637.8799999999997,636.6999999999997,636.9499999999997,207
2026-05-28T17:05:00+00:00,636.9499999999997,638.3899999999998,636.9299999999997,638.3299999999997,188
2026-05-28T17:10:00+00:00,638.3299999999997,638.5399999999997,637.4099999999997,637.4099999999997,181
2026-05-28T17:15:00+00:00,637.4099999999997,637.4699999999997,636.7799999999997,636.9899999999997,195
2026-05-28T17:20:00+00:00,636.9899999999997,638.3199999999997,636.9799999999997,638.1499999999997,223
2026-05-28T17:25:00+00:00,638.1499999999997,638.6099999999997,637.9899999999997,638.1199999999997,191
2026-05-28T17:30:00+00:00,638.1199999999997,639.2999999999997,638.1099999999997,639.1599999999997,221
2026-05-28T17:35:00+00:00,639.1599999999997,639.4499999999997,638.6299999999997,638.7999999999997,232
2026-05-28T17:40:00+00:00,638.7999999999997,639.1299999999997,638.5699999999997,638.6299999999997,196
2026-05-28T17:45:00+00:00,638.6299999999997,639.4399999999997,638.5699999999997,639.2099999999997,204
2026-05-28T17:50:00+00:00,639.2099999999997,639.5099999999996,638.5799999999997,638.6099999999997,227
2026-05-28T17:55:00+00:00,638.6099999999997,638.9899999999997,637.6299999999997,637.8199999999997,215
2026-05-28T18:00:00+00:00,637.8199999999997,638.8499999999997,637.6299999999997,638.7199999999997,200
2026-05-28T18:05:00+00:00,638.7199999999997,638.7399999999997,637.9299999999997,638.1099999999997,233
2026-05-28T18:10:00+00:00,638.1099999999997,640.2899999999997,637.9499999999997,639.7699999999998,258
2026-05-28T18:15:00+00:00,639.7699999999998,639.9599999999997,639.0799999999997,639.7599999999996,209
2026-05-28T18:20:00+00:00,639.7599999999996,639.9499999999997,639.4099999999997,639.5399999999997,190
2026-05-28T18:25:00+00:00,639.5399999999997,640.0499999999997,639.4099999999997,639.5999999999997,236
2026-05-28T18:30:00+00:00,639.5999999999997,640.9799999999997,639.5799999999997,640.7899999999997,257
2026-05-28T18:35:00+00:00,640.7899999999997,640.9499999999997,640.0799999999997,640.3099999999997,332
2026-05-28T18:40:00+00:00,640.3099999999997,640.6899999999997,640.0199999999998,640.2899999999997,291
2026-05-28T18:45:00+00:00,640.2899999999997,640.8199999999997,639.9399999999997,640.6199999999997,230
2026-05-28T18:50:00+00:00,640.6199999999997,640.6699999999997,640.0599999999997,640.3299999999997,182
2026-05-28T18:55:00+00:00,640.3299999999997,640.3499999999997,638.6199999999997,638.9499999999997,226
2026-05-28T19:00:00+00:00,638.9499999999997,639.3199999999997,638.5899999999997,639.0499999999997,186
2026-05-28T19:05:00+00:00,639.0499999999997,639.0499999999997,638.3299999999997,638.4399999999997,129
2026-05-28T19:10:00+00:00,638.4399999999997,639.0999999999997,638.4199999999997,639.0199999999998,185
2026-05-28T19:15:00+00:00,639.0199999999998,639.9599999999997,638.7699999999998,639.8599999999997,269
2026-05-28T19:20:00+00:00,639.8599999999997,640.3599999999997,639.6799999999997,640.1699999999997,264
2026-05-28T19:25:00+00:00,640.1699999999997,640.8599999999997,639.8699999999997,640.6199999999997,260
2026-05-28T19:30:00+00:00,640.6199999999997,641.7799999999997,640.5299999999997,641.7099999999997,296
2026-05-28T19:35:00+00:00,641.7099999999997,641.9799999999997,641.2499999999997,641.9799999999997,241
2026-05-28T19:40:00+00:00,641.9799999999997,642.0999999999997,641.1399999999998,641.2799999999997,246
2026-05-28T19:45:00+00:00,641.2799999999997,642.0099999999996,640.9299999999997,640.9399999999997,289
2026-05-28T19:50:00+00:00,640.9399999999997,641.6099999999997,640.0499999999997,641.2299999999997,416
2026-05-28T19:55:00+00:00,641.2299999999997,642.6099999999997,640.9299999999997,642.0799999999997,561
2026-05-29T13:30:00+00:00,642.0799999999997,642.0799999999997,635.1899999999997,636.4299999999997,732
2026-05-29T13:35:00+00:00,636.4299999999997,636.8399999999997,634.2899999999997,635.4299999999997,597
2026-05-29T13:40:00+00:00,635.4299999999997,636.6299999999997,634.2399999999997,636.3699999999997,476
2026-05-29T13:45:00+00:00,636.3699999999997,636.5499999999997,634.4899999999997,635.1399999999998,392
2026-05-29T13:50:00+00:00,635.1399999999998,635.5299999999997,633.5299999999997,634.2999999999997,468
2026-05-29T13:55:00+00:00,634.2999999999997,635.3999999999997,634.2799999999997,634.6699999999997,385
2026-05-29T14:00:00+00:00,634.6699999999997,635.7599999999996,634.4399999999997,635.4999999999997,432
2026-05-29T14:05:00+00:00,635.4999999999997,635.8399999999997,633.9199999999997,633.9299999999997,370
2026-05-29T14:10:00+00:00,633.9299999999997,634.7199999999997,633.2099999999997,633.3199999999997,295
2026-05-29T14:15:00+00:00,633.3199999999997,633.4699999999997,631.9299999999997,632.4399999999997,405
2026-05-29T14:20:00+00:00,632.4399999999997,633.8899999999998,632.1799999999997,632.1899999999997,351
2026-05-29T14:25:00+00:00,632.1899999999997,632.1899999999997,630.8399999999997,631.6699999999997,399
2026-05-29T14:30:00+00:00,631.6699999999997,631.8499999999997,630.6799999999997,630.8799999999997,346
2026-05-29T14:35:00+00:00,630.8799999999997,631.0099999999996,630.2599999999996,630.5499999999997,321
2026-05-29T14:40:00+00:00,630.5499999999997,631.9399999999997,630.4499999999997,631.4399999999997,350
2026-05-29T14:45:00+00:00,631.4399999999997,632.0399999999997,630.5399999999997,631.3399999999997,362
2026-05-29T14:50:00+00:00,631.3399999999997,633.0399999999997,631.3299999999997,631.8499999999997,411
2026-05-29T14:55:00+00:00,631.8499999999997,632.6999999999997,631.5699999999997,632.2399999999997,345.04341764588725
2026-05-29T15:00:00+00:00,632.2399999999997,633.4999999999997,631.8599999999997,633.3999999999996,344
2026-05-29T15:05:00+00:00,633.3999999999996,633.9799999999997,632.8899999999996,633.9299999999996,332
2026-05-29T15:10:00+00:00,633.9299999999996,634.6999999999997,633.6799999999996,634.4899999999997,286
2026-05-29T15:15:00+00:00,634.4899999999997,636.4099999999996,634.4799999999997,635.2199999999997,358
2026-05-29T15:20:00+00:00,635.2199999999997,635.8399999999997,634.3099999999996,635.7899999999996,263
2026-05-29T15:25:00+00:00,635.7899999999996,635.7899999999996,634.4899999999997,635.2899999999996,296
2026-05-29T15:30:00+00:00,635.2899999999996,636.0499999999996,635.2799999999996,635.2999999999996,253
2026-05-29T15:35:00+00:00,635.2999999999996,635.7799999999996,634.6899999999997,635.1099999999997,280
2026-05-29T15:40:00+00:00,635.1099999999997,635.2199999999997,633.8499999999997,633.9999999999997,268
2026-05-29T15:45:00+00:00,633.9999999999997,634.6299999999997,633.9899999999997,634.2499999999997,197
2026-05-29T15:50:00+00:00,634.2499999999997,634.7599999999996,633.9799999999997,634.1599999999996,175
2026-05-29T15:55:00+00:00,634.1599999999996,634.6599999999996,634.0799999999997,634.6599999999996,200
2026-05-29T16:00:00+00:00,634.6599999999996,635.2499999999997,634.2599999999996,634.8799999999997,233
2026-05-29T16:05:00+00:00,634.8799999999997,635.5999999999997,634.8699999999997,635.4999999999997,251
2026-05-29T16:10:00+00:00,635.4999999999997,635.7999999999996,635.3399999999997,635.4999999999997,176
2026-05-29T16:15:00+00:00,635.4999999999997,635.7699999999996,633.8199999999997,634.0599999999996,232
2026-05-29T16:20:00+00:00,634.0599999999996,634.0899999999997,633.2499999999997,633.4899999999997,250
2026-05-29T16:25:00+00:00,633.4899999999997,633.4999999999997,632.4799999999997,632.7199999999997,303
2026-05-29T16:30:00+00:00,632.7199999999997,633.8099999999996,632.4999999999997,632.9899999999997,339
2026-05-29T16:35:00+00:00,632.9899999999997,633.0899999999997,631.8999999999996,632.0099999999996,354
2026-05-29T16:40:00+00:00,632.0099999999996,632.2699999999996,631.4499999999997,632.0799999999997,257
2026-05-29T16:45:00+00:00,632.0799999999997,632.2399999999997,631.5299999999996,631.5999999999997,208
2026-05-29T16:50:00+00:00,631.5999999999997,631.9799999999997,631.0899999999997,631.9199999999996,300
2026-05-29T16:55:00+00:00,631.9199999999996,632.0599999999996,630.9899999999997,631.7099999999997,268
2026-05-29T17:00:00+00:00,631.7099999999997,632.2099999999997,631.3799999999997,632.1299999999997,221
2026-05-29T17:05:00+00:00,632.1299999999997,632.6499999999996,631.9799999999997,632.6499999999996,258
2026-05-29T17:10:00+00:00,632.6499999999996,632.8999999999996,631.9599999999997,632.1799999999996,204
2026-05-29T17:15:00+00:00,632.1799999999996,632.1899999999997,631.7799999999996,631.8399999999997,171
2026-05-29T17:20:00+00:00,631.8399999999997,631.9899999999997,630.8799999999997,631.6199999999997,307
2026-05-29T17:25:00+00:00,631.6199999999997,631.6999999999997,630.7899999999996,630.9099999999996,262
2026-05-29T17:30:00+00:00,630.9099999999996,631.8099999999996,630.9099999999996,631.2699999999996,255
2026-05-29T17:35:00+00:00,631.2699999999996,631.5399999999996,631.0999999999997,631.4899999999997,198
2026-05-29T17:40:00+00:00,631.4899999999997,632.9699999999997,631.4799999999997,632.8299999999997,256
2026-05-29T17:45:00+00:00,632.8299999999997,633.4499999999997,632.8299999999997,633.3199999999997,239
2026-05-29T17:50:00+00:00,633.3199999999997,634.1599999999996,633.2999999999996,633.7199999999997,318
2026-05-29T17:55:00+00:00,633.7199999999997,633.8099999999996,632.7299999999997,632.7299999999997,272
2026-05-29T18:00:00+00:00,632.7299999999997,633.0999999999997,632.4399999999997,632.7999999999996,207
2026-05-29T18:05:00+00:00,632.7999999999996,633.3999999999996,632.7099999999997,633.3499999999997,207
2026-05-29T18:10:00+00:00,633.3499999999997,633.6199999999997,632.9999999999997,632.9999999999997,166
2026-05-29T18:15:00+00:00,632.9999999999997,633.4599999999997,632.8599999999997,633.4499999999997,142
2026-05-29T18:20:00+00:00,633.4499999999997,634.7399999999997,633.2699999999996,634.2699999999996,334
2026-05-29T18:25:00+00:00,634.2699999999996,634.4899999999997,633.9799999999997,634.2699999999996,212
2026-05-29T18:30:00+00:00,634.2699999999996,635.0999999999997,633.8099999999996,633.8099999999996,243
2026-05-29T18:35:00+00:00,633.8099999999996,634.6699999999996,633.7699999999996,634.2599999999996,165
2026-05-29T18:40:00+00:00,634.2599999999996,634.2699999999996,633.0599999999996,633.4299999999996,227
2026-05-29T18:45:00+00:00,633.4299999999996,633.4299999999996,632.2999999999996,632.6399999999996,233
2026-05-29T18:50:00+00:00,632.6399999999996,632.8299999999997,632.1899999999997,632.7099999999997,164
2026-05-29T18:55:00+00:00,632.7099999999997,633.3499999999997,632.2499999999997,633.0399999999996,205
2026-05-29T19:00:00+00:00,633.0399999999996,633.8899999999996,632.4899999999997,633.7399999999997,304
2026-05-29T19:05:00+00:00,633.7399999999997,634.4899999999997,633.4799999999997,634.2699999999996,231
2026-05-29T19:10:00+00:00,634.2699999999996,635.2699999999996,634.2599999999996,634.9699999999997,292
2026-05-29T19:15:00+00:00,634.9699999999997,635.2099999999997,634.5999999999997,635.1299999999997,295
2026-05-29T19:20:00+00:00,635.1299999999997,636.7199999999997,634.9099999999996,636.5999999999997,365
2026-05-29T19:25:00+00:00,636.5999999999997,636.8899999999996,635.9299999999996,636.3299999999997,372
2026-05-29T19:30:00+00:00,636.3299999999997,636.9199999999996,635.9299999999996,636.6999999999997,302
2026-05-29T19:35:00+00:00,636.6999999999997,637.2699999999996,636.0799999999997,637.1799999999996,378
2026-05-29T19:40:00+00:00,637.1799999999996,637.2799999999996,636.4999999999997,636.7199999999997,349
2026-05-29T19:45:00+00:00,636.7199999999997,637.0199999999996,635.9799999999997,636.9399999999997,320
2026-05-29T19:50:00+00:00,636.9399999999997,641.1899999999997,636.9399999999997,639.3499999999997,863
2026-05-29T19:55:00+00:00,639.3499999999997,640.6599999999996,638.1799999999996,639.4799999999997,810
2026-06-01T13:30:00+00:00,639.4799999999997,642.4399999999997,625.3099999999996,627.9899999999997,854
2026-06-01T13:35:00+00:00,627.9899999999997,629.3799999999997,626.4399999999997,626.4599999999997,750
2026-06-01T13:40:00+00:00,626.4599999999997,629.3299999999997,624.0799999999997,625.2999999999996,749
2026-06-01T13:45:00+00:00,625.2999999999996,631.6299999999997,624.9999999999997,628.0099999999996,746
2026-06-01T13:50:00+00:00,628.0099999999996,628.0099999999996,623.0499999999996,623.0599999999996,701
2026-06-01T13:55:00+00:00,623.0599999999996,623.7799999999996,621.5299999999996,622.8699999999997,735
2026-06-01T14:00:00+00:00,622.8699999999997,625.0099999999996,622.4799999999997,623.0199999999996,573
2026-06-01T14:05:00+00:00,623.0199999999996,623.4699999999997,621.5299999999996,621.5299999999996,514
2026-06-01T14:10:00+00:00,621.5299999999996,622.0999999999997,620.4799999999997,620.9999999999997,578
2026-06-01T14:15:00+00:00,620.9999999999997,623.5699999999997,620.9999999999997,621.5099999999996,469
2026-06-01T14:20:00+00:00,621.5099999999996,621.9399999999997,618.4999999999997,618.4999999999997,661
2026-06-01T14:25:00+00:00,618.4999999999997,618.6799999999996,616.8399999999997,616.8399999999997,684
2026-06-01T14:30:00+00:00,616.8399999999997,618.5099999999996,616.3099999999996,616.3099999999996,732
2026-06-01T14:35:00+00:00,616.3099999999996,617.9799999999997,616.0099999999996,617.3299999999997,585
2026-06-01T14:40:00+00:00,617.3299999999997,619.3099999999996,616.8599999999997,618.9899999999997,554
2026-06-01T14:45:00+00:00,618.9899999999997,620.5499999999996,618.6699999999996,620.4299999999996,599
2026-06-01T14:50:00+00:00,620.4299999999996,622.2199999999997,620.2799999999996,621.9799999999997,556
2026-06-01T14:55:00+00:00,621.9799999999997,622.9299999999996,621.3799999999997,621.9899999999997,418
2026-06-01T15:00:00+00:00,621.9899999999997,622.0499999999996,619.4399999999997,619.8099999999996,498
2026-06-01T15:05:00+00:00,619.8099999999996,620.2899999999996,618.1799999999996,618.1999999999997,434
2026-06-01T15:10:00+00:00,618.1999999999997,620.2399999999997,618.0999999999997,619.6599999999996,384
2026-06-01T15:15:00+00:00,619.6599999999996,620.1099999999997,619.1899999999997,619.2999999999996,301
2026-06-01T15:20:00+00:00,619.2999999999996,620.1299999999997,619.2299999999997,619.9799999999997,274
2026-06-01T15:25:00+00:00,619.9799999999997,620.2799999999996,619.4299999999996,620.1299999999997,296
2026-06-01T15:30:00+00:00,620.1299999999997,621.4999999999997,619.2599999999996,621.4999999999997,524
2026-06-01T15:35:00+00:00,621.4999999999997,622.9199999999996,621.3299999999997,622.2999999999996,361
2026-06-01T15:40:00+00:00,622.2999999999996,622.6699999999996,619.8599999999997,621.1499999999996,392
2026-06-01T15:45:00+00:00,621.1499999999996,622.4799999999997,621.1499999999996,621.9599999999997,246
2026-06-01T15:50:00+00:00,621.9599999999997,622.3199999999997,621.4899999999997,622.1499999999996,247
2026-06-01T15:55:00+00:00,622.1499999999996,623.4699999999997,621.9799999999997,622.8399999999997,331
2026-06-01T16:00:00+00:00,622.8399999999997,623.6899999999997,621.4899999999997,621.4899999999997,349
2026-06-01T16:05:00+00:00,621.4899999999997,621.5799999999997,620.4799999999997,620.6799999999996,259
2026-06-01T16:10:00+00:00,620.6799999999996,620.7699999999996,619.3799999999997,619.6999999999997,300
2026-06-01T16:15:00+00:00,619.6999999999997,619.7099999999997,618.3299999999997,618.4099999999996,413
2026-06-01T16:20:00+00:00,618.4099999999996,618.6599999999996,617.2899999999996,618.3499999999997,400
2026-06-01T16:25:00+00:00,618.3499999999997,618.7999999999996,618.1299999999997,618.6799999999996,358
2026-06-01T16:30:00+00:00,618.6799999999996,619.2999999999996,617.9799999999997,618.9599999999997,393
2026-06-01T16:35:00+00:00,618.9599999999997,619.2799999999996,617.9799999999997,618.0899999999997,262
2026-06-01T16:40:00+00:00,618.0899999999997,618.5099999999996,617.2699999999996,617.9899999999997,334
2026-06-01T16:45:00+00:00,617.9899999999997,618.4999999999997,617.7999999999996,617.9799999999997,316
2026-06-01T16:50:00+00:00,617.9799999999997,619.2199999999997,617.9799999999997,618.8899999999996,311
2026-06-01T16:55:00+00:00,618.8899999999996,618.9299999999996,618.3099999999996,618.3099999999996,262
2026-06-01T17:00:00+00:00,618.3099999999996,618.8199999999997,618.0499999999996,618.4599999999997,320
2026-06-01T17:05:00+00:00,618.4599999999997,618.8999999999996,617.5299999999996,617.5899999999997,235
2026-06-01T17:10:00+00:00,617.5899999999997,617.6299999999997,616.6699999999996,617.3799999999997,367
2026-06-01T17:15:00+00:00,617.3799999999997,617.3799999999997,614.6899999999997,615.0099999999996,512
2026-06-01T17:20:00+00:00,615.0099999999996,616.5099999999996,614.9299999999996,616.2399999999997,395
2026-06-01T17:25:00+00:00,616.2399999999997,617.2399999999997,615.9799999999997,617.2199999999997,303
2026-06-01T17:30:00+00:00,617.2199999999997,618.2699999999996,615.0499999999996,615.0499999999996,638
2026-06-01T17:35:00+00:00,615.0499999999996,615.0599999999996,613.2499999999997,613.9999999999997,549
2026-06-01T17:40:00+00:00,613.9999999999997,616.8199999999997,613.9999999999997,616.4999999999997,476
2026-06-01T17:45:00+00:00,616.4999999999997,617.2799999999996,614.9899999999997,615.0299999999996,395
2026-06-01T17:50:00+00:00,615.0299999999996,615.3099999999996,613.4899999999997,614.6999999999997,624
2026-06-01T17:55:00+00:00,614.6999999999997,615.7599999999996,613.3799999999997,614.5299999999996,523
2026-06-01T18:00:00+00:00,614.5299999999996,615.2399999999997,614.0899999999997,614.7799999999996,461
2026-06-01T18:05:00+00:00,614.7799999999996,616.2499999999997,614.3099999999996,616.2399999999997,396
2026-06-01T18:10:00+00:00,616.2399999999997,616.2899999999996,614.8699999999997,615.8299999999997,367
2026-06-01T18:15:00+00:00,615.8299999999997,615.9699999999997,615.0799999999997,615.1799999999996,304
2026-06-01T18:20:00+00:00,615.1799999999996,615.2899999999996,614.6899999999997,614.7099999999997,413
2026-06-01T18:25:00+00:00,614.7099999999997,614.9199999999996,614.3799999999997,614.4899999999997,380
2026-06-01T18:30:00+00:00,614.4899999999997,614.8199999999997,613.6399999999996,613.6599999999996,438
2026-06-01T18:35:00+00:00,613.6599999999996,614.2099999999997,613.4899999999997,613.8299999999997,362
2026-06-01T18:40:00+00:00,613.8299999999997,613.8699999999997,612.6499999999996,612.8799999999997,469
2026-06-01T18:45:00+00:00,612.8799999999997,613.4999999999997,612.1299999999997,613.3399999999997,437
2026-06-01T18:50:00+00:00,613.3399999999997,614.0099999999996,613.1099999999997,613.6099999999997,373
2026-06-01T18:55:00+00:00,613.6099999999997,613.6899999999997,612.3399999999997,612.3799999999997,468
2026-06-01T19:00:00+00:00,612.3799999999997,614.0099999999996,612.1199999999997,613.7499999999997,376
2026-06-01T19:05:00+00:00,613.7499999999997,615.0099999999996,613.5899999999997,614.9899999999997,422
2026-06-01T19:10:00+00:00,614.9899999999997,615.3199999999997,613.2899999999996,613.5599999999996,403
2026-06-01T19:15:00+00:00,613.5599999999996,613.6299999999997,612.5799999999997,612.8699999999997,401
2026-06-01T19:20:00+00:00,612.8699999999997,612.8699999999997,611.8299999999997,612.3299999999997,412
2026-06-01T19:25:00+00:00,612.3299999999997,612.6299999999997,611.9499999999997,612.4299999999996,368
2026-06-01T19:30:00+00:00,612.4299999999996,612.8699999999997,611.2799999999996,611.2899999999996,477
2026-06-01T19:35:00+00:00,611.2899999999996,611.4099999999996,609.6299999999997,610.7499999999997,486
2026-06-01T19:40:00+00:00,610.7499999999997,611.5399999999996,609.8799999999997,611.2999999999996,496
2026-06-01T19:45:00+00:00,611.2999999999996,612.1199999999997,609.7899999999996,610.1099999999997,460
2026-06-01T19:50:00+00:00,610.1099999999997,610.7199999999997,606.5699999999997,607.0299999999996,726
2026-06-01T19:55:00+00:00,607.0299999999996,608.3299999999997,606.7299999999997,607.5999999999997,1182
2026-06-02T13:30:00+00:00,607.5999999999997,611.1299999999997,607.5299999999996,608.8999999999996,737
2026-06-02T13:35:00+00:00,608.8999999999996,609.0799999999997,604.2999999999996,605.4899999999997,754
2026-06-02T13:40:00+00:00,605.4899999999997,606.8999999999996,603.6599999999996,605.9199999999996,537
2026-06-02T13:45:00+00:00,605.9199999999996,609.9899999999997,605.6599999999996,609.7799999999996,560
2026-06-02T13:50:00+00:00,609.7799999999996,612.5499999999996,609.3299999999997,610.8599999999997,559
2026-06-02T13:55:00+00:00,610.8599999999997,612.6299999999997,609.5199999999996,611.8199999999997,466
2026-06-02T14:00:00+00:00,611.8199999999997,612.5199999999996,610.2999999999996,610.6799999999996,483
2026-06-02T14:05:00+00:00,610.6799999999996,612.0699999999997,609.3299999999997,609.5499999999996,416
2026-06-02T14:10:00+00:00,609.5499999999996,610.4099999999996,607.2299999999997,607.3399999999997,424
2026-06-02T14:15:00+00:00,607.3399999999997,610.1799999999996,607.2799999999996,609.7799999999996,435
2026-06-02T14:20:00+00:00,609.7799999999996,610.3999999999996,608.9999999999997,610.3099999999996,307
2026-06-02T14:25:00+00:00,610.3099999999996,610.9899999999997,609.6999999999997,610.1399999999996,373
2026-06-02T14:30:00+00:00,610.1399999999996,611.3799999999997,609.7199999999997,611.3799999999997,334
2026-06-02T14:35:00+00:00,611.3799999999997,611.7699999999996,610.4999999999997,610.5999999999997,307
2026-06-02T14:40:00+00:00,610.5999999999997,611.0699999999997,610.0999999999997,610.3299999999997,289
2026-06-02T14:45:00+00:00,610.3299999999997,612.5599999999996,610.3199999999997,612.4299999999996,386
2026-06-02T14:50:00+00:00,612.4299999999996,614.0199999999996,611.9799999999997,613.1099999999997,423
2026-06-02T14:55:00+00:00,613.1099999999997,614.1499999999996,613.0999999999997,613.1899999999997,324
2026-06-02T15:00:00+00:00,613.1899999999997,614.2799999999996,613.0999999999997,613.5899999999997,284
2026-06-02T15:05:00+00:00,613.5899999999997,615.7799999999996,612.7799999999996,614.9799999999997,384
2026-06-02T15:10:00+00:00,614.9799999999997,615.0499999999996,614.2899999999996,614.4399999999997,258
2026-06-02T15:15:00+00:00,614.4399999999997,615.2599999999996,613.6899999999997,614.9999999999997,277
2026-06-02T15:20:00+00:00,614.9999999999997,615.6599999999996,613.9799999999997,614.5799999999997,326
2026-06-02T15:25:00+00:00,614.5799999999997,615.3199999999997,613.9799999999997,613.9899999999997,248
2026-06-02T15:30:00+00:00,613.9899999999997,615.2999999999996,613.9799999999997,614.2299999999997,242
2026-06-02T15:35:00+00:00,614.2299999999997,614.2499999999997,613.2999999999996,613.8699999999997,214
2026-06-02T15:40:00+00:00,613.8699999999997,614.7299999999997,613.8699999999997,614.4199999999996,219
2026-06-02T15:45:00+00:00,614.4199999999996,614.4199999999996,613.8599999999997,613.9699999999997,213
2026-06-02T15:50:00+00:00,613.9699999999997,614.8399999999997,613.9499999999997,614.1999999999997,175
2026-06-02T15:55:00+00:00,614.1999999999997,614.4299999999996,613.6899999999997,614.0099999999996,244
2026-06-02T16:00:00+00:00,614.0099999999996,614.0899999999997,612.6699999999996,612.7499999999997,192
2026-06-02T16:05:00+00:00,612.7499999999997,613.9099999999996,612.3799999999997,613.5199999999996,239
2026-06-02T16:10:00+00:00,613.5199999999996,614.5999999999997,613.1199999999997,614.3899999999996,216
2026-06-02T16:15:00+00:00,614.3899999999996,614.7299999999997,613.6399999999996,613.8499999999997,200
2026-06-02T16:20:00+00:00,613.8499999999997,614.3799999999997,613.1599999999996,614.0999999999997,237
2026-06-02T16:25:00+00:00,614.0999999999997,614.5699999999997,614.0799999999997,614.3499999999997,156
2026-06-02T16:30:00+00:00,614.3499999999997,614.7099999999997,614.0899999999997,614.2099999999997,143
2026-06-02T16:35:00+00:00,614.2099999999997,614.9999999999997,614.0799999999997,614.7499999999997,167
2026-06-02T16:40:00+00:00,614.7499999999997,615.2099999999997,614.0899999999997,614.0999999999997,208
2026-06-02T16:45:00+00:00,614.0999999999997,614.7799999999996,613.8799999999997,614.4999999999997,161
2026-06-02T16:50:00+00:00,614.4999999999997,614.4999999999997,613.8099999999996,613.8299999999997,215
2026-06-02T16:55:00+00:00,613.8299999999997,614.4799999999997,613.8099999999996,613.8599999999997,174
2026-06-02T17:00:00+00:00,613.8599999999997,613.9799999999997,613.4899999999997,613.6299999999997,211
2026-06-02T17:05:00+00:00,613.6299999999997,613.7199999999997,612.2699999999996,613.3799999999997,283
2026-06-02T17:10:00+00:00,613.3799999999997,613.5699999999997,612.9799999999997,613.4899999999997,195
2026-06-02T17:15:00+00:00,613.4899999999997,613.5399999999996,613.2399999999997,613.2499999999997,166
2026-06-02T17:20:00+00:00,613.2499999999997,614.8399999999997,613.2399999999997,614.0199999999996,253
2026-06-02T17:25:00+00:00,614.0199999999996,614.0199999999996,613.0799999999997,613.0999999999997,212
2026-06-02T17:30:00+00:00,613.0999999999997,613.1299999999997,611.5899999999997,611.6299999999997,208
2026-06-02T17:35:00+00:00,611.6299999999997,612.5199999999996,611.5299999999996,612.0899999999997,254
2026-06-02T17:40:00+00:00,612.0899999999997,612.4299999999996,611.9799999999997,612.4299999999996,168
2026-06-02T17:45:00+00:00,612.4299999999996,613.1099999999997,612.4099999999996,612.5399999999996,158
2026-06-02T17:50:00+00:00,612.5399999999996,613.0599999999996,612.4299999999996,612.5499999999996,197
2026-06-02T17:55:00+00:00,612.5499999999996,613.2199999999997,612.3199999999997,612.3399999999997,130
2026-06-02T18:00:00+00:00,612.3399999999997,612.6099999999997,612.1199999999997,612.2799999999996,184
2026-06-02T18:05:00+00:00,612.2799999999996,612.6899999999997,611.9799999999997,612.3099999999996,195
2026-06-02T18:10:00+00:00,612.3099999999996,612.4699999999997,611.7799999999996,611.9699999999997,176
2026-06-02T18:15:00+00:00,611.9699999999997,612.5199999999996,611.9499999999997,612.3299999999997,159
2026-06-02T18:20:00+00:00,612.3299999999997,612.7399999999997,611.7299999999997,612.3299999999997,202
2026-06-02T18:25:00+00:00,612.3299999999997,612.7599999999996,611.5799999999997,611.5799999999997,219
2026-06-02T18:30:00+00:00,611.5799999999997,611.8599999999997,609.9799999999997,610.2699999999996,247
2026-06-02T18:35:00+00:00,610.2699999999996,610.6299999999997,610.0199999999996,610.4599999999997,209
2026-06-02T18:40:00+00:00,610.4599999999997,610.4599999999997,609.5899999999997,609.9899999999997,205
2026-06-02T18:45:00+00:00,609.9899999999997,610.2199999999997,609.7799999999996,609.8899999999996,225
2026-06-02T18:50:00+00:00,609.8899999999996,609.8999999999996,608.5399999999996,608.5499999999996,243
2026-06-02T18:55:00+00:00,608.5499999999996,608.8299999999997,608.2799999999996,608.5899999999997,204
2026-06-02T19:00:00+00:00,608.5899999999997,608.8799999999997,607.9799999999997,608.2699999999996,232
2026-06-02T19:05:00+00:00,608.2699999999996,608.5999999999997,608.0699999999997,608.0799999999997,202
2026-06-02T19:10:00+00:00,608.0799999999997,608.2099999999997,607.5799999999997,607.5799999999997,162
2026-06-02T19:15:00+00:00,607.5799999999997,607.6599999999996,607.1799999999996,607.5599999999996,234
2026-06-02T19:20:00+00:00,607.5599999999996,608.0999999999997,607.4799999999997,607.8699999999997,221
2026-06-02T19:25:00+00:00,607.8699999999997,608.0899999999997,607.5799999999997,607.5999999999997,272
2026-06-02T19:30:00+00:00,607.5999999999997,607.7799999999996,607.2299999999997,607.2699999999996,287
2026-06-02T19:35:00+00:00,607.2699999999996,607.3299999999997,606.7899999999996,606.9999999999997,388
2026-06-02T19:40:00+00:00,606.9999999999997,607.4099999999996,606.9299999999996,607.2199999999997,332
2026-06-02T19:45:00+00:00,607.2199999999997,607.5899999999997,607.0099999999996,607.5699999999997,315
2026-06-02T19:50:00+00:00,607.5699999999997,607.6499999999996,605.4899999999997,605.4999999999997,572
2026-06-02T19:55:00+00:00,605.4999999999997,605.4999999999997,604.2099999999997,604.7499999999997,976
2026-06-03T13:30:00+00:00,604.7499999999997,620.5899999999997,604.7499999999997,619.2399999999997,1056
2026-06-03T13:35:00+00:00,619.2399999999997,620.6199999999997,615.9799999999997,616.5799999999997,830
2026-06-03T13:40:00+00:00,616.5799999999997,620.9699999999997,615.0099999999996,616.1799999999996,715
2026-06-03T13:45:00+00:00,616.1799999999996,616.5499999999996,613.6899999999997,615.0799999999997,684
2026-06-03T13:50:00+00:00,615.0799999999997,619.4999999999997,614.3399999999997,618.0799999999997,640
2026-06-03T13:55:00+00:00,618.0799999999997,620.0799999999997,616.1199999999997,619.0199999999996,619
2026-06-03T14:00:00+00:00,619.0199999999996,624.3399999999997,616.4799999999997,624.1399999999996,812
2026-06-03T14:05:00+00:00,624.1399999999996,626.0399999999996,622.4799999999997,624.2999999999996,847
2026-06-03T14:10:00+00:00,624.2999999999996,625.5499999999996,622.0099999999996,623.0499999999996,596
2026-06-03T14:15:00+00:00,623.0499999999996,625.0999999999997,621.9899999999997,622.9799999999997,585
2026-06-03T14:20:00+00:00,622.9799999999997,625.8799999999997,622.4099999999996,622.4099999999996,387
2026-06-03T14:25:00+00:00,622.4099999999996,624.5399999999996,621.9999999999997,623.0699999999997,402
2026-06-03T14:30:00+00:00,623.0699999999997,624.9399999999997,622.2799999999996,622.9499999999997,466
2026-06-03T14:35:00+00:00,622.9499999999997,623.0799999999997,620.7299999999997,622.1999999999997,506
2026-06-03T14:40:00+00:00,622.1999999999997,626.6599999999996,622.0399999999996,625.6699999999996,470
2026-06-03T14:45:00+00:00,625.6699999999996,626.6999999999997,622.5999999999997,622.8099999999996,498
2026-06-03T14:50:00+00:00,622.8099999999996,624.7499999999997,621.5899999999997,624.2899999999996,361
2026-06-03T14:55:00+00:00,624.2899999999996,624.6699999999996,623.5999999999997,623.9199999999996,312.1961093585699
2026-06-03T15:00:00+00:00,623.9199999999996,624.3499999999996,622.0999999999996,622.1999999999996,356
2026-06-03T15:05:00+00:00,622.1999999999996,624.0499999999996,621.7299999999996,623.8999999999996,387
2026-06-03T15:10:00+00:00,623.8999999999996,625.8099999999996,623.8999999999996,625.1499999999996,333
2026-06-03T15:15:00+00:00,625.1499999999996,625.6299999999997,623.9199999999996,623.9899999999996,395
2026-06-03T15:20:00+00:00,623.9899999999996,624.4399999999996,622.5899999999996,622.5899999999996,263
2026-06-03T15:25:00+00:00,622.5899999999996,623.9099999999996,621.9199999999996,623.0399999999996,387
2026-06-03T15:30:00+00:00,623.0399999999996,623.2299999999996,620.5299999999996,620.5299999999996,283
2026-06-03T15:35:00+00:00,620.5299999999996,622.1599999999996,620.5299999999996,621.0299999999996,239
2026-06-03T15:40:00+00:00,621.0299999999996,621.7299999999996,620.4099999999996,621.5099999999996,275
2026-06-03T15:45:00+00:00,621.5099999999996,622.2299999999996,620.8999999999996,622.0499999999996,266
2026-06-03T15:50:00+00:00,622.0499999999996,622.3899999999996,620.9099999999996,621.0799999999996,285
2026-06-03T15:55:00+00:00,621.0799999999996,621.8099999999996,619.9899999999996,620.1499999999996,270
2026-06-03T16:00:00+00:00,620.1499999999996,620.7199999999996,619.4299999999996,620.0699999999996,316
2026-06-03T16:05:00+00:00,620.0699999999996,621.1199999999997,619.9499999999996,620.8699999999997,274
2026-06-03T16:10:00+00:00,620.8699999999997,621.1699999999996,619.9399999999996,620.1299999999997,285
2026-06-03T16:15:00+00:00,620.1299999999997,620.1399999999996,618.4099999999996,618.7999999999996,251
2026-06-03T16:20:00+00:00,618.7999999999996,620.2999999999996,618.5599999999996,619.1999999999996,367
2026-06-03T16:25:00+00:00,619.1999999999996,620.1899999999996,619.0899999999996,620.0299999999996,282
2026-06-03T16:30:00+00:00,620.0299999999996,621.3399999999996,619.4599999999996,621.3099999999996,324
2026-06-03T16:35:00+00:00,621.3099999999996,621.5599999999996,619.1499999999996,619.8399999999996,301
2026-06-03T16:40:00+00:00,619.8399999999996,621.5199999999996,619.6499999999996,621.5199999999996,291
2026-06-03T16:45:00+00:00,621.5199999999996,623.4599999999996,621.4399999999996,623.2199999999996,326
2026-06-03T16:50:00+00:00,623.2199999999996,624.7299999999996,623.0699999999996,624.4599999999996,354
2026-06-03T16:55:00+00:00,624.4599999999996,626.6099999999996,624.4599999999996,626.2099999999996,424
2026-06-03T17:00:00+00:00,626.2099999999996,627.1399999999996,624.6299999999997,624.6499999999996,484
2026-06-03T17:05:00+00:00,624.6499999999996,625.9099999999996,623.9199999999996,625.8299999999996,308
2026-06-03T17:10:00+00:00,625.8299999999996,626.1999999999996,624.0299999999996,624.3099999999996,292
2026-06-03T17:15:00+00:00,624.3099999999996,624.3299999999996,622.2199999999996,622.5199999999996,312
2026-06-03T17:20:00+00:00,622.5199999999996,624.3799999999997,622.5199999999996,624.3799999999997,276
2026-06-03T17:25:00+00:00,624.3799999999997,625.0099999999996,623.7099999999996,624.5799999999996,202
2026-06-03T17:30:00+00:00,624.5799999999996,624.9099999999996,623.9299999999996,624.8399999999996,260
2026-06-03T17:35:00+00:00,624.8399999999996,625.0199999999996,624.2899999999996,624.4599999999996,251
2026-06-03T17:40:00+00:00,624.4599999999996,625.6999999999996,624.4399999999996,625.2199999999996,245
2026-06-03T17:45:00+00:00,625.2199999999996,627.9099999999996,625.2099999999996,627.0099999999996,326
2026-06-03T17:50:00+00:00,627.0099999999996,628.7999999999996,626.9399999999996,628.5299999999996,398
2026-06-03T17:55:00+00:00,628.5299999999996,629.6699999999996,628.5299999999996,629.4399999999996,451
2026-06-03T18:00:00+00:00,629.4399999999996,630.2999999999996,628.9099999999996,629.0199999999996,443
2026-06-03T18:05:00+00:00,629.0199999999996,629.0299999999996,627.1199999999997,627.6399999999996,288
2026-06-03T18:10:00+00:00,627.6399999999996,628.7899999999996,626.9699999999996,628.3499999999996,340
2026-06-03T18:15:00+00:00,628.3499999999996,630.3399999999996,627.9199999999996,630.3099999999996,358
2026-06-03T18:20:00+00:00,630.3099999999996,630.8699999999997,628.7599999999996,628.7799999999996,324
2026-06-03T18:25:00+00:00,628.7799999999996,630.0199999999996,628.6299999999997,628.7299999999996,269
2026-06-03T18:30:00+00:00,628.7299999999996,630.4099999999996,628.5999999999996,629.3599999999996,265
2026-06-03T18:35:00+00:00,629.3599999999996,630.4399999999996,628.9199999999996,630.0799999999996,220
2026-06-03T18:40:00+00:00,630.0799999999996,630.4999999999997,629.2599999999996,629.5899999999996,257
2026-06-03T18:45:00+00:00,629.5899999999996,629.9099999999996,628.9099999999996,629.0299999999996,220
2026-06-03T18:50:00+00:00,629.0299999999996,629.5199999999996,628.5399999999996,629.1999999999996,276
2026-06-03T18:55:00+00:00,629.1999999999996,629.7699999999996,628.5199999999996,629.3899999999996,235
2026-06-03T19:00:00+00:00,629.3899999999996,629.3999999999996,627.7599999999996,627.7599999999996,298
2026-06-03T19:05:00+00:00,627.7599999999996,628.0999999999996,627.1299999999997,627.6299999999997,258
2026-06-03T19:10:00+00:00,627.6299999999997,628.4999999999997,627.4099999999996,628.3599999999996,258
2026-06-03T19:15:00+00:00,628.3599999999996,629.0899999999996,627.5299999999996,627.5499999999996,361
2026-06-03T19:20:00+00:00,627.5499999999996,629.6199999999997,627.4099999999996,628.6699999999996,340
2026-06-03T19:25:00+00:00,628.6699999999996,628.9299999999996,627.4699999999996,627.8199999999996,294
2026-06-03T19:30:00+00:00,627.8199999999996,628.0999999999996,627.3599999999996,627.8299999999996,324
2026-06-03T19:35:00+00:00,627.8299999999996,628.6499999999996,627.0199999999996,628.6399999999996,338
2026-06-03T19:40:00+00:00,628.6399999999996,629.6599999999996,628.4099999999996,629.5899999999996,266
2026-06-03T19:45:00+00:00,629.5899999999996,630.1799999999996,628.4099999999996,629.3199999999996,474
2026-06-03T19:50:00+00:00,629.3199999999996,631.0099999999996,628.9099999999996,629.1999999999996,659
2026-06-03T19:55:00+00:00,629.1999999999996,630.4999999999997,628.6099999999996,630.2399999999996,1049
2026-06-04T13:30:00+00:00,630.2399999999996,642.0699999999996,629.2199999999996,640.9299999999996,1034
2026-06-04T13:35:00+00:00,640.9299999999996,644.3999999999996,638.9199999999996,639.5299999999996,1016
2026-06-04T13:40:00+00:00,639.5299999999996,639.7099999999996,637.5099999999996,637.5399999999996,758
2026-06-04T13:45:00+00:00,637.5399999999996,639.9599999999996,635.9399999999996,639.4399999999996,634
2026-06-04T13:50:00+00:00,639.4399999999996,643.8999999999996,638.9199999999996,642.0599999999996,733
2026-06-04T13:55:00+00:00,642.0599999999996,645.8199999999996,642.0399999999996,645.6199999999997,748
2026-06-04T14:00:00+00:00,645.6199999999997,646.3999999999996,642.7499999999997,645.7199999999996,722
2026-06-04T14:05:00+00:00,645.7199999999996,645.9299999999996,642.9399999999996,644.0099999999996,630
2026-06-04T14:10:00+00:00,644.0099999999996,645.3799999999997,643.7199999999996,644.1199999999997,554
2026-06-04T14:15:00+00:00,644.1199999999997,644.7399999999996,643.2099999999996,643.9399999999996,497
2026-06-04T14:20:00+00:00,643.9399999999996,645.4399999999996,643.6399999999996,645.0699999999996,554
2026-06-04T14:25:00+00:00,645.0699999999996,647.2099999999996,644.3399999999996,644.5699999999996,635
2026-06-04T14:30:00+00:00,644.5699999999996,645.7499999999997,643.4899999999996,645.0399999999996,484
2026-06-04T14:35:00+00:00,645.0399999999996,645.5999999999996,641.4399999999996,641.6999999999996,433
2026-06-04T14:40:00+00:00,641.6999999999996,646.1499999999996,641.6999999999996,645.1599999999996,579
2026-06-04T14:45:00+00:00,645.1599999999996,645.9199999999996,644.4899999999996,645.3199999999996,417
2026-06-04T14:50:00+00:00,645.3199999999996,645.7399999999996,644.0199999999996,645.3099999999996,418
2026-06-04T14:55:00+00:00,645.3099999999996,647.0399999999996,645.1599999999996,646.6199999999997,480
2026-06-04T15:00:00+00:00,646.6199999999997,647.0899999999996,644.4599999999996,645.3299999999996,481
2026-06-04T15:05:00+00:00,645.3299999999996,646.4499999999996,644.9099999999996,644.9499999999996,326
2026-06-04T15:10:00+00:00,644.9499999999996,645.8299999999996,644.8099999999996,644.9299999999996,262
2026-06-04T15:15:00+00:00,644.9299999999996,646.5699999999996,644.7199999999996,645.4299999999996,391
2026-06-04T15:20:00+00:00,645.4299999999996,645.7699999999996,644.9799999999996,645.3999999999996,255
2026-06-04T15:25:00+00:00,645.3999999999996,646.1699999999996,644.7299999999996,645.2399999999996,329
2026-06-04T15:30:00+00:00,645.2399999999996,646.7599999999996,643.9299999999996,644.1799999999996,335
2026-06-04T15:35:00+00:00,644.1799999999996,644.4899999999996,642.4799999999996,643.3999999999996,335
2026-06-04T15:40:00+00:00,643.3999999999996,644.3399999999996,642.4199999999996,643.7899999999996,255
2026-06-04T15:45:00+00:00,643.7899999999996,645.4399999999996,643.7899999999996,645.4399999999996,352
2026-06-04T15:50:00+00:00,645.4399999999996,645.4399999999996,643.2999999999996,643.4999999999997,314
2026-06-04T15:55:00+00:00,643.4999999999997,644.5399999999996,642.9099999999996,644.1899999999996,204
2026-06-04T16:00:00+00:00,644.1899999999996,648.9999999999997,643.9899999999996,647.8199999999996,555
2026-06-04T16:05:00+00:00,647.8199999999996,649.1899999999996,646.6899999999996,647.9799999999996,411
2026-06-04T16:10:00+00:00,647.9799999999996,647.9799999999996,644.9599999999996,645.1099999999996,296
2026-06-04T16:15:00+00:00,645.1099999999996,645.2699999999996,643.4299999999996,643.4399999999996,276
2026-06-04T16:20:00+00:00,643.4399999999996,643.4499999999996,641.6799999999996,641.6799999999996,296
2026-06-04T16:25:00+00:00,641.6799999999996,641.8499999999996,639.4799999999996,640.1099999999996,414
2026-06-04T16:30:00+00:00,640.1099999999996,640.4299999999996,639.0099999999996,639.0399999999996,304
2026-06-04T16:35:00+00:00,639.0399999999996,639.3899999999996,638.0899999999996,638.4499999999996,297
2026-06-04T16:40:00+00:00,638.4499999999996,638.4499999999996,636.6599999999996,637.6499999999996,348
2026-06-04T16:45:00+00:00,637.6499999999996,638.2299999999996,636.6599999999996,636.9099999999996,286
2026-06-04T16:50:00+00:00,636.9099999999996,637.2299999999996,636.4199999999996,636.7599999999996,187
2026-06-04T16:55:00+00:00,636.7599999999996,636.7699999999996,634.9699999999996,635.2599999999996,330
2026-06-04T17:00:00+00:00,635.2599999999996,636.5799999999996,634.4099999999996,636.3299999999996,362
2026-06-04T17:05:00+00:00,636.3299999999996,637.3399999999996,635.6799999999996,635.7299999999996,241
2026-06-04T17:10:00+00:00,635.7299999999996,636.3599999999996,635.7299999999996,635.9099999999996,230
2026-06-04T17:15:00+00:00,635.9099999999996,636.9899999999996,635.9099999999996,636.5399999999996,182
2026-06-04T17:20:00+00:00,636.5399999999996,637.2199999999996,636.4099999999996,636.5899999999996,193
2026-06-04T17:25:00+00:00,636.5899999999996,637.3399999999996,636.1699999999996,636.8899999999996,284
2026-06-04T17:30:00+00:00,636.8899999999996,637.0699999999996,635.5099999999996,636.2699999999996,351
2026-06-04T17:35:00+00:00,636.2699999999996,636.7499999999997,635.7399999999996,636.0399999999996,184
2026-06-04T17:40:00+00:00,636.0399999999996,636.6599999999996,636.0399999999996,636.6399999999996,217
2026-06-04T17:45:00+00:00,636.6399999999996,636.8399999999996,635.9099999999996,636.2399999999996,196
2026-06-04T17:50:00+00:00,636.2399999999996,636.9399999999996,636.0499999999996,636.1899999999996,133
2026-06-04T17:55:00+00:00,636.1899999999996,636.6299999999997,635.6699999999996,636.0199999999996,179
2026-06-04T18:00:00+00:00,636.0199999999996,636.0199999999996,633.4699999999996,633.6499999999996,281
2026-06-04T18:05:00+00:00,633.6499999999996,633.8799999999997,633.0499999999996,633.0699999999996,245
2026-06-04T18:10:00+00:00,633.0699999999996,633.3099999999996,632.7899999999996,633.2699999999996,251
2026-06-04T18:15:00+00:00,633.2699999999996,633.7999999999996,632.7899999999996,633.5299999999996,214
2026-06-04T18:20:00+00:00,633.5299999999996,634.0099999999996,632.9899999999996,633.3499999999996,248
2026-06-04T18:25:00+00:00,633.3499999999996,633.5599999999996,632.9699999999996,633.1299999999997,273
2026-06-04T18:30:00+00:00,633.1299999999997,633.1499999999996,632.4999999999997,632.4999999999997,209
2026-06-04T18:35:00+00:00,632.4999999999997,633.6599999999996,632.4999999999997,633.5199999999996,220
2026-06-04T18:40:00+00:00,633.5199999999996,633.9399999999996,633.0499999999996,633.6099999999996,253
2026-06-04T18:45:00+00:00,633.6099999999996,633.7799999999996,632.6799999999996,632.7599999999996,230
2026-06-04T18:50:00+00:00,632.7599999999996,632.8299999999996,632.4099999999996,632.5099999999996,202
2026-06-04T18:55:00+00:00,632.5099999999996,633.1899999999996,632.5099999999996,632.7299999999996,223
2026-06-04T19:00:00+00:00,632.7299999999996,632.8099999999996,632.0099999999996,632.4999999999997,210
2026-06-04T19:05:00+00:00,632.4999999999997,632.6499999999996,631.5099999999996,631.6699999999996,191
2026-06-04T19:10:00+00:00,631.6699999999996,632.7599999999996,631.4099999999996,632.6699999999996,240
2026-06-04T19:15:00+00:00,632.6699999999996,633.7699999999996,632.6699999999996,633.1899999999996,261
2026-06-04T19:20:00+00:00,633.1899999999996,633.4399999999996,632.1299999999997,632.6199999999997,225
2026-06-04T19:25:00+00:00,632.6199999999997,632.6399999999996,631.2099999999996,631.3399999999996,288
2026-06-04T19:30:00+00:00,631.3399999999996,631.3699999999997,630.4199999999996,630.5299999999996,326
2026-06-04T19:35:00+00:00,630.5299999999996,630.6799999999996,629.7899999999996,630.1099999999996,364
2026-06-04T19:40:00+00:00,630.1099999999996,631.1499999999996,629.8799999999997,630.7299999999996,377
2026-06-04T19:45:00+00:00,630.7299999999996,631.6199999999997,630.5899999999996,630.9199999999996,330
2026-06-04T19:50:00+00:00,630.9199999999996,633.0499999999996,630.4099999999996,632.9399999999996,594
2026-06-04T19:55:00+00:00,632.9399999999996,634.5199999999996,632.8399999999996,634.1899999999996,933
2026-06-05T13:30:00+00:00,634.1899999999996,635.3899999999996,628.2199999999996,633.9699999999996,549
2026-06-05T13:35:00+00:00,633.9699999999996,635.4499999999996,632.5299999999996,632.6199999999997,554
2026-06-05T13:40:00+00:00,632.6199999999997,633.4899999999996,630.3099999999996,630.9399999999996,507
2026-06-05T13:45:00+00:00,630.9399999999996,631.6299999999997,629.4099999999996,630.4799999999996,506
2026-06-05T13:50:00+00:00,630.4799999999996,631.4599999999996,627.1899999999996,627.1999999999996,496
2026-06-05T13:55:00+00:00,627.1999999999996,628.8499999999996,626.1899999999996,626.2099999999996,464
2026-06-05T14:00:00+00:00,626.2099999999996,626.9699999999996,622.4499999999995,622.5099999999995,523.6538461538462
2026-06-05T14:05:00+00:00,622.5099999999995,623.5599999999995,621.7699999999994,623.4899999999996,416.0327793050615
2026-06-05T14:10:00+00:00,623.4899999999996,625.5099999999995,623.4399999999996,625.1599999999995,423.1203419899714
2026-06-05T14:15:00+00:00,625.1599999999995,625.1699999999995,623.7599999999994,623.8399999999995,332.36764946608037
2026-06-05T14:20:00+00:00,623.8399999999995,625.6099999999994,623.1899999999994,624.3599999999993,299.09237116131465
2026-06-05T14:25:00+00:00,624.3599999999993,625.5499999999993,624.2599999999993,625.2699999999994,359.76638159095955
2026-06-05T14:30:00+00:00,625.2699999999994,625.3199999999994,622.9099999999994,623.5299999999994,309.6684188412066
2026-06-05T14:35:00+00:00,623.5299999999994,624.2799999999994,622.8699999999993,623.2799999999994,247.0849550150214
2026-06-05T14:40:00+00:00,623.2799999999994,623.8299999999994,622.7799999999994,622.8799999999994,238
2026-06-05T14:45:00+00:00,622.8799999999994,623.2699999999994,622.5999999999993,623.2199999999993,255.6410019086594
2026-06-05T14:50:00+00:00,623.2199999999993,623.3599999999993,622.2899999999993,622.7999999999993,258.66358595194083
2026-06-05T14:55:00+00:00,622.7999999999993,623.8999999999993,622.7399999999993,623.1999999999992,299
2026-06-05T15:00:00+00:00,623.1999999999992,624.3899999999993,623.1799999999993,623.5599999999993,216.71844018506278
2026-06-05T15:05:00+00:00,623.5599999999993,623.6499999999993,622.7199999999992,623.2099999999991,273.9587321244421
2026-06-05T15:10:00+00:00,623.2099999999991,624.1299999999991,622.3999999999991,622.439999999999,242.0727060241033
2026-06-05T15:15:00+00:00,622.439999999999,622.8499999999992,621.789999999999,622.8499999999992,260.8868790839384
2026-06-05T15:20:00+00:00,622.8499999999992,623.3099999999993,621.8999999999993,621.9399999999993,296.5354789042085
2026-06-05T15:25:00+00:00,621.9399999999993,621.9399999999993,619.0699999999993,619.5999999999992,236
2026-06-05T15:30:00+00:00,619.5999999999992,620.3399999999992,618.9099999999993,618.9099999999993,241
2026-06-05T15:35:00+00:00,618.9099999999993,619.2199999999992,618.3499999999992,618.4799999999992,327
2026-06-05T15:40:00+00:00,618.4799999999992,618.7499999999992,617.9099999999993,617.9099999999993,341
2026-06-05T15:45:00+00:00,617.9099999999993,619.8199999999993,617.5899999999992,619.1499999999993,320
2026-06-05T15:50:00+00:00,619.1499999999993,619.5199999999993,618.5699999999993,619.4399999999993,277
2026-06-05T15:55:00+00:00,619.4399999999993,619.5899999999992,618.8799999999992,619.1299999999992,220
2026-06-05T16:00:00+00:00,619.1299999999992,619.1399999999993,618.0299999999993,618.5199999999993,278
2026-06-05T16:05:00+00:00,618.5199999999993,618.5399999999993,617.3199999999993,617.5099999999993,267
2026-06-05T16:10:00+00:00,617.5099999999993,617.6999999999992,616.5799999999992,616.6599999999993,332
2026-06-05T16:15:00+00:00,616.6599999999993,617.1199999999992,616.1199999999992,616.7399999999992,323
2026-06-05T16:20:00+00:00,616.7399999999992,616.9999999999992,616.3099999999993,616.6099999999992,280
2026-06-05T16:25:00+00:00,616.6099999999992,617.1899999999993,616.0799999999992,616.1099999999992,290
2026-06-05T16:30:00+00:00,616.1099999999992,616.1299999999992,614.6799999999993,614.6999999999992,405
2026-06-05T16:35:00+00:00,614.6999999999992,615.8299999999992,614.6799999999993,615.6799999999993,335
2026-06-05T16:40:00+00:00,615.6799999999993,615.8999999999993,614.9799999999992,615.4499999999992,356
2026-06-05T16:45:00+00:00,615.4499999999992,615.6199999999992,614.5199999999993,615.1999999999992,459
2026-06-05T16:50:00+00:00,615.1999999999992,615.7999999999993,614.7499999999992,615.3599999999992,329
2026-06-05T16:55:00+00:00,615.3599999999992,616.1199999999992,615.0799999999992,616.0199999999993,323
2026-06-05T17:00:00+00:00,616.0199999999993,616.3099999999993,615.3799999999992,616.3099999999993,295
2026-06-05T17:05:00+00:00,616.3099999999993,616.6399999999993,615.7999999999993,615.8199999999993,320
2026-06-05T17:10:00+00:00,615.8199999999993,616.1599999999993,614.8199999999993,615.0699999999993,248
2026-06-05T17:15:00+00:00,615.0699999999993,615.1199999999992,613.8599999999992,613.9099999999993,275
2026-06-05T17:20:00+00:00,613.9099999999993,614.4799999999992,613.6099999999992,614.1999999999992,269
2026-06-05T17:25:00+00:00,614.1999999999992,615.0899999999992,614.1899999999993,615.0599999999993,288
2026-06-05T17:30:00+00:00,615.0599999999993,615.2999999999993,614.2999999999993,614.6499999999993,245
2026-06-05T17:35:00+00:00,614.6499999999993,615.2999999999993,614.2699999999993,615.2999999999993,233
2026-06-05T17:40:00+00:00,615.2999999999993,615.3399999999992,614.2999999999993,614.3899999999993,262
2026-06-05T17:45:00+00:00,614.3899999999993,615.1499999999993,614.1999999999992,614.5599999999993,243
2026-06-05T17:50:00+00:00,614.5599999999993,615.2299999999992,614.3099999999993,614.8699999999992,281
2026-06-05T17:55:00+00:00,614.8699999999992,615.4599999999992,614.6799999999993,615.0899999999992,215
2026-06-05T18:00:00+00:00,615.0899999999992,617.3299999999992,614.9099999999993,615.6599999999993,382
2026-06-05T18:05:00+00:00,615.6599999999993,616.3799999999992,615.4199999999993,615.8399999999992,190
2026-06-05T18:10:00+00:00,615.8399999999992,615.8499999999992,598.5599999999993,600.0999999999992,814
2026-06-05T18:15:00+00:00,600.0999999999992,602.5499999999993,591.1099999999992,591.5099999999993,1397
2026-06-05T18:20:00+00:00,591.5099999999993,594.4699999999992,589.2799999999993,592.0499999999993,1020
2026-06-05T18:25:00+00:00,592.0499999999993,594.1199999999992,590.0799999999992,592.2999999999993,844
2026-06-05T18:30:00+00:00,592.2999999999993,596.0199999999993,590.4999999999992,595.6099999999992,679
2026-06-05T18:35:00+00:00,595.6099999999992,599.5199999999993,595.3599999999992,599.5199999999993,682
2026-06-05T18:40:00+00:00,599.5199999999993,599.8199999999993,596.5999999999992,597.4299999999993,677
2026-06-05T18:45:00+00:00,597.4299999999993,599.5699999999993,597.4099999999993,599.2699999999993,514
2026-06-05T18:50:00+00:00,599.2699999999993,601.3199999999993,598.5999999999992,599.6099999999992,504
2026-06-05T18:55:00+00:00,599.6099999999992,601.8099999999993,599.3499999999992,601.1199999999992,574
2026-06-05T19:00:00+00:00,601.1199999999992,602.6299999999992,597.8099999999993,600.2999999999993,603
2026-06-05T19:05:00+00:00,600.2999999999993,600.7299999999992,596.0199999999993,597.7599999999993,562
2026-06-05T19:10:00+00:00,597.7599999999993,598.0399999999993,595.9899999999992,597.1599999999993,506
2026-06-05T19:15:00+00:00,597.1599999999993,597.4799999999992,595.6699999999993,595.8499999999992,445
2026-06-05T19:20:00+00:00,595.8499999999992,596.4199999999993,594.8199999999993,595.8299999999992,434
2026-06-05T19:25:00+00:00,595.8299999999992,598.5299999999993,595.6999999999992,598.2499999999992,396
2026-06-05T19:30:00+00:00,598.2499999999992,598.3599999999992,596.6499999999993,597.0099999999993,448
2026-06-05T19:35:00+00:00,597.0099999999993,597.7199999999992,596.3199999999993,597.3199999999993,486
2026-06-05T19:40:00+00:00,597.3199999999993,597.4399999999993,595.5299999999993,596.8099999999993,479
2026-06-05T19:45:00+00:00,596.8099999999993,599.6799999999993,596.4299999999993,598.6099999999992,447
2026-06-05T19:50:00+00:00,598.6099999999992,600.4199999999993,597.5999999999992,600.4199999999993,656
2026-06-05T19:55:00+00:00,600.4199999999993,601.0999999999992,597.2899999999993,598.9299999999993,707
2026-06-08T13:30:00+00:00,598.9299999999993,598.9299999999993,585.8199999999993,585.9599999999992,1196
2026-06-08T13:35:00+00:00,585.9599999999992,591.3199999999993,585.5199999999993,590.9799999999992,864
2026-06-08T13:40:00+00:00,590.9799999999992,594.5399999999993,590.2999999999993,593.3599999999992,596
2026-06-08T13:45:00+00:00,593.3599999999992,594.7499999999992,592.7999999999993,593.6499999999993,576
2026-06-08T13:50:00+00:00,593.6499999999993,595.5899999999992,593.3999999999993,595.0799999999992,369
2026-06-08T13:55:00+00:00,595.0799999999992,595.9199999999993,593.8599999999992,595.0499999999993,402
2026-06-08T14:00:00+00:00,595.0499999999993,597.6999999999992,594.0999999999992,596.5999999999992,489
2026-06-08T14:05:00+00:00,596.5999999999992,597.1499999999993,595.4399999999993,596.3099999999993,309
2026-06-08T14:10:00+00:00,596.3099999999993,597.1999999999992,595.4399999999993,596.8599999999992,308
2026-06-08T14:15:00+00:00,596.8599999999992,597.1599999999993,595.2999999999993,595.7999999999993,260
2026-06-08T14:20:00+00:00,595.7999999999993,596.6999999999992,594.4799999999992,595.2199999999992,331
2026-06-08T14:25:00+00:00,595.2199999999992,595.5699999999993,594.2399999999992,594.3399999999992,376
2026-06-08T14:30:00+00:00,594.3399999999992,594.9999999999992,593.1799999999993,593.2599999999993,345
2026-06-08T14:35:00+00:00,593.2599999999993,594.2899999999993,592.9499999999992,593.7499999999992,437
2026-06-08T14:40:00+00:00,593.7499999999992,594.9399999999993,593.4099999999993,593.9199999999993,384
2026-06-08T14:45:00+00:00,593.9199999999993,596.9999999999992,593.9199999999993,596.2999999999993,392
2026-06-08T14:50:00+00:00,596.2999999999993,596.8499999999992,594.9699999999992,595.0599999999993,300
2026-06-08T14:55:00+00:00,595.0599999999993,596.6499999999993,594.8999999999993,596.4899999999992,260
2026-06-08T15:00:00+00:00,596.4899999999992,597.9099999999993,596.1599999999993,597.0199999999993,307
2026-06-08T15:05:00+00:00,597.0199999999993,597.5299999999993,596.4099999999993,597.3099999999993,247
2026-06-08T15:10:00+00:00,597.3099999999993,597.4899999999992,596.2999999999993,596.4199999999993,266
2026-06-08T15:15:00+00:00,596.4199999999993,597.0099999999993,595.0699999999993,595.6999999999992,319
2026-06-08T15:20:00+00:00,595.6999999999992,595.9199999999993,594.6799999999993,595.7299999999992,269
2026-06-08T15:25:00+00:00,595.7299999999992,595.7299999999992,593.8099999999993,593.8099999999993,367
2026-06-08T15:30:00+00:00,593.8099999999993,594.1599999999993,592.7199999999992,593.3899999999993,392
2026-06-08T15:35:00+00:00,593.3899999999993,594.8399999999992,593.2299999999992,594.8399999999992,297
2026-06-08T15:40:00+00:00,594.8399999999992,595.0799999999992,594.2999999999993,594.7699999999993,226
2026-06-08T15:45:00+00:00,594.7699999999993,595.5299999999993,594.3699999999992,594.4299999999993,265
2026-06-08T15:50:00+00:00,594.4299999999993,595.3999999999993,594.4199999999993,594.6299999999992,246
2026-06-08T15:55:00+00:00,594.6299999999992,594.7099999999992,593.4599999999992,593.7199999999992,278
2026-06-08T16:00:00+00:00,593.7199999999992,594.4399999999993,593.1899999999993,594.0899999999992,193
2026-06-08T16:05:00+00:00,594.0899999999992,594.4099999999993,593.6099999999992,593.9799999999992,239
2026-06-08T16:10:00+00:00,593.9799999999992,594.8199999999993,593.6299999999992,593.7999999999993,245
2026-06-08T16:15:00+00:00,593.7999999999993,595.0199999999993,593.7999999999993,594.9299999999993,277
2026-06-08T16:20:00+00:00,594.9299999999993,595.2699999999993,594.3799999999992,594.3799999999992,256
2026-06-08T16:25:00+00:00,594.3799999999992,595.2299999999992,594.2199999999992,594.2499999999992,249
2026-06-08T16:30:00+00:00,594.2499999999992,594.8499999999992,594.1099999999992,594.1599999999993,295
2026-06-08T16:35:00+00:00,594.1599999999993,594.6299999999992,593.1299999999992,594.2999999999993,252
2026-06-08T16:40:00+00:00,594.2999999999993,594.6099999999992,593.5499999999993,593.9499999999992,239
2026-06-08T16:45:00+00:00,593.9499999999992,594.4999999999992,593.5999999999992,593.7199999999992,200
2026-06-08T16:50:00+00:00,593.7199999999992,593.7799999999993,592.8999999999993,593.1299999999992,231
2026-06-08T16:55:00+00:00,593.1299999999992,593.6099999999992,592.8999999999993,592.8999999999993,224
2026-06-08T17:00:00+00:00,592.8999999999993,592.9199999999993,591.5399999999993,592.2199999999992,326
2026-06-08T17:05:00+00:00,592.2199999999992,593.0799999999992,592.1299999999992,592.5799999999992,206
2026-06-08T17:10:00+00:00,592.5799999999992,592.5799999999992,591.1499999999993,592.3499999999992,260
2026-06-08T17:15:00+00:00,592.3499999999992,593.2199999999992,592.3299999999992,593.2199999999992,252
2026-06-08T17:20:00+00:00,593.2199999999992,593.8299999999992,592.7999999999993,593.1899999999993,192
2026-06-08T17:25:00+00:00,593.1899999999993,594.5099999999993,592.3699999999992,594.2799999999993,311
2026-06-08T17:30:00+00:00,594.2799999999993,594.9599999999992,593.2999999999993,594.3899999999993,312
2026-06-08T17:35:00+00:00,594.3899999999993,594.5999999999992,593.5799999999992,593.6099999999992,205
2026-06-08T17:40:00+00:00,593.6099999999992,593.6099999999992,592.1799999999993,592.2199999999992,206
2026-06-08T17:45:00+00:00,592.2199999999992,593.7899999999993,592.1899999999993,593.7699999999993,258
2026-06-08T17:50:00+00:00,593.7699999999993,593.8599999999992,593.0499999999993,593.2499999999992,168
2026-06-08T17:55:00+00:00,593.2499999999992,593.7299999999992,592.8199999999993,593.0799999999992,190
2026-06-08T18:00:00+00:00,593.0799999999992,594.1599999999993,592.8299999999992,594.0099999999993,224
2026-06-08T18:05:00+00:00,594.0099999999993,594.4799999999992,593.9199999999993,594.4599999999992,202
2026-06-08T18:10:00+00:00,594.4599999999992,594.5599999999993,593.3199999999993,593.8699999999992,239
2026-06-08T18:15:00+00:00,593.8699999999992,594.1999999999992,593.7299999999992,594.0299999999993,206
2026-06-08T18:20:00+00:00,594.0299999999993,594.8199999999993,593.8899999999993,594.3299999999992,171
2026-06-08T18:25:00+00:00,594.3299999999992,594.8399999999992,594.3299999999992,594.8199999999993,190
2026-06-08T18:30:00+00:00,594.8199999999993,595.1999999999992,594.6299999999992,594.6399999999993,224
2026-06-08T18:35:00+00:00,594.6399999999993,594.6899999999993,593.8199999999993,593.8399999999992,212
2026-06-08T18:40:00+00:00,593.8399999999992,594.2599999999993,593.4099999999993,593.6099999999992,175
2026-06-08T18:45:00+00:00,593.6099999999992,594.0399999999993,593.6099999999992,593.8099999999993,257
2026-06-08T18:50:00+00:00,593.8099999999993,594.2299999999992,593.6599999999993,594.0999999999992,179
2026-06-08T18:55:00+00:00,594.0999999999992,594.2599999999993,593.7999999999993,593.7999999999993,175
2026-06-08T19:00:00+00:00,593.7999999999993,593.8999999999993,593.2499999999992,593.2999999999993,201
2026-06-08T19:05:00+00:00,593.2999999999993,593.5399999999993,592.9499999999992,592.9699999999992,219
2026-06-08T19:10:00+00:00,592.9699999999992,592.9699999999992,591.6499999999993,591.6599999999993,256
2026-06-08T19:15:00+00:00,591.6599999999993,592.1499999999993,591.5199999999993,592.1399999999993,279
2026-06-08T19:20:00+00:00,592.1399999999993,593.4299999999993,592.1399999999993,593.0999999999992,239
2026-06-08T19:25:00+00:00,593.0999999999992,594.0399999999993,592.4199999999993,593.9799999999992,320
2026-06-08T19:30:00+00:00,593.9799999999992,594.0499999999993,593.2999999999993,593.4699999999992,249
2026-06-08T19:35:00+00:00,593.4699999999992,594.5999999999992,593.4299999999993,594.0099999999993,249
2026-06-08T19:40:00+00:00,594.0099999999993,594.5699999999993,593.7999999999993,594.4599999999992,261
2026-06-08T19:45:00+00:00,594.4599999999992,596.1399999999993,594.3499999999992,595.8399999999992,431
2026-06-08T19:50:00+00:00,595.8399999999992,596.0399999999993,592.6299999999992,592.7299999999992,469
2026-06-08T19:55:00+00:00,592.7299999999992,592.7399999999992,590.8699999999992,591.6199999999992,915
2026-06-09T13:30:00+00:00,591.6199999999992,598.4699999999992,591.6199999999992,596.9499999999992,848
2026-06-09T13:35:00+00:00,596.9499999999992,599.9199999999993,596.5299999999993,599.7499999999992,764
2026-06-09T13:40:00+00:00,599.7499999999992,601.9399999999993,598.1699999999993,601.7499999999992,599
2026-06-09T13:45:00+00:00,601.7499999999992,603.4499999999992,601.2999999999993,602.5299999999993,518
2026-06-09T13:50:00+00:00,602.5299999999993,603.8699999999992,600.5499999999993,600.7799999999993,498
2026-06-09T13:55:00+00:00,600.7799999999993,603.1299999999992,599.4099999999993,601.9499999999992,543
2026-06-09T14:00:00+00:00,601.9499999999992,603.3099999999993,600.9499999999992,601.6799999999993,403
2026-06-09T14:05:00+00:00,601.6799999999993,603.1999999999992,601.6199999999992,602.8099999999993,415
2026-06-09T14:10:00+00:00,602.8099999999993,603.4499999999992,600.4699999999992,600.6599999999993,456
2026-06-09T14:15:00+00:00,600.6599999999993,600.8499999999992,598.4299999999993,599.1399999999993,499
2026-06-09T14:20:00+00:00,599.1399999999993,602.1199999999992,598.5999999999992,601.6599999999993,416
2026-06-09T14:25:00+00:00,601.6599999999993,602.5199999999993,599.9999999999992,600.4799999999992,541
2026-06-09T14:30:00+00:00,600.4799999999992,602.6299999999992,600.0199999999993,602.3799999999992,445
2026-06-09T14:35:00+00:00,602.3799999999992,602.9199999999993,601.3099999999993,601.9599999999992,419
2026-06-09T14:40:00+00:00,601.9599999999992,602.5599999999993,600.2999999999993,600.3499999999992,385
2026-06-09T14:45:00+00:00,600.3499999999992,600.7199999999992,596.6999999999992,596.9699999999992,654
2026-06-09T14:50:00+00:00,596.9699999999992,598.1799999999993,596.4999999999992,597.8899999999993,565
2026-06-09T14:55:00+00:00,597.8899999999993,599.5699999999993,597.8899999999993,599.2099999999992,375
2026-06-09T15:00:00+00:00,599.2099999999992,600.1799999999993,598.6999999999992,599.6699999999993,358
2026-06-09T15:05:00+00:00,599.6699999999993,600.3599999999992,598.8999999999993,600.3599999999992,345
2026-06-09T15:10:00+00:00,600.3599999999992,601.0499999999993,598.9899999999992,599.3099999999993,369
2026-06-09T15:15:00+00:00,599.3099999999993,599.4999999999992,598.3899999999993,598.8999999999993,273
2026-06-09T15:20:00+00:00,598.8999999999993,599.5899999999992,597.2999999999993,597.3399999999992,371
2026-06-09T15:25:00+00:00,597.3399999999992,597.3599999999992,594.3099999999993,594.6499999999993,508
2026-06-09T15:30:00+00:00,594.6499999999993,595.4299999999993,593.8099999999993,594.7899999999993,460
2026-06-09T15:35:00+00:00,594.7899999999993,594.9999999999992,593.8099999999993,594.3599999999992,439
2026-06-09T15:40:00+00:00,594.3599999999992,595.8499999999992,594.0899999999992,595.0499999999993,385
2026-06-09T15:45:00+00:00,595.0499999999993,596.4299999999993,594.7999999999993,595.6999999999992,358
2026-06-09T15:50:00+00:00,595.6999999999992,596.2299999999992,594.9199999999993,595.2499999999992,340
2026-06-09T15:55:00+00:00,595.2499999999992,595.6199999999992,593.5399999999993,593.5399999999993,510
2026-06-09T16:00:00+00:00,593.5399999999993,594.6099999999992,593.0899999999992,593.0899999999992,547
2026-06-09T16:05:00+00:00,593.0899999999992,593.3199999999993,591.8199999999993,592.7599999999993,579
2026-06-09T16:10:00+00:00,592.7599999999993,593.6399999999993,591.9999999999992,593.4299999999993,394
2026-06-09T16:15:00+00:00,593.4299999999993,593.4299999999993,590.3999999999993,590.6999999999992,434
2026-06-09T16:20:00+00:00,590.6999999999992,592.3299999999992,589.6299999999992,591.9599999999992,690
2026-06-09T16:25:00+00:00,591.9599999999992,592.7299999999992,591.4599999999992,592.3199999999993,449
2026-06-09T16:30:00+00:00,592.3199999999993,593.8799999999992,591.4999999999992,592.8199999999993,437
2026-06-09T16:35:00+00:00,592.8199999999993,593.5799999999992,587.6399999999993,587.6399999999993,872
2026-06-09T16:40:00+00:00,587.6399999999993,589.3699999999992,587.2999999999993,588.9099999999993,848
2026-06-09T16:45:00+00:00,588.9099999999993,589.8499999999992,587.8699999999992,588.8299999999992,602
2026-06-09T16:50:00+00:00,588.8299999999992,589.6899999999993,587.7999999999993,587.8199999999993,521
2026-06-09T16:55:00+00:00,587.8199999999993,590.4099999999993,587.7299999999992,590.1199999999992,545
2026-06-09T17:00:00+00:00,590.1199999999992,591.5799999999992,589.3099999999993,591.2199999999992,380
2026-06-09T17:05:00+00:00,591.2199999999992,591.5199999999993,590.4299999999993,590.7199999999992,378
2026-06-09T17:10:00+00:00,590.7199999999992,591.6999999999992,589.8899999999993,591.1599999999993,319
2026-06-09T17:15:00+00:00,591.1599999999993,592.5599999999993,590.7199999999992,592.2999999999993,316
2026-06-09T17:20:00+00:00,592.2999999999993,593.2499999999992,592.0999999999992,592.6299999999992,336
2026-06-09T17:25:00+00:00,592.6299999999992,593.2999999999993,592.3999999999993,592.9699999999992,215
2026-06-09T17:30:00+00:00,592.9699999999992,593.9999999999992,592.6199999999992,593.9399999999993,278
2026-06-09T17:35:00+00:00,593.9399999999993,594.6999999999992,593.5999999999992,594.3399999999992,262
2026-06-09T17:40:00+00:00,594.3399999999992,596.0399999999993,594.1299999999992,595.4799999999992,326
2026-06-09T17:45:00+00:00,595.4799999999992,595.4799999999992,593.8499999999992,594.0899999999992,366
2026-06-09T17:50:00+00:00,594.0899999999992,595.8199999999993,594.0899999999992,595.4199999999993,323
2026-06-09T17:55:00+00:00,595.4199999999993,595.8999999999993,594.3999999999993,594.7299999999992,262
2026-06-09T18:00:00+00:00,594.7299999999992,596.1599999999993,594.4499999999992,596.0299999999993,268
2026-06-09T18:05:00+00:00,596.0299999999993,596.9099999999993,595.6199999999992,596.6899999999993,242
2026-06-09T18:10:00+00:00,596.6899999999993,596.6899999999993,593.8599999999992,594.5799999999992,336
2026-06-09T18:15:00+00:00,594.5799999999992,595.7199999999992,593.7999999999993,595.5399999999993,371
2026-06-09T18:20:00+00:00,595.5399999999993,596.1999999999992,594.8999999999993,595.9199999999993,297
2026-06-09T18:25:00+00:00,595.9199999999993,596.0199999999993,595.0299999999993,595.8299999999992,271
2026-06-09T18:30:00+00:00,595.8299999999992,596.9599999999992,595.2999999999993,595.8999999999993,352
2026-06-09T18:35:00+00:00,595.8999999999993,596.3199999999993,595.6099999999992,596.2999999999993,232
2026-06-09T18:40:00+00:00,596.2999999999993,596.3799999999992,595.2999999999993,595.4799999999992,279
2026-06-09T18:45:00+00:00,595.4799999999992,596.3299999999992,595.2999999999993,595.8999999999993,304
2026-06-09T18:50:00+00:00,595.8999999999993,596.6499999999993,595.7999999999993,596.2799999999993,253
2026-06-09T18:55:00+00:00,596.2799999999993,597.5899999999992,596.2599999999993,597.0299999999993,301
2026-06-09T19:00:00+00:00,597.0299999999993,597.3799999999992,596.1099999999992,596.9099999999993,364
2026-06-09T19:05:00+00:00,596.9099999999993,597.6699999999993,596.7599999999993,597.3699999999992,291
2026-06-09T19:10:00+00:00,597.3699999999992,597.3699999999992,595.7999999999993,595.9899999999992,318
2026-06-09T19:15:00+00:00,595.9899999999992,596.1999999999992,594.3499999999992,594.9499999999992,416
2026-06-09T19:20:00+00:00,594.9499999999992,595.5499999999993,594.6899999999993,595.2499999999992,338
2026-06-09T19:25:00+00:00,595.2499999999992,595.3799999999992,594.0999999999992,594.4899999999992,300
2026-06-09T19:30:00+00:00,594.4899999999992,594.6999999999992,593.2999999999993,593.4099999999993,389
2026-06-09T19:35:00+00:00,593.4099999999993,593.7399999999992,592.9599999999992,592.9599999999992,317
2026-06-09T19:40:00+00:00,592.9599999999992,593.0599999999993,592.3399999999992,592.3899999999993,411
2026-06-09T19:45:00+00:00,592.3899999999993,592.7099999999992,591.2999999999993,591.2999999999993,368
2026-06-09T19:50:00+00:00,591.2999999999993,593.7799999999993,591.2999999999993,593.1699999999993,620
2026-06-09T19:55:00+00:00,593.1699999999993,593.1699999999993,590.1999999999992,591.0599999999993,932
2026-06-10T13:30:00+00:00,591.0599999999993,591.5999999999992,585.5699999999993,590.6899999999993,677
2026-06-10T13:35:00+00:00,590.6899999999993,594.3699999999992,590.6899999999993,594.1499999999993,580
2026-06-10T13:40:00+00:00,594.1499999999993,597.4699999999992,594.1099999999992,597.3199999999993,586
2026-06-10T13:45:00+00:00,597.3199999999993,597.5499999999993,594.7999999999993,595.8799999999992,470
2026-06-10T13:50:00+00:00,595.8799999999992,596.1799999999993,594.3899999999993,594.8099999999993,431
2026-06-10T13:55:00+00:00,594.8099999999993,596.5999999999992,593.3599999999992,593.6499999999993,428
2026-06-10T14:00:00+00:00,593.6499999999993,596.2199999999992,593.6499999999993,593.8099999999993,407
2026-06-10T14:05:00+00:00,593.8099999999993,593.9799999999992,590.9099999999993,590.9299999999993,392
2026-06-10T14:10:00+00:00,590.9299999999993,592.6899999999993,590.7399999999992,591.3999999999993,522
2026-06-10T14:15:00+00:00,591.3999999999993,591.9499999999992,591.0299999999993,591.7199999999992,340
2026-06-10T14:20:00+00:00,591.7199999999992,592.2799999999993,591.3999999999993,592.1899999999993,236
2026-06-10T14:25:00+00:00,592.1899999999993,592.4799999999992,589.2999999999993,589.7199999999992,284
2026-06-10T14:30:00+00:00,589.7199999999992,589.9199999999993,588.2999999999993,589.6099999999992,347
2026-06-10T14:35:00+00:00,589.6099999999992,589.8999999999993,588.4499999999992,588.8299999999992,321
2026-06-10T14:40:00+00:00,588.8299999999992,589.8199999999993,588.3099999999993,588.3299999999992,249
2026-06-10T14:45:00+00:00,588.3299999999992,588.5999999999992,587.7099999999992,588.0599999999993,338
2026-06-10T14:50:00+00:00,588.0599999999993,588.4199999999993,587.4799999999992,587.7099999999992,331
2026-06-10T14:55:00+00:00,587.7099999999992,587.8199999999993,584.7399999999992,585.2899999999993,579.2073390094736
2026-06-10T15:00:00+00:00,585.2899999999993,587.0099999999993,584.7899999999993,585.6999999999992,411
2026-06-10T15:05:00+00:00,585.6999999999992,585.7999999999993,582.8899999999993,583.0199999999993,540
2026-06-10T15:10:00+00:00,583.0199999999993,583.0399999999993,581.4199999999993,582.5899999999992,470
2026-06-10T15:15:00+00:00,582.5899999999992,582.9899999999993,581.7499999999993,582.7699999999993,374
2026-06-10T15:20:00+00:00,582.7699999999993,584.7599999999993,582.7499999999993,584.2499999999993,363
2026-06-10T15:25:00+00:00,584.2499999999993,585.0599999999993,583.8899999999993,584.1099999999993,306
2026-06-10T15:30:00+00:00,584.1099999999993,584.9099999999993,583.7099999999992,583.7099999999992,280
2026-06-10T15:35:00+00:00,583.7099999999992,584.3899999999993,583.1399999999993,583.7099999999992,261
2026-06-10T15:40:00+00:00,583.7099999999992,586.1999999999992,583.6199999999993,585.7299999999993,301
2026-06-10T15:45:00+00:00,585.7299999999993,586.4299999999993,583.0099999999993,584.1899999999993,464
2026-06-10T15:50:00+00:00,584.1899999999993,585.1799999999993,582.6399999999993,584.3899999999993,384
2026-06-10T15:55:00+00:00,584.3899999999993,586.1799999999993,584.3399999999992,585.8999999999993,204
2026-06-10T16:00:00+00:00,585.8999999999993,585.9599999999992,584.6399999999993,584.7799999999993,173
2026-06-10T16:05:00+00:00,584.7799999999993,585.2999999999993,584.3899999999993,584.6899999999993,263
2026-06-10T16:10:00+00:00,584.6899999999993,584.7999999999993,583.9499999999992,583.9499999999992,269
2026-06-10T16:15:00+00:00,583.9499999999992,584.4099999999993,583.4399999999993,583.6799999999993,212
2026-06-10T16:20:00+00:00,583.6799999999993,584.1199999999993,582.9999999999993,583.3099999999993,264
2026-06-10T16:25:00+00:00,583.3099999999993,583.6999999999992,582.9999999999993,583.3999999999993,194
2026-06-10T16:30:00+00:00,583.3999999999993,583.8599999999993,582.7099999999992,583.7599999999993,225
2026-06-10T16:35:00+00:00,583.7599999999993,584.4899999999993,583.6199999999993,584.1999999999992,262
2026-06-10T16:40:00+00:00,584.1999999999992,584.4199999999993,583.3899999999993,583.5199999999993,204
2026-06-10T16:45:00+00:00,583.5199999999993,583.5299999999993,582.5899999999992,583.1299999999993,213
2026-06-10T16:50:00+00:00,583.1299999999993,584.4499999999992,582.9499999999992,583.7299999999993,182
2026-06-10T16:55:00+00:00,583.7299999999993,583.9299999999993,583.2899999999993,583.7399999999993,194
2026-06-10T17:00:00+00:00,583.7399999999993,584.2699999999993,583.4399999999993,584.1099999999993,183
2026-06-10T17:05:00+00:00,584.1099999999993,584.1299999999993,583.1599999999993,583.1699999999993,196
2026-06-10T17:10:00+00:00,583.1699999999993,583.1799999999993,581.8399999999992,582.0199999999993,261
2026-06-10T17:15:00+00:00,582.0199999999993,582.3899999999993,581.6299999999993,581.6599999999993,196
2026-06-10T17:20:00+00:00,581.6599999999993,582.5699999999993,581.5899999999992,582.3999999999993,186
2026-06-10T17:25:00+00:00,582.3999999999993,582.6399999999993,582.1899999999993,582.4099999999993,199
2026-06-10T17:30:00+00:00,582.4099999999993,582.4099999999993,581.3999999999993,581.5399999999993,222
2026-06-10T17:35:00+00:00,581.5399999999993,581.5499999999993,580.4199999999993,580.4199999999993,357
2026-06-10T17:40:00+00:00,580.4199999999993,580.8799999999993,580.3099999999993,580.3999999999993,309
2026-06-10T17:45:00+00:00,580.3999999999993,582.1399999999993,580.3999999999993,581.8499999999993,307
2026-06-10T17:50:00+00:00,581.8499999999993,581.9099999999993,580.2699999999993,580.7799999999993,360
2026-06-10T17:55:00+00:00,580.7799999999993,581.8099999999993,580.6099999999993,581.6499999999993,206
2026-06-10T18:00:00+00:00,581.6499999999993,582.9799999999993,581.6499999999993,582.8199999999993,277
2026-06-10T18:05:00+00:00,582.8199999999993,583.3099999999993,582.6499999999993,582.7399999999993,199
2026-06-10T18:10:00+00:00,582.7399999999993,583.1899999999993,581.8999999999993,582.2999999999993,199
2026-06-10T18:15:00+00:00,582.2999999999993,582.6699999999993,581.4299999999993,581.4899999999993,168
2026-06-10T18:20:00+00:00,581.4899999999993,582.1399999999993,581.4899999999993,581.9599999999992,242
2026-06-10T18:25:00+00:00,581.9599999999992,582.3599999999993,581.4899999999993,581.7399999999993,235
2026-06-10T18:30:00+00:00,581.7399999999993,581.7599999999993,580.9099999999993,580.9099999999993,220
2026-06-10T18:35:00+00:00,580.9099999999993,580.9299999999993,579.9499999999992,579.9499999999992,242
2026-06-10T18:40:00+00:00,579.9499999999992,580.4499999999992,579.6099999999993,579.7799999999993,287
2026-06-10T18:45:00+00:00,579.7799999999993,579.9999999999993,579.1899999999993,579.5999999999993,284
2026-06-10T18:50:00+00:00,579.5999999999993,579.6799999999993,578.7199999999992,579.5699999999993,289
2026-06-10T18:55:00+00:00,579.5699999999993,579.5699999999993,578.7499999999993,578.7699999999993,285
2026-06-10T19:00:00+00:00,578.7699999999993,579.3899999999993,578.2699999999993,578.8199999999993,350
2026-06-10T19:05:00+00:00,578.8199999999993,579.4499999999992,578.3899999999993,578.5999999999993,261
2026-06-10T19:10:00+00:00,578.5999999999993,578.8699999999993,578.1999999999992,578.4599999999992,210
2026-06-10T19:15:00+00:00,578.4599999999992,579.4599999999992,578.3899999999993,579.0399999999993,269
2026-06-10T19:20:00+00:00,579.0399999999993,579.3599999999993,578.4899999999993,578.7099999999992,331
2026-06-10T19:25:00+00:00,578.7099999999992,578.7099999999992,576.9899999999993,577.2499999999993,418
2026-06-10T19:30:00+00:00,577.2499999999993,578.5799999999992,577.0799999999992,578.4099999999993,398
2026-06-10T19:35:00+00:00,578.4099999999993,579.5499999999993,578.3099999999993,579.4999999999993,292
2026-06-10T19:40:00+00:00,579.4999999999993,579.9499999999992,578.8399999999992,579.6399999999993,432
2026-06-10T19:45:00+00:00,579.6399999999993,579.7999999999993,578.0899999999992,578.5099999999993,346
2026-06-10T19:50:00+00:00,578.5099999999993,579.2699999999993,577.8899999999993,578.9299999999993,573
2026-06-10T19:55:00+00:00,578.9299999999993,579.0299999999993,576.5499999999993,577.2099999999992,966
2026-06-11T13:30:00+00:00,577.2099999999992,577.2099999999992,567.4999999999993,570.4299999999993,764
2026-06-11T13:35:00+00:00,570.4299999999993,571.7799999999993,568.9099999999993,569.0399999999993,538
2026-06-11T13:40:00+00:00,569.0399999999993,569.4699999999992,567.3899999999993,568.3099999999993,526
2026-06-11T13:45:00+00:00,568.3099999999993,571.1899999999993,567.9899999999993,568.8999999999993,577
2026-06-11T13:50:00+00:00,568.8999999999993,572.4299999999993,568.8899999999993,571.7899999999993,543
2026-06-11T13:55:00+00:00,571.7899999999993,572.4999999999993,569.4799999999993,569.5199999999993,467
2026-06-11T14:00:00+00:00,569.5199999999993,571.3399999999992,569.4899999999993,570.2299999999993,430
2026-06-11T14:05:00+00:00,570.2299999999993,570.4299999999993,568.6399999999993,568.9099999999993,457
2026-06-11T14:10:00+00:00,568.9099999999993,569.0099999999993,566.0799999999992,566.2099999999992,590
2026-06-11T14:15:00+00:00,566.2099999999992,567.0199999999993,564.5899999999992,564.6099999999993,599
2026-06-11T14:20:00+00:00,564.6099999999993,568.2599999999993,564.4899999999993,568.0599999999993,555
2026-06-11T14:25:00+00:00,568.0599999999993,568.7199999999992,566.3999999999993,567.0899999999992,592
2026-06-11T14:30:00+00:00,567.0899999999992,567.5299999999993,565.5199999999993,566.8599999999993,504
2026-06-11T14:35:00+00:00,566.8599999999993,570.1099999999993,566.8599999999993,568.4799999999993,446
2026-06-11T14:40:00+00:00,568.4799999999993,569.0999999999993,567.0399999999993,567.0599999999993,424
2026-06-11T14:45:00+00:00,567.0599999999993,567.7299999999993,566.1499999999993,566.4499999999992,440
2026-06-11T14:50:00+00:00,566.4499999999992,566.4599999999992,564.9199999999993,565.8899999999993,469
2026-06-11T14:55:00+00:00,565.8899999999993,566.0999999999993,563.9899999999993,564.6099999999993,452
2026-06-11T15:00:00+00:00,564.6099999999993,566.0999999999993,563.3899999999993,566.0899999999992,484
2026-06-11T15:05:00+00:00,566.0899999999992,567.0099999999993,564.9899999999993,566.6599999999993,412
2026-06-11T15:10:00+00:00,566.6599999999993,567.6599999999993,566.3899999999993,566.9499999999992,336
2026-06-11T15:15:00+00:00,566.9499999999992,568.0899999999992,566.9099999999993,567.5399999999993,320
2026-06-11T15:20:00+00:00,567.5399999999993,568.9599999999992,567.1599999999993,567.9199999999993,288
2026-06-11T15:25:00+00:00,567.9199999999993,568.4999999999993,566.9099999999993,566.9099999999993,321
2026-06-11T15:30:00+00:00,566.9099999999993,567.5599999999993,566.7699999999993,567.4099999999993,305
2026-06-11T15:35:00+00:00,567.4099999999993,568.1999999999992,567.0899999999992,567.7899999999993,289
2026-06-11T15:40:00+00:00,567.7899999999993,568.7799999999993,566.8399999999992,567.0599999999993,315
2026-06-11T15:45:00+00:00,567.0599999999993,567.7299999999993,566.6199999999993,566.8899999999993,285
2026-06-11T15:50:00+00:00,566.8899999999993,566.9299999999993,566.1399999999993,566.4099999999993,243
2026-06-11T15:55:00+00:00,566.4099999999993,567.5699999999993,565.9899999999993,567.2499999999993,241
2026-06-11T16:00:00+00:00,567.2499999999993,568.0699999999993,567.0399999999993,567.1299999999993,286
2026-06-11T16:05:00+00:00,567.1299999999993,569.2699999999993,567.1099999999993,568.7199999999992,258
2026-06-11T16:10:00+00:00,568.7199999999992,570.5199999999993,568.7199999999992,570.2899999999993,328
2026-06-11T16:15:00+00:00,570.2899999999993,570.8799999999993,570.1999999999992,570.4899999999993,324
2026-06-11T16:20:00+00:00,570.4899999999993,571.0799999999992,569.6899999999993,569.8699999999993,259
2026-06-11T16:25:00+00:00,569.8699999999993,570.5499999999993,569.6899999999993,569.7199999999992,240
2026-06-11T16:30:00+00:00,569.7199999999992,571.2499999999993,569.3899999999993,570.9399999999993,262
2026-06-11T16:35:00+00:00,570.9399999999993,571.2999999999993,569.7799999999993,569.7799999999993,272
2026-06-11T16:40:00+00:00,569.7799999999993,569.9999999999993,569.0899999999992,569.6299999999993,177
2026-06-11T16:45:00+00:00,569.6299999999993,569.8099999999993,568.7899999999993,568.9199999999993,194
2026-06-11T16:50:00+00:00,568.9199999999993,568.9499999999992,567.5799999999992,567.5999999999993,255
2026-06-11T16:55:00+00:00,567.5999999999993,567.5999999999993,566.5299999999993,566.6899999999993,300
2026-06-11T17:00:00+00:00,566.6899999999993,567.1899999999993,564.1599999999993,565.2299999999993,438
2026-06-11T17:05:00+00:00,565.2299999999993,566.7799999999993,565.2099999999992,566.4899999999993,310
2026-06-11T17:10:00+00:00,566.4899999999993,567.3599999999993,566.3399999999992,566.6499999999993,345
2026-06-11T17:15:00+00:00,566.6499999999993,566.9899999999993,565.5299999999993,565.6499999999993,246
2026-06-11T17:20:00+00:00,565.6499999999993,566.3799999999993,565.4199999999993,566.0899999999992,286
2026-06-11T17:25:00+00:00,566.0899999999992,572.2399999999993,566.0899999999992,572.0299999999993,600
2026-06-11T17:30:00+00:00,572.0299999999993,575.1699999999993,571.2099999999992,573.8799999999993,693
2026-06-11T17:35:00+00:00,573.8799999999993,574.5799999999992,571.4799999999993,572.0299999999993,552
2026-06-11T17:40:00+00:00,572.0299999999993,574.9199999999993,571.8999999999993,574.7899999999993,446
2026-06-11T17:45:00+00:00,574.7899999999993,575.1199999999993,573.6099999999993,574.2599999999993,309
2026-06-11T17:50:00+00:00,574.2599999999993,574.2599999999993,572.8799999999993,573.5199999999993,254
2026-06-11T17:55:00+00:00,573.5199999999993,574.9699999999992,573.2899999999993,574.8799999999993,260
2026-06-11T18:00:00+00:00,574.8799999999993,575.1299999999993,572.5099999999993,572.5599999999993,319
2026-06-11T18:05:00+00:00,572.5599999999993,573.1499999999993,571.4899999999993,571.5899999999992,280
2026-06-11T18:10:00+00:00,571.5899999999992,573.1099999999993,571.5899999999992,572.9099999999993,256
2026-06-11T18:15:00+00:00,572.9099999999993,574.9399999999993,572.6899999999993,574.3999999999993,258
2026-06-11T18:20:00+00:00,574.3999999999993,574.4199999999993,572.9499999999992,573.3899999999993,394
2026-06-11T18:25:00+00:00,573.3899999999993,573.9799999999993,573.3099999999993,573.4099999999993,204
2026-06-11T18:30:00+00:00,573.4099999999993,574.0199999999993,572.8199999999993,572.8199999999993,299
2026-06-11T18:35:00+00:00,572.8199999999993,573.3899999999993,572.5099999999993,572.7199999999992,283
2026-06-11T18:40:00+00:00,572.7199999999992,573.6999999999992,572.4999999999993,573.6799999999993,225
2026-06-11T18:45:00+00:00,573.6799999999993,574.6199999999993,573.3699999999993,573.7899999999993,283
2026-06-11T18:50:00+00:00,573.7899999999993,574.2299999999993,573.4799999999993,574.1499999999993,264
2026-06-11T18:55:00+00:00,574.1499999999993,574.2999999999993,573.3899999999993,573.4699999999992,247
2026-06-11T19:00:00+00:00,573.4699999999992,574.3199999999993,573.4699999999992,573.9999999999993,244
2026-06-11T19:05:00+00:00,573.9999999999993,574.3899999999993,573.3999999999993,574.2699999999993,299
2026-06-11T19:10:00+00:00,574.2699999999993,575.2599999999993,573.8199999999993,574.4099999999993,442
2026-06-11T19:15:00+00:00,574.4099999999993,575.2699999999993,574.4099999999993,575.1599999999993,302
2026-06-11T19:20:00+00:00,575.1599999999993,575.6199999999993,575.0699999999993,575.3199999999993,386
2026-06-11T19:25:00+00:00,575.3199999999993,576.2799999999993,575.0699999999993,576.0199999999993,395
2026-06-11T19:30:00+00:00,576.0199999999993,577.9699999999992,575.9999999999993,577.7399999999993,518
2026-06-11T19:35:00+00:00,577.7399999999993,578.4699999999992,577.3999999999993,578.1799999999993,468
2026-06-11T19:40:00+00:00,578.1799999999993,578.5199999999993,576.3999999999993,576.6499999999993,508
2026-06-11T19:45:00+00:00,576.6499999999993,576.7099999999992,575.2699999999993,575.6299999999993,473
2026-06-11T19:50:00+00:00,575.6299999999993,575.6299999999993,573.4599999999992,574.6099999999993,769
2026-06-11T19:55:00+00:00,574.6099999999993,575.2299999999993,573.2099999999992,574.6999999999992,1050
2026-06-12T13:30:00+00:00,574.6999999999992,582.2399999999993,574.6999999999992,576.3999999999993,747
2026-06-12T13:35:00+00:00,576.3999999999993,578.3399999999992,575.7099999999992,577.2199999999992,632
2026-06-12T13:40:00+00:00,577.2199999999992,577.4099999999993,572.3899999999993,572.4299999999993,718
2026-06-12T13:45:00+00:00,572.4299999999993,572.8099999999993,568.3899999999993,568.5399999999993,646
2026-06-12T13:50:00+00:00,568.5399999999993,569.3399999999992,567.1999999999992,568.4399999999993,583
2026-06-12T13:55:00+00:00,568.4399999999993,570.9299999999993,568.3999999999993,570.2299999999993,363
2026-06-12T14:00:00+00:00,570.2299999999993,571.8799999999993,569.6699999999993,569.6699999999993,426
2026-06-12T14:05:00+00:00,569.6699999999993,571.1199999999993,569.6699999999993,570.5399999999993,389
2026-06-12T14:10:00+00:00,570.5399999999993,571.5699999999993,569.7199999999992,570.1699999999993,375
2026-06-12T14:15:00+00:00,570.1699999999993,571.0999999999993,569.7599999999993,570.1899999999993,389
2026-06-12T14:20:00+00:00,570.1899999999993,571.5199999999993,570.0499999999993,570.9999999999993,359
2026-06-12T14:25:00+00:00,570.9999999999993,572.4099999999993,570.9899999999993,571.9199999999993,273
2026-06-12T14:30:00+00:00,571.9199999999993,573.6599999999993,571.5899999999992,572.9399999999993,345
2026-06-12T14:35:00+00:00,572.9399999999993,574.2599999999993,572.8499999999993,573.0599999999993,311
2026-06-12T14:40:00+00:00,573.0599999999993,573.0699999999993,569.4899999999993,569.5399999999993,389
2026-06-12T14:45:00+00:00,569.5399999999993,571.2199999999992,569.4899999999993,569.9999999999993,336
2026-06-12T14:50:00+00:00,569.9999999999993,575.0999999999993,569.9899999999993,575.0999999999993,568
2026-06-12T14:55:00+00:00,575.0999999999993,577.1999999999992,574.0399999999993,576.7699999999993,522.4058450510063
2026-06-12T15:00:00+00:00,576.7699999999993,578.3299999999994,576.7399999999993,576.9899999999993,451
2026-06-12T15:05:00+00:00,576.9899999999993,577.9699999999993,576.5199999999993,577.2599999999993,333
2026-06-12T15:10:00+00:00,577.2599999999993,578.2099999999994,576.0999999999993,577.9699999999993,307
2026-06-12T15:15:00+00:00,577.9699999999993,579.3599999999993,577.4899999999993,579.2099999999994,385
2026-06-12T15:20:00+00:00,579.2099999999994,580.9599999999994,578.4599999999994,580.0099999999993,443
2026-06-12T15:25:00+00:00,580.0099999999993,580.5099999999993,578.3199999999993,578.3299999999994,353
2026-06-12T15:30:00+00:00,578.3299999999994,578.6899999999993,576.0599999999993,576.4599999999994,333
2026-06-12T15:35:00+00:00,576.4599999999994,578.1199999999993,576.0299999999993,577.5699999999993,467
2026-06-12T15:40:00+00:00,577.5699999999993,578.1599999999993,576.9699999999993,577.3799999999993,367
2026-06-12T15:45:00+00:00,577.3799999999993,578.5499999999993,575.9899999999993,576.1499999999993,384
2026-06-12T15:50:00+00:00,576.1499999999993,577.4099999999993,575.6099999999993,576.7699999999993,344
2026-06-12T15:55:00+00:00,576.7699999999993,577.1399999999993,575.1799999999993,575.5099999999993,281
2026-06-12T16:00:00+00:00,575.5099999999993,576.0099999999993,574.3899999999993,575.6199999999993,430
2026-06-12T16:05:00+00:00,575.6199999999993,576.0799999999994,574.9899999999993,575.7199999999993,272
2026-06-12T16:10:00+00:00,575.7199999999993,578.0899999999993,575.2899999999993,577.4899999999993,406
2026-06-12T16:15:00+00:00,577.4899999999993,578.6399999999993,576.6399999999993,576.9899999999993,302
2026-06-12T16:20:00+00:00,576.9899999999993,577.8499999999993,576.5799999999994,577.7899999999993,245
2026-06-12T16:25:00+00:00,577.7899999999993,578.3599999999993,577.4899999999993,577.6299999999993,210
2026-06-12T16:30:00+00:00,577.6299999999993,577.8899999999993,576.7799999999993,577.7899999999993,247
2026-06-12T16:35:00+00:00,577.7899999999993,577.7899999999993,576.7099999999994,576.8699999999993,210
2026-06-12T16:40:00+00:00,576.8699999999993,577.8599999999993,576.4899999999993,576.6999999999994,232
2026-06-12T16:45:00+00:00,576.6999999999994,577.2599999999993,576.6999999999994,576.8799999999993,207
2026-06-12T16:50:00+00:00,576.8799999999993,577.3099999999993,576.6599999999993,576.6799999999993,249
2026-06-12T16:55:00+00:00,576.6799999999993,577.0699999999993,575.9299999999993,576.4999999999993,302
2026-06-12T17:00:00+00:00,576.4999999999993,577.9699999999993,576.4499999999994,577.8999999999993,274
2026-06-12T17:05:00+00:00,577.8999999999993,579.1599999999993,577.2899999999993,577.5999999999993,292
2026-06-12T17:10:00+00:00,577.5999999999993,577.5999999999993,574.7699999999993,575.1099999999993,300
2026-06-12T17:15:00+00:00,575.1099999999993,575.9299999999993,574.7699999999993,574.9899999999993,234
2026-06-12T17:20:00+00:00,574.9899999999993,575.2699999999993,573.9899999999993,574.0099999999993,250
2026-06-12T17:25:00+00:00,574.0099999999993,574.4499999999994,573.7599999999993,574.1199999999993,197
2026-06-12T17:30:00+00:00,574.1199999999993,574.1999999999994,573.5999999999993,573.5999999999993,197
2026-06-12T17:35:00+00:00,573.5999999999993,573.9099999999993,572.3099999999993,572.6899999999993,283
2026-06-12T17:40:00+00:00,572.6899999999993,573.0499999999993,572.3099999999993,572.4499999999994,256
2026-06-12T17:45:00+00:00,572.4499999999994,573.0799999999994,572.4499999999994,573.0199999999993,218
2026-06-12T17:50:00+00:00,573.0199999999993,573.2399999999993,572.4899999999993,572.5699999999993,158
2026-06-12T17:55:00+00:00,572.5699999999993,572.9299999999993,572.1399999999993,572.8699999999993,234
2026-06-12T18:00:00+00:00,572.8699999999993,573.5099999999993,572.4999999999993,572.6899999999993,209
2026-06-12T18:05:00+00:00,572.6899999999993,572.7999999999993,571.9899999999993,572.4999999999993,283
2026-06-12T18:10:00+00:00,572.4999999999993,573.1899999999993,572.2699999999993,572.4899999999993,225
2026-06-12T18:15:00+00:00,572.4899999999993,572.8799999999993,571.8599999999993,571.8999999999993,226
2026-06-12T18:20:00+00:00,571.8999999999993,571.9899999999993,571.3099999999993,571.6199999999993,218
2026-06-12T18:25:00+00:00,571.6199999999993,572.0599999999993,571.4899999999993,571.8599999999993,256
2026-06-12T18:30:00+00:00,571.8599999999993,572.5699999999993,571.6999999999994,572.5699999999993,255
2026-06-12T18:35:00+00:00,572.5699999999993,573.0299999999993,572.3199999999993,572.6899999999993,208
2026-06-12T18:40:00+00:00,572.6899999999993,573.7799999999993,572.6799999999993,573.6999999999994,273
2026-06-12T18:45:00+00:00,573.6999999999994,573.6999999999994,572.5099999999993,572.7099999999994,242
2026-06-12T18:50:00+00:00,572.7099999999994,572.8599999999993,572.2199999999993,572.8599999999993,237
2026-06-12T18:55:00+00:00,572.8599999999993,573.1299999999993,572.3199999999993,572.3999999999993,255
2026-06-12T19:00:00+00:00,572.3999999999993,573.3599999999993,572.2899999999993,573.3599999999993,244
2026-06-12T19:05:00+00:00,573.3599999999993,573.6299999999993,572.6099999999993,572.7699999999993,249
2026-06-12T19:10:00+00:00,572.7699999999993,573.0599999999993,572.5899999999993,572.6099999999993,215
2026-06-12T19:15:00+00:00,572.6099999999993,573.5699999999993,572.1399999999993,573.4899999999993,272
2026-06-12T19:20:00+00:00,573.4899999999993,573.9199999999993,573.2899999999993,573.6599999999993,223
2026-06-12T19:25:00+00:00,573.6599999999993,573.8799999999993,573.0699999999993,573.0699999999993,263
2026-06-12T19:30:00+00:00,573.0699999999993,573.1499999999993,570.8399999999993,570.8899999999993,317
2026-06-12T19:35:00+00:00,570.8899999999993,571.3799999999993,570.4899999999993,571.1099999999993,343
2026-06-12T19:40:00+00:00,571.1099999999993,571.2599999999993,570.6399999999993,570.7199999999993,257
2026-06-12T19:45:00+00:00,570.7199999999993,571.6999999999994,569.6399999999993,571.5799999999994,403
2026-06-12T19:50:00+00:00,571.5799999999994,572.3999999999993,570.8399999999993,572.3999999999993,525
2026-06-12T19:55:00+00:00,572.3999999999993,574.3399999999993,571.8099999999993,573.4099999999993,619
2026-06-15T13:30:00+00:00,573.4099999999993,594.4699999999993,573.4099999999993,594.0599999999993,1073
2026-06-15T13:35:00+00:00,594.0599999999993,594.9799999999993,592.4899999999993,592.6099999999993,769
2026-06-15T13:40:00+00:00,592.6099999999993,597.8799999999993,592.4799999999993,594.8699999999993,798
2026-06-15T13:45:00+00:00,594.8699999999993,596.7599999999993,593.0099999999993,595.9899999999993,633
2026-06-15T13:50:00+00:00,595.9899999999993,596.3199999999993,593.8199999999993,594.6499999999993,532
2026-06-15T13:55:00+00:00,594.6499999999993,598.6499999999993,594.4999999999993,598.0999999999993,492
2026-06-15T14:00:00+00:00,598.0999999999993,600.1499999999993,598.0899999999993,598.4299999999993,506
2026-06-15T14:05:00+00:00,598.4299999999993,599.7999999999993,598.0599999999993,599.0099999999993,377
2026-06-15T14:10:00+00:00,599.0099999999993,599.9399999999993,598.2899999999993,598.6999999999994,383
2026-06-15T14:15:00+00:00,598.6999999999994,598.7199999999993,597.1299999999993,598.2699999999993,401
2026-06-15T14:20:00+00:00,598.2699999999993,598.3099999999993,596.5399999999993,596.7999999999993,331
2026-06-15T14:25:00+00:00,596.7999999999993,597.5999999999993,594.9899999999993,596.7499999999993,397
2026-06-15T14:30:00+00:00,596.7499999999993,598.7499999999993,596.5099999999993,597.5099999999993,365
2026-06-15T14:35:00+00:00,597.5099999999993,599.5399999999993,597.4299999999993,599.3899999999993,312
2026-06-15T14:40:00+00:00,599.3899999999993,599.7399999999993,598.4899999999993,599.0199999999993,327
2026-06-15T14:45:00+00:00,599.0199999999993,601.0099999999993,598.9899999999993,599.3899999999993,403
2026-06-15T14:50:00+00:00,599.3899999999993,600.0899999999993,599.2799999999993,599.9999999999993,348
2026-06-15T14:55:00+00:00,599.9999999999993,600.7599999999993,599.4999999999993,600.6199999999993,350
2026-06-15T15:00:00+00:00,600.6199999999993,601.0299999999993,599.9099999999993,600.4699999999993,331
2026-06-15T15:05:00+00:00,600.4699999999993,602.7899999999993,600.3099999999993,601.8099999999993,453
2026-06-15T15:10:00+00:00,601.8099999999993,602.3799999999993,601.6099999999993,601.9599999999994,416
2026-06-15T15:15:00+00:00,601.9599999999994,602.4099999999993,601.5099999999993,601.7399999999993,296
2026-06-15T15:20:00+00:00,601.7399999999993,602.1899999999993,601.4699999999993,601.7599999999993,301
2026-06-15T15:25:00+00:00,601.7599999999993,604.0699999999993,601.6799999999993,603.1799999999993,382
2026-06-15T15:30:00+00:00,603.1799999999993,604.7599999999993,602.3899999999993,604.1999999999994,392
2026-06-15T15:35:00+00:00,604.1999999999994,604.6499999999993,603.7699999999993,604.5299999999993,297
2026-06-15T15:40:00+00:00,604.5299999999993,605.7099999999994,603.6899999999993,605.5899999999993,361
2026-06-15T15:45:00+00:00,605.5899999999993,606.6199999999993,605.5799999999994,606.4899999999993,382
2026-06-15T15:50:00+00:00,606.4899999999993,607.0699999999993,606.3899999999993,606.6399999999993,324
2026-06-15T15:55:00+00:00,606.6399999999993,606.8799999999993,605.6899999999993,606.1999999999994,328
2026-06-15T16:00:00+00:00,606.1999999999994,606.7299999999993,605.7799999999993,606.1499999999993,331
2026-06-15T16:05:00+00:00,606.1499999999993,606.4199999999993,605.7199999999993,605.8899999999993,262
2026-06-15T16:10:00+00:00,605.8899999999993,606.6099999999993,605.8899999999993,606.3899999999993,252
2026-06-15T16:15:00+00:00,606.3899999999993,607.1399999999993,606.2899999999993,606.5399999999993,288
2026-06-15T16:20:00+00:00,606.5399999999993,607.6699999999993,606.0699999999993,606.4999999999993,330
2026-06-15T16:25:00+00:00,606.4999999999993,606.5499999999993,605.0099999999993,605.3599999999993,278
2026-06-15T16:30:00+00:00,605.3599999999993,605.4299999999993,604.2899999999993,604.3099999999993,307
2026-06-15T16:35:00+00:00,604.3099999999993,604.4399999999993,603.0699999999993,603.5099999999993,285
2026-06-15T16:40:00+00:00,603.5099999999993,604.0399999999993,602.5299999999993,602.8399999999993,231
2026-06-15T16:45:00+00:00,602.8399999999993,603.1499999999993,602.4899999999993,602.6699999999993,319
2026-06-15T16:50:00+00:00,602.6699999999993,603.9599999999994,602.6099999999993,603.1999999999994,269
2026-06-15T16:55:00+00:00,603.1999999999994,603.5799999999994,602.4999999999993,603.2499999999993,277
2026-06-15T17:00:00+00:00,603.2499999999993,603.6499999999993,602.4899999999993,603.5099999999993,310
2026-06-15T17:05:00+00:00,603.5099999999993,603.5099999999993,602.3899999999993,602.7199999999993,244
2026-06-15T17:10:00+00:00,602.7199999999993,602.7399999999993,602.0199999999993,602.4999999999993,184
2026-06-15T17:15:00+00:00,602.4999999999993,603.2099999999994,602.2999999999993,602.5899999999993,201
2026-06-15T17:20:00+00:00,602.5899999999993,602.6499999999993,602.0999999999993,602.5699999999993,190
2026-06-15T17:25:00+00:00,602.5699999999993,602.9699999999993,601.1899999999993,601.1899999999993,245
2026-06-15T17:30:00+00:00,601.1899999999993,601.5899999999993,600.6999999999994,601.3399999999993,255
2026-06-15T17:35:00+00:00,601.3399999999993,603.1299999999993,601.3199999999993,602.6599999999993,267
2026-06-15T17:40:00+00:00,602.6599999999993,602.7499999999993,601.9499999999994,602.1199999999993,273
2026-06-15T17:45:00+00:00,602.1199999999993,602.5399999999993,601.9999999999993,601.9999999999993,186
2026-06-15T17:50:00+00:00,601.9999999999993,602.2899999999993,601.5399999999993,602.1799999999993,214
2026-06-15T17:55:00+00:00,602.1799999999993,602.1799999999993,601.5399999999993,601.5999999999993,195
2026-06-15T18:00:00+00:00,601.5999999999993,601.8699999999993,600.9899999999993,601.1499999999993,244
2026-06-15T18:05:00+00:00,601.1499999999993,601.3899999999993,600.8899999999993,601.0599999999993,173
2026-06-15T18:10:00+00:00,601.0599999999993,601.7499999999993,601.0499999999993,601.6699999999993,214
2026-06-15T18:15:00+00:00,601.6699999999993,602.1699999999993,601.2399999999993,601.9799999999993,284
2026-06-15T18:20:00+00:00,601.9799999999993,602.1199999999993,601.4899999999993,601.8499999999993,248
2026-06-15T18:25:00+00:00,601.8499999999993,602.4499999999994,601.7999999999993,601.8099999999993,251
2026-06-15T18:30:00+00:00,601.8099999999993,601.9599999999994,601.1899999999993,601.2399999999993,223
2026-06-15T18:35:00+00:00,601.2399999999993,601.3099999999993,600.5499999999993,601.0299999999993,218
2026-06-15T18:40:00+00:00,601.0299999999993,601.3699999999993,600.5099999999993,600.8699999999993,253
2026-06-15T18:45:00+00:00,600.8699999999993,601.2799999999993,600.7399999999993,600.9899999999993,223
2026-06-15T18:50:00+00:00,600.9899999999993,601.3899999999993,600.9799999999993,601.0899999999993,244
2026-06-15T18:55:00+00:00,601.0899999999993,601.4799999999993,600.7999999999993,601.0199999999993,225
2026-06-15T19:00:00+00:00,601.0199999999993,601.0499999999993,600.4999999999993,600.4999999999993,316
2026-06-15T19:05:00+00:00,600.4999999999993,601.0799999999994,599.8999999999993,600.0399999999993,275
2026-06-15T19:10:00+00:00,600.0399999999993,600.3899999999993,599.4099999999993,599.5199999999993,279
2026-06-15T19:15:00+00:00,599.5199999999993,599.8599999999993,598.5399999999993,598.7499999999993,244
2026-06-15T19:20:00+00:00,598.7499999999993,599.0299999999993,598.5399999999993,598.6199999999993,288
2026-06-15T19:25:00+00:00,598.6199999999993,598.6699999999993,597.5999999999993,597.6499999999993,287
2026-06-15T19:30:00+00:00,597.6499999999993,598.1399999999993,597.3899999999993,597.6199999999993,420
2026-06-15T19:35:00+00:00,597.6199999999993,598.5499999999993,597.0799999999994,598.3299999999994,400
2026-06-15T19:40:00+00:00,598.3299999999994,599.0499999999993,598.1899999999993,598.5599999999993,307
2026-06-15T19:45:00+00:00,598.5599999999993,600.3899999999993,598.4899999999993,599.2099999999994,387
2026-06-15T19:50:00+00:00,599.2099999999994,599.3599999999993,597.6499999999993,597.6999999999994,493
2026-06-15T19:55:00+00:00,597.6999999999994,600.1399999999993,597.6999999999994,599.6499999999993,963
2026-06-16T13:30:00+00:00,599.6499999999993,606.2499999999993,598.7399999999993,603.1899999999993,534
2026-06-16T13:35:00+00:00,603.1899999999993,605.1799999999993,602.4899999999993,603.0799999999994,554
2026-06-16T13:40:00+00:00,603.0799999999994,608.2099999999994,603.0799999999994,606.3999999999993,603
2026-06-16T13:45:00+00:00,606.3999999999993,612.1199999999993,606.1099999999993,609.7799999999993,694
2026-06-16T13:50:00+00:00,609.7799999999993,610.7399999999993,607.7199999999993,608.2299999999993,552
2026-06-16T13:55:00+00:00,608.2299999999993,610.8699999999993,608.2199999999993,608.5999999999993,574
2026-06-16T14:00:00+00:00,608.5999999999993,610.4599999999994,608.0199999999993,609.4699999999993,501
2026-06-16T14:05:00+00:00,609.4699999999993,611.8799999999993,608.0299999999993,611.6599999999993,485
2026-06-16T14:10:00+00:00,611.6599999999993,611.7599999999993,605.5199999999993,605.5399999999993,467
2026-06-16T14:15:00+00:00,605.5399999999993,606.2399999999993,603.4899999999993,604.1199999999993,425
2026-06-16T14:20:00+00:00,604.1199999999993,604.3299999999994,601.4999999999993,601.6799999999993,511
2026-06-16T14:25:00+00:00,601.6799999999993,602.2699999999993,599.8399999999993,599.8599999999993,357
2026-06-16T14:30:00+00:00,599.8599999999993,600.1899999999993,598.4299999999993,598.9899999999993,444
2026-06-16T14:35:00+00:00,598.9899999999993,600.0299999999993,598.7399999999993,599.8499999999993,295
2026-06-16T14:40:00+00:00,599.8499999999993,600.2099999999994,599.0199999999993,599.0299999999993,302
2026-06-16T14:45:00+00:00,599.0299999999993,601.1499999999993,598.7699999999993,601.0899999999993,320
2026-06-16T14:50:00+00:00,601.0899999999993,603.7299999999993,600.8399999999993,601.6199999999993,357
2026-06-16T14:55:00+00:00,601.6199999999993,602.6499999999993,601.4899999999993,602.3399999999993,255
2026-06-16T15:00:00+00:00,602.3399999999993,604.2599999999993,602.2599999999993,603.2699999999993,315
2026-06-16T15:05:00+00:00,603.2699999999993,604.6499999999993,602.7899999999993,603.8699999999993,286
2026-06-16T15:10:00+00:00,603.8699999999993,604.5199999999993,603.4999999999993,603.9499999999994,215
2026-06-16T15:15:00+00:00,603.9499999999994,604.5299999999993,603.7899999999993,604.2799999999993,214
2026-06-16T15:20:00+00:00,604.2799999999993,604.7099999999994,603.6099999999993,604.1299999999993,214
2026-06-16T15:25:00+00:00,604.1299999999993,605.1599999999993,603.0699999999993,603.1299999999993,241
2026-06-16T15:30:00+00:00,603.1299999999993,603.4099999999993,601.7599999999993,602.1999999999994,278
2026-06-16T15:35:00+00:00,602.1999999999994,602.9399999999993,602.0299999999993,602.6099999999993,280
2026-06-16T15:40:00+00:00,602.6099999999993,602.9499999999994,600.9999999999993,601.5999999999993,228
2026-06-16T15:45:00+00:00,601.5999999999993,602.0999999999993,600.8699999999993,602.0399999999993,321
2026-06-16T15:50:00+00:00,602.0399999999993,602.3599999999993,601.1899999999993,601.6599999999993,168
2026-06-16T15:55:00+00:00,601.6599999999993,601.9299999999993,601.3899999999993,601.4899999999993,180
2026-06-16T16:00:00+00:00,601.4899999999993,602.3199999999993,601.3199999999993,601.8699999999993,226
2026-06-16T16:05:00+00:00,601.8699999999993,602.0299999999993,601.2699999999993,601.5399999999993,146
2026-06-16T16:10:00+00:00,601.5399999999993,602.3199999999993,601.0199999999993,602.2099999999994,157
2026-06-16T16:15:00+00:00,602.2099999999994,603.0999999999993,602.1899999999993,602.3199999999993,187
2026-06-16T16:20:00+00:00,602.3199999999993,602.6699999999993,602.0299999999993,602.3699999999993,183
2026-06-16T16:25:00+00:00,602.3699999999993,602.9899999999993,601.9899999999993,602.7199999999993,162
2026-06-16T16:30:00+00:00,602.7199999999993,603.3799999999993,602.5099999999993,602.6099999999993,209
2026-06-16T16:35:00+00:00,602.6099999999993,603.9999999999993,602.6099999999993,603.9499999999994,209
2026-06-16T16:40:00+00:00,603.9499999999994,604.0799999999994,602.7899999999993,603.2199999999993,175
2026-06-16T16:45:00+00:00,603.2199999999993,603.5799999999994,602.6599999999993,602.6999999999994,177
2026-06-16T16:50:00+00:00,602.6999999999994,603.1199999999993,602.1099999999993,602.8699999999993,190
2026-06-16T16:55:00+00:00,602.8699999999993,604.0799999999994,602.7799999999993,603.5999999999993,174
2026-06-16T17:00:00+00:00,603.5999999999993,604.0799999999994,602.8399999999993,603.2999999999993,200
2026-06-16T17:05:00+00:00,603.2999999999993,603.9099999999993,602.7899999999993,603.0799999999994,185
2026-06-16T17:10:00+00:00,603.0799999999994,603.4599999999994,602.5999999999993,602.6299999999993,148
2026-06-16T17:15:00+00:00,602.6299999999993,603.0999999999993,602.4999999999993,602.6099999999993,122
2026-06-16T17:20:00+00:00,602.6099999999993,602.9699999999993,602.2899999999993,602.7799999999993,218
2026-06-16T17:25:00+00:00,602.7799999999993,603.0799999999994,602.4899999999993,602.6199999999993,187
2026-06-16T17:30:00+00:00,602.6199999999993,602.9999999999993,602.0399999999993,602.2199999999993,154
2026-06-16T17:35:00+00:00,602.2199999999993,602.5799999999994,602.0499999999993,602.1399999999993,182
2026-06-16T17:40:00+00:00,602.1399999999993,602.5599999999993,601.5699999999993,601.5799999999994,300
2026-06-16T17:45:00+00:00,601.5799999999994,602.2699999999993,601.5699999999993,602.1699999999993,185
2026-06-16T17:50:00+00:00,602.1699999999993,602.5299999999993,601.8899999999993,602.3299999999994,157
2026-06-16T17:55:00+00:00,602.3299999999994,602.5899999999993,602.1399999999993,602.3199999999993,139
2026-06-16T18:00:00+00:00,602.3199999999993,603.1399999999993,602.2499999999993,602.7699999999993,150
2026-06-16T18:05:00+00:00,602.7699999999993,603.2099999999994,602.5299999999993,602.5399999999993,173
2026-06-16T18:10:00+00:00,602.5399999999993,603.5399999999993,602.2699999999993,603.4799999999993,150
2026-06-16T18:15:00+00:00,603.4799999999993,604.1999999999994,603.2599999999993,603.9399999999993,173
2026-06-16T18:20:00+00:00,603.9399999999993,605.0699999999993,603.8199999999993,604.8499999999993,169
2026-06-16T18:25:00+00:00,604.8499999999993,604.9399999999993,604.4299999999993,604.5599999999993,128
2026-06-16T18:30:00+00:00,604.5599999999993,604.9799999999993,604.5399999999993,604.5399999999993,158
2026-06-16T18:35:00+00:00,604.5399999999993,605.6399999999993,604.5299999999993,605.6099999999993,208
2026-06-16T18:40:00+00:00,605.6099999999993,606.1099999999993,605.2899999999993,605.4899999999993,177
2026-06-16T18:45:00+00:00,605.4899999999993,605.8999999999993,605.2899999999993,605.3299999999994,151
2026-06-16T18:50:00+00:00,605.3299999999994,606.5199999999993,605.3099999999993,606.3499999999993,191
2026-06-16T18:55:00+00:00,606.3499999999993,606.6199999999993,605.7699999999993,605.9699999999993,275
2026-06-16T19:00:00+00:00,605.9699999999993,606.4099999999993,604.8199999999993,605.1299999999993,231
2026-06-16T19:05:00+00:00,605.1299999999993,606.0399999999993,604.8199999999993,605.4199999999993,231
2026-06-16T19:10:00+00:00,605.4199999999993,606.1999999999994,605.1799999999993,606.0099999999993,375
2026-06-16T19:15:00+00:00,606.0099999999993,606.2999999999993,604.5999999999993,605.2599999999993,404
2026-06-16T19:20:00+00:00,605.2599999999993,606.0799999999994,604.9899999999993,605.7099999999994,240
2026-06-16T19:25:00+00:00,605.7099999999994,606.2699999999993,605.1799999999993,605.1999999999994,274
2026-06-16T19:30:00+00:00,605.1999999999994,605.6799999999993,604.4999999999993,604.4999999999993,234
2026-06-16T19:35:00+00:00,604.4999999999993,604.7299999999993,603.5999999999993,604.5699999999993,261
2026-06-16T19:40:00+00:00,604.5699999999993,604.9599999999994,603.2099999999994,603.7799999999993,287
2026-06-16T19:45:00+00:00,603.7799999999993,604.6299999999993,603.3699999999993,604.1899999999993,355
2026-06-16T19:50:00+00:00,604.1899999999993,605.7199999999993,603.8099999999993,604.7799999999993,550
2026-06-16T19:55:00+00:00,604.7799999999993,607.6399999999993,604.7699999999993,606.4899999999993,1156
2026-06-17T13:30:00+00:00,606.4899999999993,606.4899999999993,593.5899999999993,595.5899999999993,1173
2026-06-17T13:35:00+00:00,595.5899999999993,597.7199999999993,593.5999999999993,593.6999999999994,1167
2026-06-17T13:40:00+00:00,593.6999999999994,594.3099999999993,592.1399999999993,592.5199999999993,524
2026-06-17T13:45:00+00:00,592.5199999999993,593.8299999999994,591.2899999999993,593.5499999999993,433
2026-06-17T13:50:00+00:00,593.5499999999993,593.7999999999993,591.2899999999993,591.7899999999993,797
2026-06-17T13:55:00+00:00,591.7899999999993,593.3199999999993,591.1899999999993,591.3999999999993,1056
2026-06-17T14:00:00+00:00,591.3999999999993,592.1499999999993,590.3699999999993,591.6099999999993,1022
2026-06-17T14:05:00+00:00,591.6099999999993,592.7699999999993,590.7599999999993,592.2999999999993,1176
2026-06-17T14:10:00+00:00,592.2999999999993,593.0999999999993,591.5799999999994,592.6099999999993,910
2026-06-17T14:15:00+00:00,592.6099999999993,593.2899999999993,592.0399999999993,592.7299999999993,753
2026-06-17T14:20:00+00:00,592.7299999999993,593.6899999999993,592.2599999999993,592.3599999999993,815
2026-06-17T14:25:00+00:00,592.3599999999993,592.3799999999993,591.2399999999993,591.4999999999993,798
2026-06-17T14:30:00+00:00,591.4999999999993,592.0499999999993,589.5499999999993,589.8199999999993,568
2026-06-17T14:35:00+00:00,589.8199999999993,589.8199999999993,588.6099999999993,589.2999999999993,818
2026-06-17T14:40:00+00:00,589.2999999999993,589.5099999999993,588.5899999999993,589.1299999999993,749
2026-06-17T14:45:00+00:00,589.1299999999993,589.7099999999994,587.5299999999993,588.6499999999993,995
2026-06-17T14:50:00+00:00,588.6499999999993,589.2899999999993,588.0899999999993,588.8499999999993,827
2026-06-17T14:55:00+00:00,588.8499999999993,588.8899999999993,587.4399999999993,588.4599999999994,647.5812283308569
2026-06-17T15:00:00+00:00,588.4599999999994,588.7699999999993,587.4699999999993,587.4899999999993,664
2026-06-17T15:05:00+00:00,587.4899999999993,587.6699999999994,586.0499999999994,586.0799999999994,772
2026-06-17T15:10:00+00:00,586.0799999999994,587.4799999999993,586.0599999999994,587.4599999999994,649
2026-06-17T15:15:00+00:00,587.4599999999994,588.1399999999993,587.0699999999994,587.6999999999994,626
2026-06-17T15:20:00+00:00,587.6999999999994,588.0599999999994,587.4099999999994,587.5199999999993,571
2026-06-17T15:25:00+00:00,587.5199999999993,587.5199999999993,586.5999999999993,586.9899999999993,384
2026-06-17T15:30:00+00:00,586.9899999999993,587.7399999999993,586.6499999999993,587.4499999999994,206
2026-06-17T15:35:00+00:00,587.4499999999994,587.7699999999993,586.6999999999994,587.0199999999993,248
2026-06-17T15:40:00+00:00,587.0199999999993,587.7299999999993,586.8499999999993,587.1399999999993,207
2026-06-17T15:45:00+00:00,587.1399999999993,587.6399999999993,587.0299999999993,587.2499999999993,284
2026-06-17T15:50:00+00:00,587.2499999999993,587.6899999999994,586.6099999999993,586.7499999999993,234
2026-06-17T15:55:00+00:00,586.7499999999993,587.0799999999994,586.5599999999994,587.0799999999994,225
2026-06-17T16:00:00+00:00,587.0799999999994,587.3199999999994,586.7499999999993,587.2499999999993,235
2026-06-17T16:05:00+00:00,587.2499999999993,587.4799999999993,586.5599999999994,586.7899999999994,241
2026-06-17T16:10:00+00:00,586.7899999999994,587.0799999999994,586.1099999999993,586.6499999999993,295
2026-06-17T16:15:00+00:00,586.6499999999993,587.2999999999994,586.3799999999993,586.9499999999994,205
2026-06-17T16:20:00+00:00,586.9499999999994,587.8399999999993,586.9499999999994,587.0199999999993,334
2026-06-17T16:25:00+00:00,587.0199999999993,587.1699999999994,586.5099999999993,586.6999999999994,212
2026-06-17T16:30:00+00:00,586.6999999999994,586.9999999999993,585.2999999999994,585.3099999999994,336
2026-06-17T16:35:00+00:00,585.3099999999994,585.8899999999993,584.9999999999993,585.2599999999993,257
2026-06-17T16:40:00+00:00,585.2599999999993,585.3199999999994,584.5499999999994,584.8299999999994,278
2026-06-17T16:45:00+00:00,584.8299999999994,584.9199999999994,583.8499999999993,584.1499999999993,331
2026-06-17T16:50:00+00:00,584.1499999999993,584.3599999999993,583.9499999999994,584.1099999999993,184
2026-06-17T16:55:00+00:00,584.1099999999993,585.1199999999993,583.8899999999993,584.5999999999993,336
2026-06-17T17:00:00+00:00,584.5999999999993,584.6699999999994,583.9099999999994,583.9699999999993,294
2026-06-17T17:05:00+00:00,583.9699999999993,584.3799999999993,583.2099999999994,584.1099999999993,254
2026-06-17T17:10:00+00:00,584.1099999999993,584.9099999999994,584.0499999999994,584.2599999999993,259
2026-06-17T17:15:00+00:00,584.2599999999993,585.1099999999993,583.9499999999994,585.0899999999993,301
2026-06-17T17:20:00+00:00,585.0899999999993,585.1099999999993,584.5799999999994,584.7399999999993,228
2026-06-17T17:25:00+00:00,584.7399999999993,585.9199999999994,584.3299999999994,585.8899999999993,267
2026-06-17T17:30:00+00:00,585.8899999999993,586.0499999999994,585.5099999999993,585.9799999999993,204
2026-06-17T17:35:00+00:00,585.9799999999993,587.1499999999993,585.9799999999993,586.7699999999993,257
2026-06-17T17:40:00+00:00,586.7699999999993,587.1099999999993,586.0899999999993,586.0899999999993,214
2026-06-17T17:45:00+00:00,586.0899999999993,586.3299999999994,585.6099999999993,585.8999999999993,206
2026-06-17T17:50:00+00:00,585.8999999999993,587.2099999999994,585.6899999999994,587.0499999999994,253
2026-06-17T17:55:00+00:00,587.0499999999994,587.0699999999994,586.4799999999993,586.5599999999994,238
2026-06-17T18:00:00+00:00,586.5599999999994,586.7099999999994,582.9499999999994,583.0099999999993,619
2026-06-17T18:05:00+00:00,583.0099999999993,583.0099999999993,581.2799999999993,582.5799999999994,752
2026-06-17T18:10:00+00:00,582.5799999999994,583.8199999999994,582.4499999999994,583.1699999999994,450
2026-06-17T18:15:00+00:00,583.1699999999994,584.4199999999994,583.1499999999993,584.1999999999994,344
2026-06-17T18:20:00+00:00,584.1999999999994,584.2199999999993,581.8699999999993,582.1099999999993,366
2026-06-17T18:25:00+00:00,582.1099999999993,582.2499999999993,581.0299999999993,582.1099999999993,484
2026-06-17T18:30:00+00:00,582.1099999999993,582.2699999999993,580.0099999999993,580.0299999999993,574
2026-06-17T18:35:00+00:00,580.0299999999993,581.4599999999994,579.2499999999993,580.6699999999994,515
2026-06-17T18:40:00+00:00,580.6699999999994,582.1199999999993,580.5199999999993,581.7599999999993,454
2026-06-17T18:45:00+00:00,581.7599999999993,582.0499999999994,580.9499999999994,580.9499999999994,393
2026-06-17T18:50:00+00:00,580.9499999999994,581.6599999999994,580.3499999999993,580.8099999999994,386
2026-06-17T18:55:00+00:00,580.8099999999994,580.8399999999993,578.7299999999993,578.9899999999993,506
2026-06-17T19:00:00+00:00,578.9899999999993,580.1199999999993,578.9499999999994,579.3499999999993,484
2026-06-17T19:05:00+00:00,579.3499999999993,579.6299999999993,577.8899999999993,577.9499999999994,530
2026-06-17T19:10:00+00:00,577.9499999999994,578.7699999999993,576.8199999999994,578.7299999999993,554
2026-06-17T19:15:00+00:00,578.7299999999993,579.2699999999993,577.3899999999993,577.4599999999994,418
2026-06-17T19:20:00+00:00,577.4599999999994,577.8699999999993,576.2899999999994,577.2999999999994,538
2026-06-17T19:25:00+00:00,577.2999999999994,578.1999999999994,575.9999999999993,576.1899999999994,453
2026-06-17T19:30:00+00:00,576.1899999999994,576.9699999999993,575.7899999999994,576.5799999999994,567
2026-06-17T19:35:00+00:00,576.5799999999994,577.2099999999994,575.3499999999993,575.6699999999994,577
2026-06-17T19:40:00+00:00,575.6699999999994,576.5199999999993,574.9799999999993,574.9999999999993,527
2026-06-17T19:45:00+00:00,574.9999999999993,576.7399999999993,574.4999999999993,575.5199999999993,597
2026-06-17T19:50:00+00:00,575.5199999999993,576.4299999999994,572.9499999999994,573.2299999999993,783
2026-06-17T19:55:00+00:00,573.2299999999993,575.1399999999993,572.9399999999994,573.9799999999993,1246
2026-06-18T13:30:00+00:00,573.9799999999993,582.7299999999993,573.9799999999993,576.4599999999994,1494
2026-06-18T13:35:00+00:00,576.4599999999994,577.4699999999993,573.7699999999993,573.9599999999994,1297
2026-06-18T13:40:00+00:00,573.9599999999994,574.1699999999994,569.9799999999993,569.9799999999993,1381
2026-06-18T13:45:00+00:00,569.9799999999993,573.4099999999994,569.9799999999993,571.7399999999993,1241
2026-06-18T13:50:00+00:00,571.7399999999993,573.7499999999993,571.1499999999993,571.5999999999993,1403
2026-06-18T13:55:00+00:00,571.5999999999993,572.2599999999993,569.5499999999994,572.2199999999993,1230
2026-06-18T14:00:00+00:00,572.2199999999993,577.5599999999994,572.0499999999994,577.1599999999994,1139
2026-06-18T14:05:00+00:00,577.1599999999994,579.2199999999993,577.0999999999993,578.5199999999993,1208
2026-06-18T14:10:00+00:00,578.5199999999993,579.1199999999993,576.6999999999994,576.9799999999993,1065
2026-06-18T14:15:00+00:00,576.9799999999993,579.6699999999994,576.7299999999993,578.4599999999994,1080
2026-06-18T14:20:00+00:00,578.4599999999994,579.5699999999994,577.9899999999993,578.5499999999994,1020
2026-06-18T14:25:00+00:00,578.5499999999994,578.8799999999993,576.1499999999993,576.2899999999994,975
2026-06-18T14:30:00+00:00,576.2899999999994,578.3599999999993,576.0599999999994,577.7999999999994,884
2026-06-18T14:35:00+00:00,577.7999999999994,577.9399999999994,576.1399999999993,576.8199999999994,860
2026-06-18T14:40:00+00:00,576.8199999999994,577.0599999999994,575.7499999999993,576.2099999999994,677
2026-06-18T14:45:00+00:00,576.2099999999994,577.7599999999993,576.1099999999993,577.1799999999994,619
2026-06-18T14:50:00+00:00,577.1799999999994,577.5099999999993,575.3499999999993,577.5099999999993,695
2026-06-18T14:55:00+00:00,577.5099999999993,578.8399999999992,577.2399999999993,578.1499999999993,612.2089277496549
2026-06-18T15:00:00+00:00,578.1499999999993,579.2699999999993,577.0999999999992,578.5799999999992,656
2026-06-18T15:05:00+00:00,578.5799999999992,579.7599999999992,578.3299999999992,578.7199999999992,548
2026-06-18T15:10:00+00:00,578.7199999999992,579.1299999999992,577.7599999999992,577.9799999999992,530
2026-06-18T15:15:00+00:00,577.9799999999992,578.3899999999992,577.2499999999992,577.9499999999992,499
2026-06-18T15:20:00+00:00,577.9499999999992,578.1699999999993,577.5599999999993,577.9099999999993,598
2026-06-18T15:25:00+00:00,577.9099999999993,579.7899999999993,577.8299999999992,579.5799999999992,582
2026-06-18T15:30:00+00:00,579.5799999999992,580.6499999999993,579.0599999999993,579.5199999999993,575
2026-06-18T15:35:00+00:00,579.5199999999993,580.3199999999993,579.1599999999993,580.2799999999993,625
2026-06-18T15:40:00+00:00,580.2799999999993,580.6099999999992,579.8599999999992,580.3299999999992,613
2026-06-18T15:45:00+00:00,580.3299999999992,581.4699999999992,579.8899999999992,581.4599999999992,560
2026-06-18T15:50:00+00:00,581.4599999999992,584.5099999999992,581.2599999999992,583.8399999999992,586
2026-06-18T15:55:00+00:00,583.8399999999992,585.0999999999992,583.0499999999993,583.3599999999992,712
2026-06-18T16:00:00+00:00,583.3599999999992,583.7599999999992,581.2799999999993,581.7599999999992,665
2026-06-18T16:05:00+00:00,581.7599999999992,582.8499999999992,581.3499999999992,581.3499999999992,588
2026-06-18T16:10:00+00:00,581.3499999999992,582.2599999999992,580.8199999999993,582.0199999999993,601
2026-06-18T16:15:00+00:00,582.0199999999993,583.0899999999992,581.5699999999993,582.6899999999993,425
2026-06-18T16:20:00+00:00,582.6899999999993,583.3399999999992,582.3499999999992,582.6899999999993,536
2026-06-18T16:25:00+00:00,582.6899999999993,583.0799999999992,582.0599999999993,582.4399999999993,367
2026-06-18T16:30:00+00:00,582.4399999999993,582.7999999999993,582.0599999999993,582.7299999999992,401
2026-06-18T16:35:00+00:00,582.7299999999992,584.2499999999992,582.6499999999993,584.0299999999993,474
2026-06-18T16:40:00+00:00,584.0299999999993,584.4299999999993,583.0899999999992,583.3699999999992,388
2026-06-18T16:45:00+00:00,583.3699999999992,583.7799999999993,583.1199999999992,583.3499999999992,306
2026-06-18T16:50:00+00:00,583.3499999999992,583.8299999999992,583.1799999999993,583.6899999999993,328
2026-06-18T16:55:00+00:00,583.6899999999993,584.0899999999992,583.3999999999993,583.7199999999992,300
2026-06-18T17:00:00+00:00,583.7199999999992,584.9199999999993,583.3999999999993,584.5999999999992,329
2026-06-18T17:05:00+00:00,584.5999999999992,585.0899999999992,584.2899999999993,584.4699999999992,369
2026-06-18T17:10:00+00:00,584.4699999999992,584.7299999999992,583.5699999999993,583.8799999999992,333
2026-06-18T17:15:00+00:00,583.8799999999992,584.5499999999993,583.8599999999992,584.4799999999992,309
2026-06-18T17:20:00+00:00,584.4799999999992,584.8499999999992,584.1099999999992,584.2399999999992,352
2026-06-18T17:25:00+00:00,584.2399999999992,584.6399999999992,583.9899999999992,584.3799999999992,355
2026-06-18T17:30:00+00:00,584.3799999999992,585.3199999999993,584.1699999999993,584.6599999999993,365
2026-06-18T17:35:00+00:00,584.6599999999993,584.7199999999992,583.4099999999993,583.4199999999993,395
2026-06-18T17:40:00+00:00,583.4199999999993,583.7299999999992,582.6499999999993,583.4399999999993,390
2026-06-18T17:45:00+00:00,583.4399999999993,583.8299999999992,583.3499999999992,583.6799999999993,279
2026-06-18T17:50:00+00:00,583.6799999999993,583.7999999999993,582.8699999999992,582.8699999999992,293
2026-06-18T17:55:00+00:00,582.8699999999992,583.3099999999993,582.6499999999993,582.8699999999992,359
2026-06-18T18:00:00+00:00,582.8699999999992,582.8699999999992,581.6099999999992,582.1199999999992,467
2026-06-18T18:05:00+00:00,582.1199999999992,582.1699999999993,581.0999999999992,581.4799999999992,391
2026-06-18T18:10:00+00:00,581.4799999999992,582.0399999999993,581.0899999999992,581.1199999999992,342
2026-06-18T18:15:00+00:00,581.1199999999992,581.1199999999992,580.3099999999993,580.3999999999993,366
2026-06-18T18:20:00+00:00,580.3999999999993,580.8999999999993,579.8699999999992,580.7999999999993,321
2026-06-18T18:25:00+00:00,580.7999999999993,580.8599999999992,579.9199999999993,579.9599999999992,386
2026-06-18T18:30:00+00:00,579.9599999999992,581.1799999999993,579.6499999999993,580.8599999999992,362
2026-06-18T18:35:00+00:00,580.8599999999992,581.1699999999993,580.7099999999992,581.0099999999992,286
2026-06-18T18:40:00+00:00,581.0099999999992,582.1599999999993,580.7099999999992,582.1499999999993,280
2026-06-18T18:45:00+00:00,582.1499999999993,582.9699999999992,582.0799999999992,582.7199999999992,336
2026-06-18T18:50:00+00:00,582.7199999999992,583.0199999999993,582.2199999999992,582.7099999999992,310
2026-06-18T18:55:00+00:00,582.7099999999992,582.8399999999992,582.3499999999992,582.6899999999993,354
2026-06-18T19:00:00+00:00,582.6899999999993,582.8199999999993,580.8799999999992,580.9399999999993,383
2026-06-18T19:05:00+00:00,580.9399999999993,581.3699999999992,580.8799999999992,580.9099999999993,276
2026-06-18T19:10:00+00:00,580.9099999999993,580.9699999999992,580.1699999999993,580.3499999999992,404
2026-06-18T19:15:00+00:00,580.3499999999992,580.5299999999993,579.5699999999993,580.2899999999993,368
2026-06-18T19:20:00+00:00,580.2899999999993,580.5699999999993,579.9299999999993,580.5299999999993,314
2026-06-18T19:25:00+00:00,580.5299999999993,581.6999999999992,580.4599999999992,581.2199999999992,458
2026-06-18T19:30:00+00:00,581.2199999999992,581.2999999999993,580.0699999999993,580.2499999999992,328
2026-06-18T19:35:00+00:00,580.2499999999992,580.8599999999992,580.2299999999992,580.5699999999993,414
2026-06-18T19:40:00+00:00,580.5699999999993,581.3499999999992,579.8599999999992,581.1999999999992,422
2026-06-18T19:45:00+00:00,581.1999999999992,582.5699999999993,581.0799999999992,581.9899999999992,561
2026-06-18T19:50:00+00:00,581.9899999999992,586.5899999999992,581.9899999999992,585.4599999999992,1098
2026-06-18T19:55:00+00:00,585.4599999999992,585.5499999999993,583.0899999999992,583.7299999999992,1203
2026-06-22T13:30:00+00:00,583.7299999999992,583.7299999999992,574.0599999999993,574.0599999999993,1176
2026-06-22T13:35:00+00:00,574.0599999999993,579.8299999999992,573.8999999999993,578.8299999999992,1353
2026-06-22T13:40:00+00:00,578.8299999999992,580.1499999999993,576.9199999999993,580.1099999999992,1018
2026-06-22T13:45:00+00:00,580.1099999999992,582.2299999999992,578.7599999999992,582.0599999999993,1306
2026-06-22T13:50:00+00:00,582.0599999999993,582.0799999999992,580.2399999999992,580.5599999999993,971
2026-06-22T13:55:00+00:00,580.5599999999993,581.4399999999993,579.3899999999992,581.3199999999993,968
2026-06-22T14:00:00+00:00,581.3199999999993,581.8599999999992,578.0599999999993,578.3199999999993,902
2026-06-22T14:05:00+00:00,578.3199999999993,580.4899999999992,578.3099999999993,579.9799999999992,720
2026-06-22T14:10:00+00:00,579.9799999999992,580.4999999999992,578.5699999999993,578.8899999999992,678
2026-06-22T14:15:00+00:00,578.8899999999992,578.8899999999992,575.6799999999993,575.7299999999992,863
2026-06-22T14:20:00+00:00,575.7299999999992,575.9699999999992,574.2899999999993,574.2899999999993,614
2026-06-22T14:25:00+00:00,574.2899999999993,574.7999999999993,573.5599999999993,574.0899999999992,854
2026-06-22T14:30:00+00:00,574.0899999999992,574.1099999999992,572.5899999999992,573.0699999999993,806
2026-06-22T14:35:00+00:00,573.0699999999993,574.5399999999993,572.7099999999992,574.3299999999992,855
2026-06-22T14:40:00+00:00,574.3299999999992,575.0099999999992,573.4599999999992,573.7899999999993,693
2026-06-22T14:45:00+00:00,573.7899999999993,574.0699999999993,571.9799999999992,571.9899999999992,765
2026-06-22T14:50:00+00:00,571.9899999999992,572.2599999999992,568.6899999999993,568.8499999999992,762
2026-06-22T14:55:00+00:00,568.8499999999992,569.3299999999992,568.0299999999993,569.1299999999992,785
2026-06-22T15:00:00+00:00,569.1299999999992,570.3699999999992,568.9599999999992,569.2499999999992,535
2026-06-22T15:05:00+00:00,569.2499999999992,569.2599999999992,567.6799999999993,568.6699999999993,608
2026-06-22T15:10:00+00:00,568.6699999999993,568.9399999999993,567.4399999999993,567.4499999999992,516
2026-06-22T15:15:00+00:00,567.4499999999992,568.0999999999992,566.7699999999993,567.3299999999992,639
2026-06-22T15:20:00+00:00,567.3299999999992,568.2899999999993,567.0599999999993,568.1599999999993,550
2026-06-22T15:25:00+00:00,568.1599999999993,568.2799999999993,566.5799999999992,567.0399999999993,610
2026-06-22T15:30:00+00:00,567.0399999999993,568.2599999999992,566.6099999999992,567.6999999999992,619
2026-06-22T15:35:00+00:00,567.6999999999992,568.1199999999992,566.3599999999992,567.3199999999993,655
2026-06-22T15:40:00+00:00,567.3199999999993,570.3399999999992,567.2699999999993,570.2299999999992,635
2026-06-22T15:45:00+00:00,570.2299999999992,571.0599999999993,568.0199999999993,568.0799999999992,615
2026-06-22T15:50:00+00:00,568.0799999999992,570.0399999999993,568.0799999999992,569.6299999999992,584
2026-06-22T15:55:00+00:00,569.6299999999992,570.2699999999993,568.8699999999992,569.1599999999993,419
2026-06-22T16:00:00+00:00,569.1599999999993,569.2999999999993,568.1599999999993,568.5999999999992,616
2026-06-22T16:05:00+00:00,568.5999999999992,569.5799999999992,568.4099999999993,568.4199999999993,491
2026-06-22T16:10:00+00:00,568.4199999999993,568.8399999999992,568.0499999999993,568.7299999999992,345
2026-06-22T16:15:00+00:00,568.7299999999992,568.8699999999992,567.8999999999993,568.6599999999993,294
2026-06-22T16:20:00+00:00,568.6599999999993,569.2599999999992,567.4399999999993,567.6899999999993,368
2026-06-22T16:25:00+00:00,567.6899999999993,568.0799999999992,567.2599999999992,567.3499999999992,344
2026-06-22T16:30:00+00:00,567.3499999999992,567.7599999999992,566.8199999999993,567.6199999999992,340
2026-06-22T16:35:00+00:00,567.6199999999992,567.9399999999993,567.4599999999992,567.5499999999993,332
2026-06-22T16:40:00+00:00,567.5499999999993,568.1899999999993,567.3599999999992,568.0299999999993,408
2026-06-22T16:45:00+00:00,568.0299999999993,568.6499999999993,567.7599999999992,568.3899999999992,374
2026-06-22T16:50:00+00:00,568.3899999999992,568.6599999999993,568.2699999999993,568.2999999999993,231
2026-06-22T16:55:00+00:00,568.2999999999993,569.0099999999992,568.1599999999993,568.6499999999993,356
2026-06-22T17:00:00+00:00,568.6499999999993,569.2399999999992,568.4699999999992,569.1699999999993,358
2026-06-22T17:05:00+00:00,569.1699999999993,569.4999999999992,568.3899999999992,569.3299999999992,372
2026-06-22T17:10:00+00:00,569.3299999999992,569.5099999999992,568.9199999999993,569.3999999999993,251
2026-06-22T17:15:00+00:00,569.3999999999993,569.9699999999992,569.3599999999992,569.9399999999993,356
2026-06-22T17:20:00+00:00,569.9399999999993,570.0799999999992,568.8599999999992,570.0799999999992,349
2026-06-22T17:25:00+00:00,570.0799999999992,570.2499999999992,569.0799999999992,569.0999999999992,365
2026-06-22T17:30:00+00:00,569.0999999999992,569.0999999999992,568.4199999999993,568.7099999999992,376
2026-06-22T17:35:00+00:00,568.7099999999992,568.7099999999992,567.9399999999993,568.5199999999993,405
2026-06-22T17:40:00+00:00,568.5199999999993,568.8799999999992,568.1899999999993,568.7299999999992,325
2026-06-22T17:45:00+00:00,568.7299999999992,569.9299999999993,568.6999999999992,569.8699999999992,335
2026-06-22T17:50:00+00:00,569.8699999999992,570.6199999999992,569.6599999999993,570.5799999999992,293
2026-06-22T17:55:00+00:00,570.5799999999992,571.0799999999992,570.3099999999993,570.3599999999992,278
2026-06-22T18:00:00+00:00,570.3599999999992,570.9699999999992,569.9899999999992,570.7499999999992,327
2026-06-22T18:05:00+00:00,570.7499999999992,571.5099999999992,570.6499999999993,571.4799999999992,298
2026-06-22T18:10:00+00:00,571.4799999999992,571.7599999999992,571.1599999999993,571.5799999999992,245
2026-06-22T18:15:00+00:00,571.5799999999992,572.1299999999992,571.5599999999993,571.6799999999993,232
2026-06-22T18:20:00+00:00,571.6799999999993,572.5699999999993,571.6799999999993,572.2999999999993,325
2026-06-22T18:25:00+00:00,572.2999999999993,572.5799999999992,571.4899999999992,572.0099999999992,256
2026-06-22T18:30:00+00:00,572.0099999999992,572.4099999999993,571.8699999999992,572.1499999999993,294
2026-06-22T18:35:00+00:00,572.1499999999993,572.2799999999993,571.8199999999993,571.9799999999992,205
2026-06-22T18:40:00+00:00,571.9799999999992,572.5799999999992,571.8099999999993,572.1199999999992,279
2026-06-22T18:45:00+00:00,572.1199999999992,572.3599999999992,572.0199999999993,572.3199999999993,320
2026-06-22T18:50:00+00:00,572.3199999999993,572.3399999999992,571.6099999999992,571.8399999999992,339
2026-06-22T18:55:00+00:00,571.8399999999992,571.9599999999992,571.5699999999993,571.5699999999993,260
2026-06-22T19:00:00+00:00,571.5699999999993,572.4799999999992,571.3099999999993,571.9199999999993,272
2026-06-22T19:05:00+00:00,571.9199999999993,571.9699999999992,571.3099999999993,571.3399999999992,257
2026-06-22T19:10:00+00:00,571.3399999999992,572.1199999999992,571.3399999999992,572.0999999999992,248
2026-06-22T19:15:00+00:00,572.0999999999992,572.3899999999992,571.2499999999992,571.9299999999993,327
2026-06-22T19:20:00+00:00,571.9299999999993,572.3799999999992,571.5599999999993,571.5699999999993,348
2026-06-22T19:25:00+00:00,571.5699999999993,572.0199999999993,570.6699999999993,571.0799999999992,312
2026-06-22T19:30:00+00:00,571.0799999999992,571.9099999999993,570.6699999999993,571.2799999999993,377
2026-06-22T19:35:00+00:00,571.2799999999993,571.4699999999992,570.5999999999992,570.9699999999992,309
2026-06-22T19:40:00+00:00,570.9699999999992,571.2899999999993,570.5599999999993,570.8699999999992,351
2026-06-22T19:45:00+00:00,570.8699999999992,571.8099999999993,570.8599999999992,571.6199999999992,311
2026-06-22T19:50:00+00:00,571.6199999999992,572.5199999999993,571.5599999999993,572.0599999999993,652
2026-06-22T19:55:00+00:00,572.0599999999993,572.1699999999993,568.7699999999993,570.3199999999993,1149
2026-06-23T13:30:00+00:00,570.3199999999993,572.7499999999992,567.5299999999993,570.6599999999993,1092
2026-06-23T13:35:00+00:00,570.6599999999993,576.3399999999992,570.0599999999993,575.8699999999992,1489
2026-06-23T13:40:00+00:00,575.8699999999992,576.1599999999993,573.6099999999992,574.9699999999992,1275
2026-06-23T13:45:00+00:00,574.9699999999992,577.2799999999993,573.4399999999993,576.5699999999993,1254
2026-06-23T13:50:00+00:00,576.5699999999993,577.0399999999993,574.8899999999992,576.3799999999992,1388
2026-06-23T13:55:00+00:00,576.3799999999992,578.7299999999992,576.0599999999993,578.0899999999992,1104
2026-06-23T14:00:00+00:00,578.0899999999992,578.2499999999992,575.5799999999992,576.2699999999993,1260
2026-06-23T14:05:00+00:00,576.2699999999993,577.3599999999992,575.2199999999992,576.4299999999993,1210
2026-06-23T14:10:00+00:00,576.4299999999993,577.5099999999992,575.5599999999993,576.2199999999992,1288
2026-06-23T14:15:00+00:00,576.2199999999992,576.8099999999993,575.1599999999993,575.4399999999993,889
2026-06-23T14:20:00+00:00,575.4399999999993,575.6799999999993,573.9199999999993,574.4099999999993,807
2026-06-23T14:25:00+00:00,574.4099999999993,575.2599999999992,574.0599999999993,575.0399999999993,694
2026-06-23T14:30:00+00:00,575.0399999999993,575.2499999999992,573.7399999999992,574.6699999999993,728
2026-06-23T14:35:00+00:00,574.6699999999993,575.6099999999992,574.5599999999993,574.9499999999992,565
2026-06-23T14:40:00+00:00,574.9499999999992,575.1699999999993,573.9999999999992,574.5799999999992,706
2026-06-23T14:45:00+00:00,574.5799999999992,574.8599999999992,573.8499999999992,574.0699999999993,677
2026-06-23T14:50:00+00:00,574.0699999999993,574.7799999999993,573.6799999999993,573.8799999999992,631
2026-06-23T14:55:00+00:00,573.8799999999992,574.0099999999992,571.7699999999993,572.1699999999993,577
2026-06-23T15:00:00+00:00,572.1699999999993,572.2199999999992,570.7499999999992,570.8899999999992,566
2026-06-23T15:05:00+00:00,570.8899999999992,571.5099999999992,570.4099999999993,571.3199999999993,652
2026-06-23T15:10:00+00:00,571.3199999999993,572.1699999999993,571.1799999999993,572.0699999999993,525
2026-06-23T15:15:00+00:00,572.0699999999993,572.4299999999993,569.7599999999992,569.8099999999993,703
2026-06-23T15:20:00+00:00,569.8099999999993,569.9899999999992,568.5799999999992,569.3999999999993,596
2026-06-23T15:25:00+00:00,569.3999999999993,569.8499999999992,568.6099999999992,569.7499999999992,547
2026-06-23T15:30:00+00:00,569.7499999999992,570.0399999999993,569.4699999999992,569.6499999999993,486
2026-06-23T15:35:00+00:00,569.6499999999993,570.1399999999992,569.0399999999993,569.4499999999992,627
2026-06-23T15:40:00+00:00,569.4499999999992,569.8599999999992,568.7899999999993,569.4199999999993,626
2026-06-23T15:45:00+00:00,569.4199999999993,569.8499999999992,568.8499999999992,569.2799999999993,510
2026-06-23T15:50:00+00:00,569.2799999999993,570.8999999999993,568.8499999999992,570.2799999999993,557
2026-06-23T15:55:00+00:00,570.2799999999993,571.0299999999993,569.6099999999992,570.4999999999992,530
2026-06-23T16:00:00+00:00,570.4999999999992,571.0899999999992,570.0599999999993,570.1299999999992,458
2026-06-23T16:05:00+00:00,570.1299999999992,570.8699999999992,569.7899999999993,570.1599999999993,508
2026-06-23T16:10:00+00:00,570.1599999999993,570.4399999999993,569.5599999999993,569.8999999999993,404
2026-06-23T16:15:00+00:00,569.8999999999993,570.4699999999992,569.6999999999992,569.9099999999993,547
2026-06-23T16:20:00+00:00,569.9099999999993,570.8099999999993,569.6999999999992,570.4899999999992,522
2026-06-23T16:25:00+00:00,570.4899999999992,570.7499999999992,570.2599999999992,570.3999999999993,433
2026-06-23T16:30:00+00:00,570.3999999999993,570.6899999999993,570.0599999999993,570.1499999999993,370
2026-06-23T16:35:00+00:00,570.1499999999993,570.6599999999993,570.1199999999992,570.4299999999993,425
2026-06-23T16:40:00+00:00,570.4299999999993,575.1499999999993,570.3799999999992,571.4799999999992,1214
2026-06-23T16:45:00+00:00,571.4799999999992,573.2899999999993,571.2999999999993,573.0399999999993,688
2026-06-23T16:50:00+00:00,573.0399999999993,573.6199999999992,571.8099999999993,572.1699999999993,650
2026-06-23T16:55:00+00:00,572.1699999999993,572.9699999999992,572.1099999999992,572.7399999999992,606
2026-06-23T17:00:00+00:00,572.7399999999992,572.8999999999993,570.8699999999992,571.0399999999993,542
2026-06-23T17:05:00+00:00,571.0399999999993,571.2799999999993,570.3999999999993,570.9799999999992,369
2026-06-23T17:10:00+00:00,570.9799999999992,572.1299999999992,570.9799999999992,571.5099999999992,467
2026-06-23T17:15:00+00:00,571.5099999999992,572.0099999999992,570.5599999999993,570.8599999999992,620
2026-06-23T17:20:00+00:00,570.8599999999992,572.1399999999992,570.8399999999992,571.6799999999993,418
2026-06-23T17:25:00+00:00,571.6799999999993,572.3499999999992,571.5599999999993,572.1899999999993,413
2026-06-23T17:30:00+00:00,572.1899999999993,572.8799999999992,571.5599999999993,572.7599999999992,549
2026-06-23T17:35:00+00:00,572.7599999999992,574.1299999999992,572.6699999999993,573.6299999999992,525
2026-06-23T17:40:00+00:00,573.6299999999992,573.7999999999993,572.2799999999993,572.5799999999992,490
2026-06-23T17:45:00+00:00,572.5799999999992,572.8299999999992,572.0599999999993,572.2899999999993,507
2026-06-23T17:50:00+00:00,572.2899999999993,572.4199999999993,571.0099999999992,571.0499999999993,567
2026-06-23T17:55:00+00:00,571.0499999999993,571.5699999999993,571.0399999999993,571.2999999999993,363
2026-06-23T18:00:00+00:00,571.2999999999993,571.4199999999993,569.8999999999993,570.4299999999993,454
2026-06-23T18:05:00+00:00,570.4299999999993,570.7699999999993,569.6599999999993,569.8799999999992,505
2026-06-23T18:10:00+00:00,569.8799999999992,570.4899999999992,569.8699999999992,570.3599999999992,391
2026-06-23T18:15:00+00:00,570.3599999999992,570.7399999999992,569.6599999999993,569.9299999999993,408
2026-06-23T18:20:00+00:00,569.9299999999993,570.1399999999992,569.5699999999993,569.8299999999992,300
2026-06-23T18:25:00+00:00,569.8299999999992,569.8599999999992,568.8999999999993,569.1799999999993,224
2026-06-23T18:30:00+00:00,569.1799999999993,569.7399999999992,568.9499999999992,569.5699999999993,367
2026-06-23T18:35:00+00:00,569.5699999999993,569.9199999999993,568.9099999999993,569.2099999999992,344
2026-06-23T18:40:00+00:00,569.2099999999992,569.2099999999992,568.1599999999993,568.5699999999993,399
2026-06-23T18:45:00+00:00,568.5699999999993,568.9999999999992,568.3699999999992,568.7599999999992,460
2026-06-23T18:50:00+00:00,568.7599999999992,569.4099999999993,568.6599999999993,569.1399999999992,501
2026-06-23T18:55:00+00:00,569.1399999999992,569.4799999999992,568.9099999999993,569.2299999999992,391
2026-06-23T19:00:00+00:00,569.2299999999992,570.1999999999992,569.0699999999993,570.1799999999993,340
2026-06-23T19:05:00+00:00,570.1799999999993,570.9299999999993,569.7799999999993,570.6299999999992,648
2026-06-23T19:10:00+00:00,570.6299999999992,570.8599999999992,570.0199999999993,570.0199999999993,472
2026-06-23T19:15:00+00:00,570.0199999999993,570.4699999999992,569.8099999999993,570.1399999999992,455
2026-06-23T19:20:00+00:00,570.1399999999992,570.6199999999992,569.8099999999993,569.8199999999993,446
2026-06-23T19:25:00+00:00,569.8199999999993,570.4099999999993,569.0599999999993,569.0599999999993,523
2026-06-23T19:30:00+00:00,569.0599999999993,569.4499999999992,568.5699999999993,569.0599999999993,464
2026-06-23T19:35:00+00:00,569.0599999999993,569.5099999999992,568.6199999999992,569.0599999999993,426
2026-06-23T19:40:00+00:00,569.0599999999993,570.3699999999992,569.0599999999993,569.8299999999992,616
2026-06-23T19:45:00+00:00,569.8299999999992,570.2099999999992,569.3799999999992,569.5799999999992,520
2026-06-23T19:50:00+00:00,569.5799999999992,570.2499999999992,569.0699999999993,569.4599999999992,853
2026-06-23T19:55:00+00:00,569.4599999999992,569.6999999999992,568.4899999999992,568.4999999999992,1287
2026-06-24T13:30:00+00:00,568.4999999999992,571.2099999999992,563.9599999999992,569.6699999999993,942
2026-06-24T13:35:00+00:00,569.6699999999993,575.3499999999992,569.6699999999993,573.1099999999992,698
2026-06-24T13:40:00+00:00,573.1099999999992,573.3499999999992,569.8899999999992,570.0699999999993,682
2026-06-24T13:45:00+00:00,570.0699999999993,570.8999999999993,567.5899999999992,568.4399999999993,722
2026-06-24T13:50:00+00:00,568.4399999999993,570.4499999999992,568.3699999999992,569.0899999999992,411
2026-06-24T13:55:00+00:00,569.0899999999992,570.4799999999992,568.5599999999993,568.6999999999992,331
2026-06-24T14:00:00+00:00,568.6999999999992,568.7999999999993,567.0699999999993,567.6599999999993,464
2026-06-24T14:05:00+00:00,567.6599999999993,568.5499999999993,567.3199999999993,568.1099999999992,454
2026-06-24T14:10:00+00:00,568.1099999999992,568.4799999999992,566.8099999999993,567.7799999999993,351
2026-06-24T14:15:00+00:00,567.7799999999993,568.3399999999992,567.0599999999993,568.0799999999992,298
2026-06-24T14:20:00+00:00,568.0799999999992,570.3999999999993,567.4099999999993,569.3199999999993,341
2026-06-24T14:25:00+00:00,569.3199999999993,569.7199999999992,567.3599999999992,569.0999999999992,369
2026-06-24T14:30:00+00:00,569.0999999999992,570.6999999999992,569.0599999999993,569.0699999999993,311
2026-06-24T14:35:00+00:00,569.0699999999993,569.3499999999992,566.2599999999992,566.3199999999993,324
2026-06-24T14:40:00+00:00,566.3199999999993,569.7499999999992,566.3199999999993,569.4199999999993,304
2026-06-24T14:45:00+00:00,569.4199999999993,571.5699999999993,569.2499999999992,571.0999999999992,337
2026-06-24T14:50:00+00:00,571.0999999999992,571.9899999999992,570.8999999999993,571.0599999999993,365
2026-06-24T14:55:00+00:00,571.0599999999993,572.7299999999992,571.0599999999993,572.7199999999992,299.75411184210526
2026-06-24T15:00:00+00:00,572.7199999999992,573.8399999999992,572.2099999999992,572.8999999999992,367
2026-06-24T15:05:00+00:00,572.8999999999992,573.3699999999992,571.7099999999992,571.8499999999992,302
2026-06-24T15:10:00+00:00,571.8499999999992,573.4199999999993,571.4099999999993,572.6199999999992,324
2026-06-24T15:15:00+00:00,572.6199999999992,574.6599999999993,572.6199999999992,574.0799999999992,355
2026-06-24T15:20:00+00:00,574.0799999999992,574.4299999999993,573.5499999999993,573.6199999999992,345
2026-06-24T15:25:00+00:00,573.6199999999992,573.6199999999992,571.7899999999993,573.0499999999993,382
2026-06-24T15:30:00+00:00,573.0499999999993,573.3799999999992,571.5199999999992,571.5199999999992,331
2026-06-24T15:35:00+00:00,571.5199999999992,572.3399999999992,571.2699999999992,571.3899999999992,317
2026-06-24T15:40:00+00:00,571.3899999999992,571.4399999999993,569.8999999999992,569.9799999999992,273
2026-06-24T15:45:00+00:00,569.9799999999992,570.0599999999993,569.1699999999993,569.9599999999992,331
2026-06-24T15:50:00+00:00,569.9599999999992,570.7999999999993,569.9599999999992,569.9899999999992,243
2026-06-24T15:55:00+00:00,569.9899999999992,570.2299999999992,569.1999999999992,569.5399999999993,213
2026-06-24T16:00:00+00:00,569.5399999999993,569.6899999999993,569.1999999999992,569.3999999999992,227
2026-06-24T16:05:00+00:00,569.3999999999992,570.2499999999992,569.2999999999993,569.7099999999992,227
2026-06-24T16:10:00+00:00,569.7099999999992,570.6999999999992,569.6999999999992,570.0399999999993,193
2026-06-24T16:15:00+00:00,570.0399999999993,571.1699999999993,569.8299999999992,571.0899999999992,192
2026-06-24T16:20:00+00:00,571.0899999999992,571.0899999999992,570.0199999999992,570.4599999999992,233
2026-06-24T16:25:00+00:00,570.4599999999992,570.4799999999992,569.9799999999992,570.1699999999993,197
2026-06-24T16:30:00+00:00,570.1699999999993,570.2499999999992,568.4999999999992,568.9199999999993,295
2026-06-24T16:35:00+00:00,568.9199999999993,569.1399999999992,566.7999999999993,567.2799999999992,280
2026-06-24T16:40:00+00:00,567.2799999999992,567.8499999999992,566.9099999999993,567.2499999999992,357
2026-06-24T16:45:00+00:00,567.2499999999992,567.5099999999992,566.9399999999993,567.1699999999993,372
2026-06-24T16:50:00+00:00,567.1699999999993,567.8299999999992,566.5799999999992,566.5999999999992,254
2026-06-24T16:55:00+00:00,566.5999999999992,566.6099999999992,565.5799999999992,565.6999999999992,315
2026-06-24T17:00:00+00:00,565.6999999999992,566.6999999999992,565.4699999999992,566.6199999999992,267
2026-06-24T17:05:00+00:00,566.6199999999992,566.6299999999992,565.3499999999992,565.4299999999993,287
2026-06-24T17:10:00+00:00,565.4299999999993,565.8099999999993,565.1899999999993,565.3899999999992,237
2026-06-24T17:15:00+00:00,565.3899999999992,565.4899999999992,563.2999999999993,563.4499999999992,369
2026-06-24T17:20:00+00:00,563.4499999999992,564.1699999999993,562.2499999999992,563.8199999999993,553
2026-06-24T17:25:00+00:00,563.8199999999993,564.4499999999992,562.9999999999992,563.5099999999992,380
2026-06-24T17:30:00+00:00,563.5099999999992,563.9999999999992,562.6999999999992,563.3999999999992,418
2026-06-24T17:35:00+00:00,563.3999999999992,563.7199999999992,562.5099999999992,563.4799999999992,357
2026-06-24T17:40:00+00:00,563.4799999999992,563.7799999999992,562.8999999999992,562.9699999999992,400
2026-06-24T17:45:00+00:00,562.9699999999992,563.7499999999992,562.7799999999992,563.4099999999993,328
2026-06-24T17:50:00+00:00,563.4099999999993,563.6399999999992,562.7799999999992,563.3999999999992,229
2026-06-24T17:55:00+00:00,563.3999999999992,563.8099999999993,562.7799999999992,562.9199999999993,361
2026-06-24T18:00:00+00:00,562.9199999999993,564.3699999999992,562.7999999999993,564.0899999999992,354
2026-06-24T18:05:00+00:00,564.0899999999992,564.5899999999992,563.7299999999992,564.3599999999992,298
2026-06-24T18:10:00+00:00,564.3599999999992,564.9899999999992,563.9699999999992,564.6699999999993,401
2026-06-24T18:15:00+00:00,564.6699999999993,566.1199999999992,564.1999999999992,565.8099999999993,418
2026-06-24T18:20:00+00:00,565.8099999999993,566.5599999999993,565.6799999999993,566.4799999999992,319
2026-06-24T18:25:00+00:00,566.4799999999992,567.1699999999993,566.4799999999992,566.4799999999992,360
2026-06-24T18:30:00+00:00,566.4799999999992,567.0099999999992,566.3799999999992,566.7099999999992,342
2026-06-24T18:35:00+00:00,566.7099999999992,567.5699999999993,566.1499999999992,566.7999999999993,362
2026-06-24T18:40:00+00:00,566.7999999999993,566.9899999999992,565.7299999999992,566.1099999999992,386
2026-06-24T18:45:00+00:00,566.1099999999992,566.3099999999993,565.3999999999992,565.5299999999992,343
2026-06-24T18:50:00+00:00,565.5299999999992,566.2799999999992,564.9999999999992,565.8599999999992,320
2026-06-24T18:55:00+00:00,565.8599999999992,566.2599999999992,564.4299999999993,564.6299999999992,397
2026-06-24T19:00:00+00:00,564.6299999999992,564.9899999999992,563.2599999999992,564.9199999999993,485
2026-06-24T19:05:00+00:00,564.9199999999993,565.8499999999992,564.4999999999992,565.8499999999992,496
2026-06-24T19:10:00+00:00,565.8499999999992,565.8599999999992,564.6999999999992,565.3899999999992,372
2026-06-24T19:15:00+00:00,565.3899999999992,565.5999999999992,564.8399999999992,565.5599999999993,427
2026-06-24T19:20:00+00:00,565.5599999999993,565.8099999999993,565.0699999999993,565.6399999999992,477
2026-06-24T19:25:00+00:00,565.6399999999992,566.0399999999993,564.2099999999992,564.3599999999992,359
2026-06-24T19:30:00+00:00,564.3599999999992,564.4399999999993,563.7399999999992,564.3099999999993,555
2026-06-24T19:35:00+00:00,564.3099999999993,564.6599999999993,563.8399999999992,564.1599999999993,516
2026-06-24T19:40:00+00:00,564.1599999999993,564.5399999999993,563.7299999999992,563.8299999999992,569
2026-06-24T19:45:00+00:00,563.8299999999992,564.5499999999993,563.7099999999992,564.3299999999992,511
2026-06-24T19:50:00+00:00,564.3299999999992,565.9599999999992,563.7999999999993,565.9599999999992,688
2026-06-24T19:55:00+00:00,565.9599999999992,565.9599999999992,563.8299999999992,564.4199999999993,906
2026-06-25T13:30:00+00:00,564.4199999999993,564.4199999999993,551.2199999999992,551.2199999999992,1245
2026-06-25T13:35:00+00:00,551.2199999999992,553.2199999999992,547.7499999999992,547.7999999999993,1160
2026-06-25T13:40:00+00:00,547.7999999999993,551.2599999999992,546.8399999999992,550.7599999999992,815
2026-06-25T13:45:00+00:00,550.7599999999992,552.1399999999992,549.5999999999992,550.7199999999992,908
2026-06-25T13:50:00+00:00,550.7199999999992,553.2699999999992,550.6899999999993,552.6999999999992,792
2026-06-25T13:55:00+00:00,552.6999999999992,555.3899999999992,552.6899999999993,554.3299999999992,704
2026-06-25T14:00:00+00:00,554.3299999999992,557.1499999999992,553.3899999999992,556.3399999999992,615
2026-06-25T14:05:00+00:00,556.3399999999992,557.4199999999993,555.4499999999992,557.0299999999992,532
2026-06-25T14:10:00+00:00,557.0299999999992,558.1699999999993,556.2699999999992,557.6999999999992,470
2026-06-25T14:15:00+00:00,557.6999999999992,558.3199999999993,556.0899999999992,558.1799999999993,530
2026-06-25T14:20:00+00:00,558.1799999999993,558.8799999999992,556.6999999999992,557.1899999999993,510
2026-06-25T14:25:00+00:00,557.1899999999993,560.3499999999992,556.8999999999992,560.1799999999993,358
2026-06-25T14:30:00+00:00,560.1799999999993,561.0599999999993,559.6999999999992,560.3199999999993,355
2026-06-25T14:35:00+00:00,560.3199999999993,562.2799999999992,560.1999999999992,562.0399999999993,369
2026-06-25T14:40:00+00:00,562.0399999999993,562.2199999999992,559.7699999999992,560.6999999999992,443
2026-06-25T14:45:00+00:00,560.6999999999992,561.7499999999992,559.9499999999992,561.4799999999992,337
2026-06-25T14:50:00+00:00,561.4799999999992,562.9499999999992,561.3399999999992,562.3699999999992,340
2026-06-25T14:55:00+00:00,562.3699999999992,562.3699999999992,558.8499999999992,559.2699999999992,368
2026-06-25T15:00:00+00:00,559.2699999999992,559.7199999999992,558.5799999999992,559.4299999999993,339
2026-06-25T15:05:00+00:00,559.4299999999993,559.9599999999992,557.8499999999992,558.0099999999992,380
2026-06-25T15:10:00+00:00,558.0099999999992,558.2699999999992,555.7699999999992,557.0999999999992,393
2026-06-25T15:15:00+00:00,557.0999999999992,558.1199999999992,556.2999999999993,558.0499999999993,426
2026-06-25T15:20:00+00:00,558.0499999999993,559.2499999999992,557.3199999999993,558.2799999999992,314
2026-06-25T15:25:00+00:00,558.2799999999992,559.7699999999992,557.7099999999992,559.2999999999993,326
2026-06-25T15:30:00+00:00,559.2999999999993,561.1499999999992,559.0299999999992,559.5999999999992,334
2026-06-25T15:35:00+00:00,559.5999999999992,560.5599999999993,558.1999999999992,558.2299999999992,494
2026-06-25T15:40:00+00:00,558.2299999999992,558.5599999999993,557.3099999999993,558.2499999999992,424
2026-06-25T15:45:00+00:00,558.2499999999992,558.4999999999992,556.8999999999992,557.0999999999992,269
2026-06-25T15:50:00+00:00,557.0999999999992,557.8999999999992,556.8099999999993,557.2099999999992,219
2026-06-25T15:55:00+00:00,557.2099999999992,557.6999999999992,556.1199999999992,556.4399999999993,263
2026-06-25T16:00:00+00:00,556.4399999999993,556.5599999999993,554.9499999999992,555.3899999999992,313
2026-06-25T16:05:00+00:00,555.3899999999992,556.6099999999992,555.3499999999992,556.0399999999993,282
2026-06-25T16:10:00+00:00,556.0399999999993,556.4699999999992,554.7199999999992,555.0999999999992,296
2026-06-25T16:15:00+00:00,555.0999999999992,555.3999999999992,554.6899999999993,554.9799999999992,305
2026-06-25T16:20:00+00:00,554.9799999999992,555.4599999999992,553.6999999999992,553.8499999999992,305
2026-06-25T16:25:00+00:00,553.8499999999992,554.4899999999992,553.5999999999992,553.9499999999992,261
2026-06-25T16:30:00+00:00,553.9499999999992,553.9499999999992,552.8099999999993,553.2399999999992,223
2026-06-25T16:35:00+00:00,553.2399999999992,553.7999999999993,552.4999999999992,552.5099999999992,341
2026-06-25T16:40:00+00:00,552.5099999999992,553.7099999999992,552.1999999999992,553.2999999999993,315
2026-06-25T16:45:00+00:00,553.2999999999993,553.9599999999992,552.9799999999992,553.6999999999992,271
2026-06-25T16:50:00+00:00,553.6999999999992,553.7899999999993,552.8599999999992,553.5299999999992,276
2026-06-25T16:55:00+00:00,553.5299999999992,554.0199999999992,552.4699999999992,553.2799999999992,300
2026-06-25T17:00:00+00:00,553.2799999999992,553.5299999999992,551.7999999999993,551.8199999999993,349
2026-06-25T17:05:00+00:00,551.8199999999993,551.8199999999993,550.9599999999992,551.6099999999992,225
2026-06-25T17:10:00+00:00,551.6099999999992,552.4199999999993,551.2199999999992,552.3699999999992,278
2026-06-25T17:15:00+00:00,552.3699999999992,552.9199999999993,551.1999999999992,551.3799999999992,292
2026-06-25T17:20:00+00:00,551.3799999999992,551.4699999999992,550.4099999999993,550.5999999999992,304
2026-06-25T17:25:00+00:00,550.5999999999992,551.8099999999993,550.5999999999992,551.0199999999992,212
2026-06-25T17:30:00+00:00,551.0199999999992,551.3199999999993,550.0399999999993,550.3099999999993,244
2026-06-25T17:35:00+00:00,550.3099999999993,550.9799999999992,550.1799999999993,550.7999999999993,257
2026-06-25T17:40:00+00:00,550.7999999999993,551.3399999999992,549.9999999999992,550.1799999999993,248
2026-06-25T17:45:00+00:00,550.1799999999993,550.4699999999992,549.7099999999992,549.9199999999993,286
2026-06-25T17:50:00+00:00,549.9199999999993,551.0599999999993,549.7299999999992,550.9199999999993,292
2026-06-25T17:55:00+00:00,550.9199999999993,552.1499999999992,550.6999999999992,551.9599999999992,308
2026-06-25T18:00:00+00:00,551.9599999999992,552.0199999999992,549.9099999999993,550.5399999999993,380
2026-06-25T18:05:00+00:00,550.5399999999993,551.7999999999993,550.1499999999992,551.7199999999992,319
2026-06-25T18:10:00+00:00,551.7199999999992,552.2699999999992,551.2199999999992,552.0399999999993,280
2026-06-25T18:15:00+00:00,552.0399999999993,554.8499999999992,551.7999999999993,554.5199999999992,334
2026-06-25T18:20:00+00:00,554.5199999999992,555.0499999999993,553.7799999999992,554.6099999999992,324
2026-06-25T18:25:00+00:00,554.6099999999992,555.1299999999992,554.2699999999992,554.9099999999993,252
2026-06-25T18:30:00+00:00,554.9099999999993,555.0899999999992,552.8499999999992,552.8699999999992,289
2026-06-25T18:35:00+00:00,552.8699999999992,554.2199999999992,552.4699999999992,553.8299999999992,334
2026-06-25T18:40:00+00:00,553.8299999999992,554.2099999999992,552.8399999999992,552.9099999999993,213
2026-06-25T18:45:00+00:00,552.9099999999993,553.2399999999992,551.9999999999992,552.9899999999992,261
2026-06-25T18:50:00+00:00,552.9899999999992,553.9199999999993,552.7199999999992,553.3999999999992,205
2026-06-25T18:55:00+00:00,553.3999999999992,553.5099999999992,552.7199999999992,553.1699999999993,251
2026-06-25T19:00:00+00:00,553.1699999999993,553.3599999999992,552.1999999999992,552.4999999999992,297
2026-06-25T19:05:00+00:00,552.4999999999992,552.8299999999992,552.3099999999993,552.6199999999992,269
2026-06-25T19:10:00+00:00,552.6199999999992,552.9599999999992,552.4999999999992,552.7199999999992,367
2026-06-25T19:15:00+00:00,552.7199999999992,553.1999999999992,552.4299999999993,553.0799999999992,319
2026-06-25T19:20:00+00:00,553.0799999999992,553.4499999999992,552.8099999999993,553.2899999999993,371
2026-06-25T19:25:00+00:00,553.2899999999993,553.3399999999992,552.2099999999992,552.4099999999993,315
2026-06-25T19:30:00+00:00,552.4099999999993,553.2899999999993,551.9499999999992,553.0399999999993,420
2026-06-25T19:35:00+00:00,553.0399999999993,553.1099999999992,551.7099999999992,552.0699999999993,464
2026-06-25T19:40:00+00:00,552.0699999999993,552.2199999999992,550.9999999999992,551.0899999999992,450
2026-06-25T19:45:00+00:00,551.0899999999992,551.4899999999992,550.7799999999992,550.9699999999992,507
2026-06-25T19:50:00+00:00,550.9699999999992,551.9199999999993,549.4999999999992,551.7199999999992,848
2026-06-25T19:55:00+00:00,551.7199999999992,551.9099999999993,549.0199999999992,549.6599999999993,1102
2026-06-26T13:30:00+00:00,549.6599999999993,551.9099999999993,547.0999999999992,550.7999999999993,967
2026-06-26T13:35:00+00:00,550.7999999999993,552.1599999999993,547.8299999999992,550.3099999999993,1002
2026-06-26T13:40:00+00:00,550.3099999999993,552.2699999999992,548.8799999999992,550.6999999999992,698
2026-06-26T13:45:00+00:00,550.6999999999992,550.7199999999992,548.7999999999993,549.4999999999992,580
2026-06-26T13:50:00+00:00,549.4999999999992,549.8499999999992,548.6999999999992,549.4399999999993,388
2026-06-26T13:55:00+00:00,549.4399999999993,550.7599999999992,548.8099999999993,549.1699999999993,449
2026-06-26T14:00:00+00:00,549.1699999999993,551.4699999999992,548.8099999999993,551.0299999999992,411
2026-06-26T14:05:00+00:00,551.0299999999992,553.7699999999992,550.6999999999992,553.2099999999992,454
2026-06-26T14:10:00+00:00,553.2099999999992,556.3099999999993,553.1399999999992,555.7799999999992,426
2026-06-26T14:15:00+00:00,555.7799999999992,557.3599999999992,555.6999999999992,556.9699999999992,547
2026-06-26T14:20:00+00:00,556.9699999999992,558.4099999999993,555.8099999999993,557.6199999999992,392
2026-06-26T14:25:00+00:00,557.6199999999992,558.4499999999992,557.0199999999992,557.2499999999992,322
2026-06-26T14:30:00+00:00,557.2499999999992,558.9799999999992,557.0299999999992,558.5199999999992,358
2026-06-26T14:35:00+00:00,558.5199999999992,558.8099999999993,557.0999999999992,558.3099999999993,357
2026-06-26T14:40:00+00:00,558.3099999999993,558.6699999999993,557.2199999999992,557.9299999999993,450
2026-06-26T14:45:00+00:00,557.9299999999993,560.1099999999992,557.7399999999992,558.8199999999993,377
2026-06-26T14:50:00+00:00,558.8199999999993,559.3999999999992,558.2099999999992,558.8799999999992,294
2026-06-26T14:55:00+00:00,558.8799999999992,559.4399999999993,557.7099999999992,558.9999999999992,397.45894881484026
2026-06-26T15:00:00+00:00,558.9999999999992,560.4399999999993,558.7299999999992,559.7599999999992,369
2026-06-26T15:05:00+00:00,559.7599999999992,560.9599999999992,559.4999999999992,560.6799999999992,296
2026-06-26T15:10:00+00:00,560.6799999999992,560.9699999999992,559.9299999999992,560.4099999999992,279
2026-06-26T15:15:00+00:00,560.4099999999992,561.3499999999992,559.7499999999992,560.5099999999992,399
2026-06-26T15:20:00+00:00,560.5099999999992,561.5899999999992,559.8399999999992,561.2599999999992,367
2026-06-26T15:25:00+00:00,561.2599999999992,562.4899999999992,561.0299999999992,562.2899999999992,425
2026-06-26T15:30:00+00:00,562.2899999999992,563.1999999999992,561.7299999999992,562.1099999999992,347
2026-06-26T15:35:00+00:00,562.1099999999992,562.7999999999992,561.8499999999992,562.3599999999992,345
2026-06-26T15:40:00+00:00,562.3599999999992,563.3399999999992,562.1499999999992,563.1099999999992,362
2026-06-26T15:45:00+00:00,563.1099999999992,563.3599999999992,562.1499999999992,562.5799999999992,275
2026-06-26T15:50:00+00:00,562.5799999999992,562.7699999999992,561.5299999999992,562.2599999999992,460
2026-06-26T15:55:00+00:00,562.2599999999992,563.0899999999992,562.0799999999992,562.3199999999993,297
2026-06-26T16:00:00+00:00,562.3199999999993,563.5099999999992,562.3199999999993,563.3599999999992,340
2026-06-26T16:05:00+00:00,563.3599999999992,563.3699999999992,561.5299999999992,561.6199999999992,305
2026-06-26T16:10:00+00:00,561.6199999999992,562.4799999999992,561.0299999999992,562.2399999999992,388
2026-06-26T16:15:00+00:00,562.2399999999992,563.3799999999992,561.9099999999992,562.5699999999993,304
2026-06-26T16:20:00+00:00,562.5699999999993,562.9199999999992,561.7599999999992,561.8699999999992,324
2026-06-26T16:25:00+00:00,561.8699999999992,562.1699999999992,561.0299999999992,561.1399999999992,295
2026-06-26T16:30:00+00:00,561.1399999999992,562.7499999999992,561.0399999999992,561.9899999999992,274
2026-06-26T16:35:00+00:00,561.9899999999992,562.1699999999992,560.7299999999992,561.1299999999992,253
2026-06-26T16:40:00+00:00,561.1299999999992,561.1899999999993,559.7399999999992,559.8999999999992,294
2026-06-26T16:45:00+00:00,559.8999999999992,560.7399999999992,559.7299999999992,560.3699999999992,286
2026-06-26T16:50:00+00:00,560.3699999999992,561.1999999999992,560.1899999999993,560.9199999999992,238
2026-06-26T16:55:00+00:00,560.9199999999992,560.9199999999992,559.8899999999992,560.0599999999991,235
2026-06-26T17:00:00+00:00,560.0599999999991,561.1199999999992,559.7299999999992,560.4799999999992,227
2026-06-26T17:05:00+00:00,560.4799999999992,561.1199999999992,560.3699999999992,560.7399999999992,182
2026-06-26T17:10:00+00:00,560.7399999999992,561.2199999999992,559.8099999999991,560.1399999999992,246
2026-06-26T17:15:00+00:00,560.1399999999992,560.4599999999992,559.7299999999992,560.4199999999992,187
2026-06-26T17:20:00+00:00,560.4199999999992,560.9799999999992,559.8899999999992,560.3499999999992,251
2026-06-26T17:25:00+00:00,560.3499999999992,561.6099999999992,560.2099999999992,561.2499999999992,196
2026-06-26T17:30:00+00:00,561.2499999999992,561.8799999999992,560.3099999999991,560.4699999999992,264
2026-06-26T17:35:00+00:00,560.4699999999992,560.7199999999992,559.9999999999992,560.3399999999992,213
2026-06-26T17:40:00+00:00,560.3399999999992,561.1899999999993,560.2199999999992,561.0499999999992,271
2026-06-26T17:45:00+00:00,561.0499999999992,561.7499999999992,560.7299999999992,561.5099999999992,211
2026-06-26T17:50:00+00:00,561.5099999999992,561.9299999999992,561.2399999999992,561.6799999999992,281
2026-06-26T17:55:00+00:00,561.6799999999992,561.9399999999993,561.3299999999992,561.4599999999992,266
2026-06-26T18:00:00+00:00,561.4599999999992,562.5699999999993,561.4599999999992,562.2799999999992,300
2026-06-26T18:05:00+00:00,562.2799999999992,562.4799999999992,561.8399999999992,561.8599999999992,213
2026-06-26T18:10:00+00:00,561.8599999999992,562.3699999999992,561.7799999999992,562.1799999999992,167
2026-06-26T18:15:00+00:00,562.1799999999992,562.4599999999992,561.6099999999992,561.8499999999992,194
2026-06-26T18:20:00+00:00,561.8499999999992,562.0399999999992,561.3999999999992,561.4599999999992,217
2026-06-26T18:25:00+00:00,561.4599999999992,561.4599999999992,560.0999999999992,560.1199999999992,291
2026-06-26T18:30:00+00:00,560.1199999999992,560.4499999999992,558.8399999999992,559.0499999999992,309
2026-06-26T18:35:00+00:00,559.0499999999992,559.0499999999992,557.5299999999992,558.1899999999993,354
2026-06-26T18:40:00+00:00,558.1899999999993,558.9499999999992,558.1399999999992,558.6199999999992,248
2026-06-26T18:45:00+00:00,558.6199999999992,558.6199999999992,556.9799999999992,557.0299999999992,324
2026-06-26T18:50:00+00:00,557.0299999999992,557.2699999999992,556.7099999999992,556.7099999999992,269
2026-06-26T18:55:00+00:00,556.7099999999992,557.2299999999992,556.4999999999992,556.8699999999992,294
2026-06-26T19:00:00+00:00,556.8699999999992,557.5099999999992,556.5199999999992,556.8199999999993,320
2026-06-26T19:05:00+00:00,556.8199999999993,557.3199999999993,556.5199999999992,557.0899999999992,280
2026-06-26T19:10:00+00:00,557.0899999999992,557.3399999999992,556.7299999999992,556.7899999999992,289
2026-06-26T19:15:00+00:00,556.7899999999992,557.2999999999992,556.5799999999992,557.0299999999992,261
2026-06-26T19:20:00+00:00,557.0299999999992,557.3799999999992,556.6399999999992,556.9799999999992,324
2026-06-26T19:25:00+00:00,556.9799999999992,557.5899999999992,556.7299999999992,556.7399999999992,246
2026-06-26T19:30:00+00:00,556.7399999999992,557.5599999999991,556.6399999999992,557.0899999999992,401
2026-06-26T19:35:00+00:00,557.0899999999992,557.2999999999992,555.7199999999992,555.9199999999992,357
2026-06-26T19:40:00+00:00,555.9199999999992,557.1899999999993,555.7299999999992,555.8099999999991,312
2026-06-26T19:45:00+00:00,555.8099999999991,556.9999999999992,555.6699999999992,556.5899999999992,356
2026-06-26T19:50:00+00:00,556.5899999999992,558.0599999999991,556.2299999999992,556.6799999999992,970
2026-06-26T19:55:00+00:00,556.6799999999992,558.6099999999992,555.5399999999992,555.8799999999992,1252
2026-06-29T13:30:00+00:00,555.8799999999992,573.9099999999992,555.8799999999992,571.3399999999992,1394
2026-06-29T13:35:00+00:00,571.3399999999992,573.2799999999992,569.8299999999992,572.7899999999992,982
2026-06-29T13:40:00+00:00,572.7899999999992,574.7099999999992,570.4099999999992,571.1999999999992,948
2026-06-29T13:45:00+00:00,571.1999999999992,577.3099999999991,571.0899999999992,575.1399999999992,938
2026-06-29T13:50:00+00:00,575.1399999999992,577.4299999999992,573.7499999999992,575.8299999999992,748
2026-06-29T13:55:00+00:00,575.8299999999992,575.8399999999992,573.0299999999992,573.0499999999992,767
2026-06-29T14:00:00+00:00,573.0499999999992,574.5799999999992,571.7399999999992,571.7499999999992,646
2026-06-29T14:05:00+00:00,571.7499999999992,573.2799999999992,571.6699999999992,572.2899999999992,545
2026-06-29T14:10:00+00:00,572.2899999999992,572.6799999999992,571.1699999999992,571.9799999999992,685
2026-06-29T14:15:00+00:00,571.9799999999992,574.5999999999992,571.8299999999992,573.5399999999992,664
2026-06-29T14:20:00+00:00,573.5399999999992,573.9099999999992,572.7499999999992,573.6199999999992,392
2026-06-29T14:25:00+00:00,573.6199999999992,576.0399999999992,572.8299999999992,574.5399999999992,493
2026-06-29T14:30:00+00:00,574.5399999999992,575.6899999999993,572.2699999999992,575.2499999999992,563
2026-06-29T14:35:00+00:00,575.2499999999992,575.3099999999991,573.9199999999992,575.0599999999991,420
2026-06-29T14:40:00+00:00,575.0599999999991,575.9799999999992,574.2299999999992,574.4099999999992,425
2026-06-29T14:45:00+00:00,574.4099999999992,574.4999999999992,571.7299999999992,572.9799999999992,496
2026-06-29T14:50:00+00:00,572.9799999999992,574.5099999999992,572.5799999999992,573.3399999999992,593
2026-06-29T14:55:00+00:00,573.3399999999992,573.3399999999992,571.6799999999992,572.0299999999992,387
2026-06-29T15:00:00+00:00,572.0299999999992,572.5299999999992,570.2799999999992,570.2799999999992,288
2026-06-29T15:05:00+00:00,570.2799999999992,570.3399999999992,569.7399999999992,569.8299999999992,310
2026-06-29T15:10:00+00:00,569.8299999999992,570.6599999999992,569.0699999999993,570.2699999999992,296
2026-06-29T15:15:00+00:00,570.2699999999992,570.8799999999992,569.7299999999992,570.5199999999992,292
2026-06-29T15:20:00+00:00,570.5199999999992,572.3299999999992,570.2899999999992,571.9999999999992,369
2026-06-29T15:25:00+00:00,571.9999999999992,573.7399999999992,571.8599999999992,573.2999999999992,312
2026-06-29T15:30:00+00:00,573.2999999999992,573.5599999999991,572.7299999999992,572.7499999999992,243
2026-06-29T15:35:00+00:00,572.7499999999992,573.1199999999992,571.7499999999992,572.2499999999992,323
2026-06-29T15:40:00+00:00,572.2499999999992,572.5299999999992,570.8699999999992,572.1799999999992,289
2026-06-29T15:45:00+00:00,572.1799999999992,572.6399999999992,571.7299999999992,571.7499999999992,309
2026-06-29T15:50:00+00:00,571.7499999999992,571.9699999999992,570.8699999999992,571.0699999999993,231
2026-06-29T15:55:00+00:00,571.0699999999993,571.5299999999992,570.8699999999992,571.2399999999992,226
2026-06-29T16:00:00+00:00,571.2399999999992,572.2499999999992,570.8699999999992,571.3499999999992,296
2026-06-29T16:05:00+00:00,571.3499999999992,571.8399999999992,570.2299999999992,570.4399999999993,234
2026-06-29T16:10:00+00:00,570.4399999999993,570.8299999999992,569.9599999999992,570.3699999999992,229
2026-06-29T16:15:00+00:00,570.3699999999992,570.7899999999992,569.8799999999992,570.2999999999992,241
2026-06-29T16:20:00+00:00,570.2999999999992,571.3399999999992,570.2699999999992,571.2099999999992,183
2026-06-29T16:25:00+00:00,571.2099999999992,571.3299999999992,570.7299999999992,571.0099999999992,179
2026-06-29T16:30:00+00:00,571.0099999999992,571.3299999999992,570.2699999999992,570.2699999999992,232
2026-06-29T16:35:00+00:00,570.2699999999992,570.8799999999992,569.9899999999992,570.7299999999992,175
2026-06-29T16:40:00+00:00,570.7299999999992,570.8699999999992,569.7399999999992,570.8199999999993,353
2026-06-29T16:45:00+00:00,570.8199999999993,571.8099999999991,570.6099999999992,571.3499999999992,280
2026-06-29T16:50:00+00:00,571.3499999999992,572.3799999999992,571.0799999999992,572.2499999999992,306
2026-06-29T16:55:00+00:00,572.2499999999992,572.4699999999992,571.1999999999992,571.6499999999992,271
2026-06-29T17:00:00+00:00,571.6499999999992,571.9499999999992,571.1999999999992,571.5199999999992,235
2026-06-29T17:05:00+00:00,571.5199999999992,571.6799999999992,571.1999999999992,571.6099999999992,222
2026-06-29T17:10:00+00:00,571.6099999999992,572.4599999999992,571.4499999999992,572.0699999999993,253
2026-06-29T17:15:00+00:00,572.0699999999993,572.1399999999992,571.2099999999992,571.5499999999992,266
2026-06-29T17:20:00+00:00,571.5499999999992,572.1599999999992,570.9299999999992,571.0299999999992,255
2026-06-29T17:25:00+00:00,571.0299999999992,571.8399999999992,570.7299999999992,571.1599999999992,321
2026-06-29T17:30:00+00:00,571.1599999999992,572.1799999999992,570.7499999999992,571.4999999999992,281
2026-06-29T17:35:00+00:00,571.4999999999992,571.9399999999993,570.7299999999992,571.2699999999992,244
2026-06-29T17:40:00+00:00,571.2699999999992,572.7599999999992,571.0199999999992,572.3099999999991,211
2026-06-29T17:45:00+00:00,572.3099999999991,572.6199999999992,571.8199999999993,572.2899999999992,209
2026-06-29T17:50:00+00:00,572.2899999999992,572.7599999999992,572.1399999999992,572.3899999999992,209
2026-06-29T17:55:00+00:00,572.3899999999992,572.5299999999992,571.5699999999993,571.8199999999993,141
2026-06-29T18:00:00+00:00,571.8199999999993,572.5699999999993,571.7999999999992,572.1999999999992,182
2026-06-29T18:05:00+00:00,572.1999999999992,572.3899999999992,571.7399999999992,571.8699999999992,182
2026-06-29T18:10:00+00:00,571.8699999999992,572.3399999999992,571.7299999999992,572.0599999999991,167
2026-06-29T18:15:00+00:00,572.0599999999991,572.2399999999992,571.8099999999991,571.8599999999992,181
2026-06-29T18:20:00+00:00,571.8599999999992,572.0399999999992,571.3199999999993,571.3399999999992,159
2026-06-29T18:25:00+00:00,571.3399999999992,572.0099999999992,571.3199999999993,571.7499999999992,210
2026-06-29T18:30:00+00:00,571.7499999999992,573.1499999999992,571.7299999999992,572.9899999999992,212
2026-06-29T18:35:00+00:00,572.9899999999992,573.3399999999992,572.3399999999992,572.7499999999992,301
2026-06-29T18:40:00+00:00,572.7499999999992,572.9499999999992,572.2899999999992,572.7399999999992,290
2026-06-29T18:45:00+00:00,572.7399999999992,572.7699999999992,571.7199999999992,571.7799999999992,186
2026-06-29T18:50:00+00:00,571.7799999999992,571.8499999999992,571.1899999999993,571.6399999999992,226
2026-06-29T18:55:00+00:00,571.6399999999992,572.3199999999993,571.3899999999992,572.0899999999992,224
2026-06-29T19:00:00+00:00,572.0899999999992,572.6099999999992,571.7899999999992,572.1699999999992,251
2026-06-29T19:05:00+00:00,572.1699999999992,572.7699999999992,572.1399999999992,572.2399999999992,220
2026-06-29T19:10:00+00:00,572.2399999999992,572.6299999999992,572.0499999999992,572.4399999999993,231
2026-06-29T19:15:00+00:00,572.4399999999993,572.6599999999992,571.6399999999992,571.8399999999992,366
2026-06-29T19:20:00+00:00,571.8399999999992,572.1299999999992,571.7299999999992,571.9099999999992,272
2026-06-29T19:25:00+00:00,571.9099999999992,571.9999999999992,570.6799999999992,570.6799999999992,285
2026-06-29T19:30:00+00:00,570.6799999999992,571.3099999999991,570.5199999999992,571.1099999999992,242
2026-06-29T19:35:00+00:00,571.1099999999992,572.3499999999992,570.7599999999992,572.2799999999992,298
2026-06-29T19:40:00+00:00,572.2799999999992,573.3199999999993,572.2799999999992,573.1499999999992,352
2026-06-29T19:45:00+00:00,573.1499999999992,574.0499999999992,572.5299999999992,573.4799999999992,346
2026-06-29T19:50:00+00:00,573.4799999999992,573.5999999999992,569.7699999999992,571.4199999999992,667
2026-06-29T19:55:00+00:00,571.4199999999992,571.4199999999992,568.7399999999992,569.2299999999992,1331
2026-06-30T13:30:00+00:00,569.2299999999992,569.2299999999992,561.8299999999992,563.3099999999991,1006
2026-06-30T13:35:00+00:00,563.3099999999991,565.8999999999992,561.5399999999992,561.7999999999992,815
2026-06-30T13:40:00+00:00,561.7999999999992,564.3699999999992,561.5299999999992,563.7899999999992,484
2026-06-30T13:45:00+00:00,563.7899999999992,564.4999999999992,562.9799999999992,563.2499999999992,391
2026-06-30T13:50:00+00:00,563.2499999999992,564.4899999999992,562.0299999999992,562.2699999999992,401
2026-06-30T13:55:00+00:00,562.2699999999992,564.4099999999992,562.1399999999992,563.0199999999992,371
2026-06-30T14:00:00+00:00,563.0199999999992,563.1599999999992,560.7299999999992,563.1599999999992,457
2026-06-30T14:05:00+00:00,563.1599999999992,563.7299999999992,562.4699999999992,562.7499999999992,366
2026-06-30T14:10:00+00:00,562.7499999999992,562.7899999999992,561.2799999999992,561.4899999999992,302
2026-06-30T14:15:00+00:00,561.4899999999992,563.3499999999992,561.4899999999992,562.6699999999992,292
2026-06-30T14:20:00+00:00,562.6699999999992,563.2699999999992,562.4599999999992,562.9199999999992,254
2026-06-30T14:25:00+00:00,562.9199999999992,563.3199999999993,562.0299999999992,562.9199999999992,260
2026-06-30T14:30:00+00:00,562.9199999999992,563.8699999999992,562.5299999999992,563.0899999999992,299
2026-06-30T14:35:00+00:00,563.0899999999992,563.2799999999992,561.0499999999992,561.7199999999992,342
2026-06-30T14:40:00+00:00,561.7199999999992,561.9899999999992,560.3799999999992,561.2699999999992,315
2026-06-30T14:45:00+00:00,561.2699999999992,561.3899999999992,560.7199999999992,560.8299999999992,259
2026-06-30T14:50:00+00:00,560.8299999999992,561.4099999999992,558.1899999999993,558.3699999999992,344
2026-06-30T14:55:00+00:00,558.3699999999992,559.1699999999992,558.2499999999992,558.7299999999992,316
2026-06-30T15:00:00+00:00,558.7299999999992,559.8599999999992,558.7299999999992,559.4199999999992,406
2026-06-30T15:05:00+00:00,559.4199999999992,560.9099999999992,559.0799999999992,560.7399999999992,295
2026-06-30T15:10:00+00:00,560.7399999999992,561.4699999999992,560.5399999999992,561.4699999999992,269
2026-06-30T15:15:00+00:00,561.4699999999992,561.8699999999992,561.0199999999992,561.4799999999992,211
2026-06-30T15:20:00+00:00,561.4799999999992,562.8299999999992,561.4699999999992,562.8299999999992,210
2026-06-30T15:25:00+00:00,562.8299999999992,563.2299999999992,562.2799999999992,562.6399999999992,352
2026-06-30T15:30:00+00:00,562.6399999999992,563.7099999999992,561.8499999999992,563.5899999999992,351
2026-06-30T15:35:00+00:00,563.5899999999992,563.6299999999992,562.7799999999992,563.4599999999992,320
2026-06-30T15:40:00+00:00,563.4599999999992,563.6599999999992,562.7299999999992,562.7399999999992,216
2026-06-30T15:45:00+00:00,562.7399999999992,563.7399999999992,562.7399999999992,563.3499999999992,241
2026-06-30T15:50:00+00:00,563.3499999999992,563.7199999999992,562.5399999999992,563.6199999999992,234
2026-06-30T15:55:00+00:00,563.6199999999992,564.0799999999992,563.4199999999992,563.8599999999992,174
2026-06-30T16:00:00+00:00,563.8599999999992,564.1799999999992,563.5599999999991,563.8399999999992,210
2026-06-30T16:05:00+00:00,563.8399999999992,564.0899999999992,563.2299999999992,563.3499999999992,205
2026-06-30T16:10:00+00:00,563.3499999999992,563.6699999999992,562.5599999999991,562.9399999999993,246
2026-06-30T16:15:00+00:00,562.9399999999993,562.9599999999992,562.4799999999992,562.7999999999992,183
2026-06-30T16:20:00+00:00,562.7999999999992,562.7999999999992,562.1799999999992,562.4499999999992,186
2026-06-30T16:25:00+00:00,562.4499999999992,562.9999999999992,561.9299999999992,562.7299999999992,202
2026-06-30T16:30:00+00:00,562.7299999999992,563.3899999999992,562.6099999999992,563.2399999999992,187
2026-06-30T16:35:00+00:00,563.2399999999992,563.7199999999992,563.0299999999992,563.5499999999992,174
2026-06-30T16:40:00+00:00,563.5499999999992,564.7499999999992,563.3999999999992,564.6299999999992,261
2026-06-30T16:45:00+00:00,564.6299999999992,565.2999999999992,564.1899999999993,565.2999999999992,222
2026-06-30T16:50:00+00:00,565.2999999999992,565.7299999999992,564.7299999999992,565.1799999999992,272
2026-06-30T16:55:00+00:00,565.1799999999992,565.6799999999992,564.8099999999991,565.6699999999992,240
2026-06-30T17:00:00+00:00,565.6699999999992,565.9999999999992,565.3399999999992,565.5999999999992,209
2026-06-30T17:05:00+00:00,565.5999999999992,566.1399999999992,565.3399999999992,565.3599999999992,203
2026-06-30T17:10:00+00:00,565.3599999999992,565.5199999999992,564.8199999999993,565.0299999999992,172
2026-06-30T17:15:00+00:00,565.0299999999992,565.8599999999992,565.0199999999992,565.7799999999992,176
2026-06-30T17:20:00+00:00,565.7799999999992,566.9599999999992,565.4699999999992,566.8199999999993,258
2026-06-30T17:25:00+00:00,566.8199999999993,566.9199999999992,565.5299999999992,565.7299999999992,257
2026-06-30T17:30:00+00:00,565.7299999999992,567.1899999999993,565.5299999999992,567.1199999999992,237
2026-06-30T17:35:00+00:00,567.1199999999992,567.1999999999992,565.7599999999992,565.9799999999992,225
2026-06-30T17:40:00+00:00,565.9799999999992,566.7099999999992,565.5399999999992,566.5899999999992,177
2026-06-30T17:45:00+00:00,566.5899999999992,566.9399999999993,566.1199999999992,566.3499999999992,251
2026-06-30T17:50:00+00:00,566.3499999999992,566.7999999999992,566.2599999999992,566.4999999999992,222
2026-06-30T17:55:00+00:00,566.4999999999992,567.0099999999992,566.1299999999992,566.4299999999992,159
2026-06-30T18:00:00+00:00,566.4299999999992,567.5299999999992,566.4299999999992,566.9299999999992,245
2026-06-30T18:05:00+00:00,566.9299999999992,567.0199999999992,566.1299999999992,566.5499999999992,223
2026-06-30T18:10:00+00:00,566.5499999999992,567.2399999999992,566.4899999999992,567.2399999999992,143
2026-06-30T18:15:00+00:00,567.2399999999992,568.3599999999992,567.2399999999992,568.1599999999992,243
2026-06-30T18:20:00+00:00,568.1599999999992,568.1899999999993,567.5799999999992,568.0499999999992,172
2026-06-30T18:25:00+00:00,568.0499999999992,568.1399999999992,567.0299999999992,567.2699999999992,226
2026-06-30T18:30:00+00:00,567.2699999999992,567.3799999999992,566.5599999999991,566.5599999999991,235
2026-06-30T18:35:00+00:00,566.5599999999991,567.0399999999992,566.4099999999992,566.7199999999992,218
2026-06-30T18:40:00+00:00,566.7199999999992,566.7399999999992,565.8999999999992,566.0899999999992,250
2026-06-30T18:45:00+00:00,566.0899999999992,566.8399999999992,565.6699999999992,566.7099999999992,235
2026-06-30T18:50:00+00:00,566.7099999999992,567.9499999999992,566.6499999999992,567.3399999999992,231
2026-06-30T18:55:00+00:00,567.3399999999992,567.5199999999992,567.0299999999992,567.3799999999992,204
2026-06-30T19:00:00+00:00,567.3799999999992,567.5999999999992,567.1299999999992,567.3999999999992,137
2026-06-30T19:05:00+00:00,567.3999999999992,567.7499999999992,567.3099999999991,567.6799999999992,192
2026-06-30T19:10:00+00:00,567.6799999999992,567.6799999999992,567.2599999999992,567.4099999999992,177
2026-06-30T19:15:00+00:00,567.4099999999992,567.8799999999992,567.2499999999992,567.3699999999992,201
2026-06-30T19:20:00+00:00,567.3699999999992,567.9999999999992,567.2499999999992,567.9099999999992,205
2026-06-30T19:25:00+00:00,567.9099999999992,568.3899999999992,567.6299999999992,568.1699999999992,293
2026-06-30T19:30:00+00:00,568.1699999999992,568.7899999999992,568.0799999999992,568.3499999999992,272
2026-06-30T19:35:00+00:00,568.3499999999992,568.6299999999992,567.9799999999992,568.6299999999992,278
2026-06-30T19:40:00+00:00,568.6299999999992,568.9299999999992,568.4099999999992,568.7799999999992,310
2026-06-30T19:45:00+00:00,568.7799999999992,568.7899999999992,567.1299999999992,567.7199999999992,357
2026-06-30T19:50:00+00:00,567.7199999999992,569.2999999999992,567.1299999999992,569.1599999999992,429
2026-06-30T19:55:00+00:00,569.1599999999992,572.1799999999992,568.7299999999992,569.5699999999993,1667
2026-07-01T13:30:00+00:00,569.5699999999993,612.6099999999992,569.5699999999993,607.7699999999992,1916
2026-07-01T13:35:00+00:00,607.7699999999992,616.1899999999993,607.5199999999992,614.9499999999992,1565
2026-07-01T13:40:00+00:00,614.9499999999992,616.9999999999992,606.7299999999992,608.3599999999992,1396
2026-07-01T13:45:00+00:00,608.3599999999992,608.5699999999993,603.3799999999992,605.7399999999992,1137
2026-07-01T13:50:00+00:00,605.7399999999992,612.6699999999992,605.7299999999992,611.3399999999992,979
2026-07-01T13:55:00+00:00,611.3399999999992,613.1399999999992,609.9099999999992,613.1399999999992,702
2026-07-01T14:00:00+00:00,613.1399999999992,623.0699999999993,612.5199999999992,620.7899999999992,1270
2026-07-01T14:05:00+00:00,620.7899999999992,623.4699999999992,619.7299999999992,621.0399999999992,1137
2026-07-01T14:10:00+00:00,621.0399999999992,621.4299999999992,615.8399999999992,617.1299999999992,974
2026-07-01T14:15:00+00:00,617.1299999999992,620.4699999999992,616.8299999999992,617.7399999999992,839
2026-07-01T14:20:00+00:00,617.7399999999992,620.4299999999992,617.0999999999992,619.2299999999992,884
2026-07-01T14:25:00+00:00,619.2299999999992,620.9199999999992,617.2599999999992,619.1599999999992,906
2026-07-01T14:30:00+00:00,619.1599999999992,623.8299999999992,618.3799999999992,623.6199999999992,1002
2026-07-01T14:35:00+00:00,623.6199999999992,629.4799999999992,623.6199999999992,626.4199999999992,1317
2026-07-01T14:40:00+00:00,626.4199999999992,630.5799999999992,624.9299999999992,629.5899999999992,980
2026-07-01T14:45:00+00:00,629.5899999999992,629.5999999999992,626.2299999999992,627.1399999999992,1031
2026-07-01T14:50:00+00:00,627.1399999999992,631.5699999999993,626.7399999999992,630.7299999999992,1014
2026-07-01T14:55:00+00:00,630.7299999999992,631.7299999999992,625.8999999999992,629.3799999999992,1079.9843260188088
2026-07-01T15:00:00+00:00,629.3799999999992,634.1499999999992,628.9399999999991,633.7099999999991,956
2026-07-01T15:05:00+00:00,633.7099999999991,634.9899999999991,631.9199999999992,632.9499999999991,974
2026-07-01T15:10:00+00:00,632.9499999999991,633.6899999999991,631.0399999999992,632.3999999999992,869
2026-07-01T15:15:00+00:00,632.3999999999992,633.1499999999992,627.7899999999992,629.8099999999991,988
2026-07-01T15:20:00+00:00,629.8099999999991,632.6499999999992,628.8599999999991,630.9099999999992,765
2026-07-01T15:25:00+00:00,630.9099999999992,634.3899999999992,630.7899999999992,634.2199999999991,709
2026-07-01T15:30:00+00:00,634.2199999999991,634.4599999999991,630.5199999999992,630.6699999999992,818
2026-07-01T15:35:00+00:00,630.6699999999992,631.0599999999991,626.8999999999992,627.0799999999991,817
2026-07-01T15:40:00+00:00,627.0799999999991,628.5799999999991,625.0399999999992,625.2899999999992,786
2026-07-01T15:45:00+00:00,625.2899999999992,626.7599999999992,622.3899999999992,623.0899999999991,856
2026-07-01T15:50:00+00:00,623.0899999999991,625.2399999999991,622.7399999999991,624.4299999999992,606
2026-07-01T15:55:00+00:00,624.4299999999992,626.1999999999991,624.1199999999991,624.3099999999991,580
2026-07-01T16:00:00+00:00,624.3099999999991,626.2299999999991,624.1199999999991,625.2999999999992,586
2026-07-01T16:05:00+00:00,625.2999999999992,627.3099999999991,624.8499999999991,626.0499999999992,609
2026-07-01T16:10:00+00:00,626.0499999999992,627.4499999999991,624.1299999999992,624.7399999999991,685
2026-07-01T16:15:00+00:00,624.7399999999991,625.9199999999992,624.4599999999991,624.9099999999992,527
2026-07-01T16:20:00+00:00,624.9099999999992,625.6699999999992,623.2899999999992,624.0699999999991,488
2026-07-01T16:25:00+00:00,624.0699999999991,626.3299999999991,623.9099999999992,624.6699999999992,531
2026-07-01T16:30:00+00:00,624.6699999999992,626.4299999999992,624.5399999999992,625.1699999999992,491
2026-07-01T16:35:00+00:00,625.1699999999992,627.0599999999991,624.8199999999991,625.4599999999991,398
2026-07-01T16:40:00+00:00,625.4599999999991,625.7099999999991,624.5399999999992,625.5999999999991,346
2026-07-01T16:45:00+00:00,625.5999999999991,625.6299999999992,624.5199999999992,624.5399999999992,329
2026-07-01T16:50:00+00:00,624.5399999999992,626.3899999999992,623.4399999999991,624.0799999999991,470
2026-07-01T16:55:00+00:00,624.0799999999991,625.5999999999991,622.2899999999992,623.5699999999991,655
2026-07-01T17:00:00+00:00,623.5699999999991,626.0099999999992,623.5299999999992,625.4999999999992,476
2026-07-01T17:05:00+00:00,625.4999999999992,625.9499999999991,624.5499999999992,625.7699999999992,430
2026-07-01T17:10:00+00:00,625.7699999999992,625.7699999999992,624.0499999999992,624.7799999999992,416
2026-07-01T17:15:00+00:00,624.7799999999992,625.5199999999992,624.1499999999992,625.1199999999991,299
2026-07-01T17:20:00+00:00,625.1199999999991,626.1899999999991,624.8299999999991,625.1999999999991,394
2026-07-01T17:25:00+00:00,625.1999999999991,625.2499999999992,624.1599999999992,624.2599999999992,374
2026-07-01T17:30:00+00:00,624.2599999999992,625.2099999999991,623.7399999999991,624.0099999999992,429
2026-07-01T17:35:00+00:00,624.0099999999992,625.9599999999991,623.9099999999992,625.7599999999992,389
2026-07-01T17:40:00+00:00,625.7599999999992,626.0099999999992,624.3599999999991,625.7399999999991,438
2026-07-01T17:45:00+00:00,625.7399999999991,628.4399999999991,625.4599999999991,628.1699999999992,459
2026-07-01T17:50:00+00:00,628.1699999999992,629.5899999999991,627.7999999999992,628.5899999999991,510
2026-07-01T17:55:00+00:00,628.5899999999991,628.7799999999992,626.8099999999991,628.0899999999991,440
2026-07-01T18:00:00+00:00,628.0899999999991,628.5199999999992,626.7999999999992,627.8999999999992,333
2026-07-01T18:05:00+00:00,627.8999999999992,628.3199999999991,627.4899999999991,627.6199999999991,315
2026-07-01T18:10:00+00:00,627.6199999999991,627.9799999999991,624.8499999999991,624.9599999999991,346
2026-07-01T18:15:00+00:00,624.9599999999991,625.3899999999992,624.4899999999991,624.8099999999991,328
2026-07-01T18:20:00+00:00,624.8099999999991,627.9899999999991,624.7499999999992,627.7999999999992,570
2026-07-01T18:25:00+00:00,627.7999999999992,628.4299999999992,626.9199999999992,627.8899999999992,417
2026-07-01T18:30:00+00:00,627.8899999999992,628.0799999999991,626.7899999999992,627.2099999999991,354
2026-07-01T18:35:00+00:00,627.2099999999991,627.7399999999991,626.2799999999992,626.9299999999992,308
2026-07-01T18:40:00+00:00,626.9299999999992,627.2399999999991,624.9599999999991,624.9599999999991,390
2026-07-01T18:45:00+00:00,624.9599999999991,627.2599999999992,624.9499999999991,626.0999999999991,409
2026-07-01T18:50:00+00:00,626.0999999999991,626.8099999999991,625.0499999999992,625.1999999999991,361
2026-07-01T18:55:00+00:00,625.1999999999991,627.7099999999991,624.7899999999992,624.9299999999992,413
2026-07-01T19:00:00+00:00,624.9299999999992,625.7099999999991,623.2799999999992,623.3699999999991,404
2026-07-01T19:05:00+00:00,623.3699999999991,624.4599999999991,623.3299999999991,624.4599999999991,373
2026-07-01T19:10:00+00:00,624.4599999999991,624.4599999999991,621.8899999999992,623.8499999999991,515
2026-07-01T19:15:00+00:00,623.8499999999991,624.3999999999992,621.7899999999992,622.3299999999991,498
2026-07-01T19:20:00+00:00,622.3299999999991,623.7599999999992,621.8199999999991,623.4099999999992,371
2026-07-01T19:25:00+00:00,623.4099999999992,623.5699999999991,621.1399999999992,621.3999999999992,434
2026-07-01T19:30:00+00:00,621.3999999999992,622.8799999999992,621.2599999999992,622.1599999999992,416
2026-07-01T19:35:00+00:00,622.1599999999992,623.6699999999992,621.8199999999991,623.3799999999992,425
2026-07-01T19:40:00+00:00,623.3799999999992,623.6799999999992,622.4899999999991,623.2099999999991,422
2026-07-01T19:45:00+00:00,623.2099999999991,623.6999999999991,619.3599999999991,619.5599999999991,593
2026-07-01T19:50:00+00:00,619.5599999999991,620.5699999999991,617.8899999999992,619.7999999999992,917
2026-07-01T19:55:00+00:00,619.7999999999992,621.2199999999991,617.8199999999991,619.8699999999991,1655
2026-07-02T13:30:00+00:00,619.8699999999991,619.8699999999991,605.8199999999991,607.2399999999991,1387
2026-07-02T13:35:00+00:00,607.2399999999991,608.0099999999992,604.1399999999992,606.1399999999992,1279
2026-07-02T13:40:00+00:00,606.1399999999992,607.0299999999992,601.9899999999991,602.2899999999992,1058
2026-07-02T13:45:00+00:00,602.2899999999992,602.4299999999992,599.2799999999992,599.8699999999991,895
2026-07-02T13:50:00+00:00,599.8699999999991,602.4999999999992,598.7999999999992,599.4599999999991,927
2026-07-02T13:55:00+00:00,599.4599999999991,600.1699999999992,598.0099999999992,599.0899999999991,685
2026-07-02T14:00:00+00:00,599.0899999999991,600.8399999999991,597.2199999999991,598.6999999999991,825
2026-07-02T14:05:00+00:00,598.6999999999991,600.6799999999992,598.3899999999992,598.7899999999992,610
2026-07-02T14:10:00+00:00,598.7899999999992,598.9899999999991,597.1999999999991,597.8099999999991,608
2026-07-02T14:15:00+00:00,597.8099999999991,597.8199999999991,595.9399999999991,597.5999999999991,675
2026-07-02T14:20:00+00:00,597.5999999999991,598.7999999999992,596.5399999999992,598.2999999999992,659
2026-07-02T14:25:00+00:00,598.2999999999992,598.7099999999991,595.5499999999992,597.5699999999991,778
2026-07-02T14:30:00+00:00,597.5699999999991,599.4999999999992,596.3199999999991,597.1299999999992,754
2026-07-02T14:35:00+00:00,597.1299999999992,599.4799999999991,595.7899999999992,598.1099999999991,678
2026-07-02T14:40:00+00:00,598.1099999999991,598.8699999999991,594.9899999999991,595.6099999999991,853
2026-07-02T14:45:00+00:00,595.6099999999991,598.0899999999991,595.2499999999992,597.7899999999992,766
2026-07-02T14:50:00+00:00,597.7899999999992,598.3799999999992,595.9399999999991,597.0199999999992,662
2026-07-02T14:55:00+00:00,597.0199999999992,597.7899999999992,595.9399999999991,596.8399999999991,604.9263338722716
2026-07-02T15:00:00+00:00,596.8399999999991,597.3299999999991,594.5099999999991,594.5799999999991,759
2026-07-02T15:05:00+00:00,594.5799999999991,595.1099999999991,592.6799999999992,594.3499999999991,812
2026-07-02T15:10:00+00:00,594.3499999999991,595.3299999999991,593.9499999999991,595.2799999999991,612
2026-07-02T15:15:00+00:00,595.2799999999991,595.5099999999991,594.3299999999991,594.4599999999991,646
2026-07-02T15:20:00+00:00,594.4599999999991,594.9899999999991,593.3299999999991,594.9899999999991,464
2026-07-02T15:25:00+00:00,594.9899999999991,595.4999999999991,593.9799999999991,594.3699999999991,401
2026-07-02T15:30:00+00:00,594.3699999999991,595.5499999999992,594.0999999999991,594.9699999999991,382
2026-07-02T15:35:00+00:00,594.9699999999991,596.6799999999992,594.8599999999991,595.8499999999991,462
2026-07-02T15:40:00+00:00,595.8499999999991,596.0799999999991,594.3899999999991,594.5599999999991,461
2026-07-02T15:45:00+00:00,594.5599999999991,594.7899999999992,593.4799999999991,594.3999999999991,409
2026-07-02T15:50:00+00:00,594.3999999999991,594.8199999999991,594.2099999999991,594.5199999999991,300
2026-07-02T15:55:00+00:00,594.5199999999991,594.7699999999991,593.8299999999991,593.9499999999991,346
2026-07-02T16:00:00+00:00,593.9499999999991,594.2299999999991,593.0899999999991,593.8399999999991,365
2026-07-02T16:05:00+00:00,593.8399999999991,594.1699999999992,591.1299999999991,591.1399999999991,491
2026-07-02T16:10:00+00:00,591.1399999999991,592.7199999999991,591.1299999999991,592.0599999999991,458
2026-07-02T16:15:00+00:00,592.0599999999991,593.2799999999991,591.1899999999991,593.0699999999991,338
2026-07-02T16:20:00+00:00,593.0699999999991,593.4799999999991,592.3399999999991,593.3199999999991,274
2026-07-02T16:25:00+00:00,593.3199999999991,593.9899999999991,592.9399999999991,593.7399999999991,294
2026-07-02T16:30:00+00:00,593.7399999999991,594.1699999999992,593.2199999999991,593.4599999999991,291
2026-07-02T16:35:00+00:00,593.4599999999991,593.6099999999991,592.0299999999991,593.3399999999991,453
2026-07-02T16:40:00+00:00,593.3399999999991,593.7499999999991,592.8299999999991,592.8799999999991,355
2026-07-02T16:45:00+00:00,592.8799999999991,593.2999999999992,592.1299999999991,592.4199999999992,209
2026-07-02T16:50:00+00:00,592.4199999999992,593.2199999999991,592.1299999999991,592.7399999999991,277
2026-07-02T16:55:00+00:00,592.7399999999991,592.7399999999991,591.3299999999991,591.4899999999991,347
2026-07-02T17:00:00+00:00,591.4899999999991,592.8799999999991,591.0499999999992,591.6599999999991,405
2026-07-02T17:05:00+00:00,591.6599999999991,592.1999999999991,591.0499999999992,591.5999999999991,270
2026-07-02T17:10:00+00:00,591.5999999999991,592.5199999999991,591.4299999999992,592.3399999999991,280
2026-07-02T17:15:00+00:00,592.3399999999991,592.5499999999992,591.4999999999991,591.8299999999991,380
2026-07-02T17:20:00+00:00,591.8299999999991,592.6799999999992,591.4699999999991,592.2399999999991,224
2026-07-02T17:25:00+00:00,592.2399999999991,592.2999999999992,591.1599999999991,591.7599999999991,248
2026-07-02T17:30:00+00:00,591.7599999999991,592.2299999999991,591.1599999999991,591.4499999999991,245
2026-07-02T17:35:00+00:00,591.4499999999991,591.4599999999991,590.7199999999991,590.8699999999991,258
2026-07-02T17:40:00+00:00,590.8699999999991,591.4899999999991,590.5299999999991,591.0299999999991,236
2026-07-02T17:45:00+00:00,591.0299999999991,591.3199999999991,590.6299999999991,591.3199999999991,241
2026-07-02T17:50:00+00:00,591.3199999999991,591.8299999999991,590.8299999999991,591.4399999999991,238
2026-07-02T17:55:00+00:00,591.4399999999991,591.6899999999991,591.1299999999991,591.1299999999991,207
2026-07-02T18:00:00+00:00,591.1299999999991,592.2699999999991,590.8599999999991,590.9199999999992,315
2026-07-02T18:05:00+00:00,590.9199999999992,593.2499999999991,590.9199999999992,592.7099999999991,311
2026-07-02T18:10:00+00:00,592.7099999999991,593.5499999999992,592.0899999999991,593.2299999999991,274
2026-07-02T18:15:00+00:00,593.2299999999991,593.5899999999991,591.8299999999991,592.3699999999991,267
2026-07-02T18:20:00+00:00,592.3699999999991,592.5399999999992,591.8799999999991,592.2499999999991,224
2026-07-02T18:25:00+00:00,592.2499999999991,593.2199999999991,591.8799999999991,593.0299999999991,255
2026-07-02T18:30:00+00:00,593.0299999999991,593.3599999999991,592.5199999999991,592.6499999999991,231
2026-07-02T18:35:00+00:00,592.6499999999991,593.1299999999991,592.3299999999991,593.1299999999991,260
2026-07-02T18:40:00+00:00,593.1299999999991,593.1699999999992,592.1299999999991,592.1299999999991,228
2026-07-02T18:45:00+00:00,592.1299999999991,593.0799999999991,591.6299999999991,592.7499999999991,248
2026-07-02T18:50:00+00:00,592.7499999999991,592.9499999999991,590.2099999999991,590.2599999999991,300
2026-07-02T18:55:00+00:00,590.2599999999991,591.8099999999991,587.2399999999991,591.6299999999991,716
2026-07-02T19:00:00+00:00,591.6299999999991,591.8399999999991,590.3299999999991,590.4899999999991,355
2026-07-02T19:05:00+00:00,590.4899999999991,594.3699999999991,589.8299999999991,592.7999999999992,660
2026-07-02T19:10:00+00:00,592.7999999999992,593.7399999999991,591.8899999999991,593.1099999999991,451
2026-07-02T19:15:00+00:00,593.1099999999991,593.2799999999991,592.1599999999991,592.6499999999991,333
2026-07-02T19:20:00+00:00,592.6499999999991,593.3899999999991,592.3299999999991,593.2399999999991,334
2026-07-02T19:25:00+00:00,593.2399999999991,593.3199999999991,592.4899999999991,593.0399999999992,328
2026-07-02T19:30:00+00:00,593.0399999999992,593.4999999999991,592.3899999999991,592.3899999999991,372
2026-07-02T19:35:00+00:00,592.3899999999991,593.0199999999991,591.3299999999991,591.5899999999991,352
2026-07-02T19:40:00+00:00,591.5899999999991,591.6199999999991,590.6199999999991,590.6199999999991,336
2026-07-02T19:45:00+00:00,590.6199999999991,590.7099999999991,589.3899999999991,589.6399999999991,430
2026-07-02T19:50:00+00:00,589.6399999999991,591.5699999999991,589.3299999999991,591.5699999999991,783
2026-07-02T19:55:00+00:00,591.5699999999991,591.9399999999991,588.4699999999991,589.5799999999991,1052
2026-07-06T13:30:00+00:00,589.5799999999991,603.7699999999991,589.5799999999991,598.3399999999991,1175
2026-07-06T13:35:00+00:00,598.3399999999991,598.8999999999991,591.4299999999992,592.3999999999991,1114
2026-07-06T13:40:00+00:00,592.3999999999991,594.3199999999991,590.9399999999991,593.1199999999991,929
2026-07-06T13:45:00+00:00,593.1199999999991,595.2099999999991,591.4799999999991,592.4199999999992,705
2026-07-06T13:50:00+00:00,592.4199999999992,593.3999999999991,590.4799999999991,592.6999999999991,646
2026-07-06T13:55:00+00:00,592.6999999999991,593.0999999999991,588.8399999999991,588.9099999999991,681
2026-07-06T14:00:00+00:00,588.9099999999991,592.6799999999992,588.6299999999991,592.4099999999991,692
2026-07-06T14:05:00+00:00,592.4099999999991,593.3699999999991,591.1099999999991,592.5699999999991,476
2026-07-06T14:10:00+00:00,592.5699999999991,594.7299999999991,592.2499999999991,593.7699999999991,515
2026-07-06T14:15:00+00:00,593.7699999999991,594.3399999999991,592.4399999999991,592.8699999999991,557
2026-07-06T14:20:00+00:00,592.8699999999991,594.5199999999991,592.4899999999991,593.7299999999991,351
2026-07-06T14:25:00+00:00,593.7299999999991,595.3599999999991,593.3399999999991,593.8399999999991,417
2026-07-06T14:30:00+00:00,593.8399999999991,594.4299999999992,593.4399999999991,594.0999999999991,342
2026-07-06T14:35:00+00:00,594.0999999999991,595.3299999999991,593.4299999999992,593.9799999999991,483
2026-07-06T14:40:00+00:00,593.9799999999991,594.3699999999991,593.2399999999991,593.8799999999991,420
2026-07-06T14:45:00+00:00,593.8799999999991,595.2199999999991,593.7599999999991,595.1399999999991,365
2026-07-06T14:50:00+00:00,595.1399999999991,596.2499999999991,594.8399999999991,595.7899999999992,558
2026-07-06T14:55:00+00:00,595.7899999999992,596.8199999999991,595.1699999999992,595.1699999999992,395
2026-07-06T15:00:00+00:00,595.1699999999992,595.7199999999991,594.8399999999991,595.3999999999991,329
2026-07-06T15:05:00+00:00,595.3999999999991,596.4499999999991,595.3799999999991,595.8499999999991,345
2026-07-06T15:10:00+00:00,595.8499999999991,597.3799999999991,595.7399999999991,596.6099999999991,356
2026-07-06T15:15:00+00:00,596.6099999999991,597.3899999999991,596.0999999999991,597.1299999999991,325
2026-07-06T15:20:00+00:00,597.1299999999991,597.7099999999991,596.7299999999991,597.5999999999991,350
2026-07-06T15:25:00+00:00,597.5999999999991,598.6599999999991,597.5299999999991,598.5599999999991,447
2026-07-06T15:30:00+00:00,598.5599999999991,598.9099999999991,597.8399999999991,598.3299999999991,419
2026-07-06T15:35:00+00:00,598.3299999999991,598.3999999999991,597.5299999999991,597.9599999999991,369
2026-07-06T15:40:00+00:00,597.9599999999991,599.2699999999991,597.8999999999991,599.0999999999991,366
2026-07-06T15:45:00+00:00,599.0999999999991,599.1399999999991,598.5399999999992,598.8099999999991,306
2026-07-06T15:50:00+00:00,598.8099999999991,599.2499999999991,598.5699999999991,598.8599999999991,328
2026-07-06T15:55:00+00:00,598.8599999999991,599.6199999999991,598.5699999999991,599.5799999999991,301
2026-07-06T16:00:00+00:00,599.5799999999991,599.5799999999991,598.6399999999991,599.3999999999991,333
2026-07-06T16:05:00+00:00,599.3999999999991,599.8599999999991,598.9699999999991,599.4499999999991,330
2026-07-06T16:10:00+00:00,599.4499999999991,599.5599999999991,598.8299999999991,599.5499999999992,327
2026-07-06T16:15:00+00:00,599.5499999999992,604.8999999999991,599.3999999999991,602.1799999999992,767
2026-07-06T16:20:00+00:00,602.1799999999992,602.6899999999991,600.4199999999992,600.4399999999991,491
2026-07-06T16:25:00+00:00,600.4399999999991,600.5899999999991,598.9799999999991,599.0899999999991,336
2026-07-06T16:30:00+00:00,599.0899999999991,599.8099999999991,598.8399999999991,599.4499999999991,292
2026-07-06T16:35:00+00:00,599.4499999999991,599.6899999999991,598.5199999999991,598.9499999999991,251
2026-07-06T16:40:00+00:00,598.9499999999991,599.2599999999991,598.6699999999992,598.8399999999991,249
2026-07-06T16:45:00+00:00,598.8399999999991,599.4799999999991,598.3799999999991,599.0999999999991,254
2026-07-06T16:50:00+00:00,599.0999999999991,599.3199999999991,598.3999999999991,598.6399999999991,303
2026-07-06T16:55:00+00:00,598.6399999999991,599.0599999999991,598.4199999999992,598.8799999999991,294
2026-07-06T17:00:00+00:00,598.8799999999991,599.9399999999991,598.8399999999991,599.6199999999991,362
2026-07-06T17:05:00+00:00,599.6199999999991,600.9699999999991,599.4799999999991,600.9499999999991,310
2026-07-06T17:10:00+00:00,600.9499999999991,601.1999999999991,600.2099999999991,601.1799999999992,368
2026-07-06T17:15:00+00:00,601.1799999999992,601.7199999999991,600.9399999999991,601.3799999999991,305
2026-07-06T17:20:00+00:00,601.3799999999991,601.8499999999991,601.0799999999991,601.5799999999991,394
2026-07-06T17:25:00+00:00,601.5799999999991,601.7099999999991,601.2299999999991,601.4799999999991,230
2026-07-06T17:30:00+00:00,601.4799999999991,601.5499999999992,600.1099999999991,600.1299999999991,352
2026-07-06T17:35:00+00:00,600.1299999999991,600.5899999999991,600.1099999999991,600.3799999999991,322
2026-07-06T17:40:00+00:00,600.3799999999991,601.1799999999992,600.1199999999991,600.9499999999991,279
2026-07-06T17:45:00+00:00,600.9499999999991,601.0199999999991,599.5999999999991,599.6099999999991,300
2026-07-06T17:50:00+00:00,599.6099999999991,600.0899999999991,599.3499999999991,599.8699999999991,306
2026-07-06T17:55:00+00:00,599.8699999999991,601.2499999999991,599.7899999999992,600.5499999999992,297
2026-07-06T18:00:00+00:00,600.5499999999992,602.0399999999992,600.1299999999991,600.6799999999992,362
2026-07-06T18:05:00+00:00,600.6799999999992,601.0399999999992,600.5699999999991,600.8599999999991,281
2026-07-06T18:10:00+00:00,600.8599999999991,603.4699999999991,600.8399999999991,602.9199999999992,362
2026-07-06T18:15:00+00:00,602.9199999999992,604.7699999999991,602.9199999999992,603.7099999999991,405
2026-07-06T18:20:00+00:00,603.7099999999991,608.5699999999991,603.5399999999992,607.3099999999991,715
2026-07-06T18:25:00+00:00,607.3099999999991,607.9399999999991,606.4899999999991,606.7599999999991,419
2026-07-06T18:30:00+00:00,606.7599999999991,608.6299999999991,606.7599999999991,608.0299999999991,477
2026-07-06T18:35:00+00:00,608.0299999999991,608.9499999999991,607.8299999999991,608.5999999999991,396
2026-07-06T18:40:00+00:00,608.5999999999991,609.1999999999991,606.8299999999991,606.8799999999991,490
2026-07-06T18:45:00+00:00,606.8799999999991,607.0399999999992,605.8499999999991,606.3699999999991,367
2026-07-06T18:50:00+00:00,606.3699999999991,607.5599999999991,605.8499999999991,607.3299999999991,353
2026-07-06T18:55:00+00:00,607.3299999999991,607.4399999999991,606.5099999999991,606.5299999999991,357
2026-07-06T19:00:00+00:00,606.5299999999991,607.7299999999991,606.5299999999991,607.6599999999991,342
2026-07-06T19:05:00+00:00,607.6599999999991,608.0899999999991,607.4099999999991,607.5499999999992,355
2026-07-06T19:10:00+00:00,607.5499999999992,607.8399999999991,606.9499999999991,607.1499999999991,299
2026-07-06T19:15:00+00:00,607.1499999999991,607.2899999999992,606.5199999999991,607.0999999999991,343
2026-07-06T19:20:00+00:00,607.0999999999991,607.1199999999991,605.8699999999991,606.2599999999991,471
2026-07-06T19:25:00+00:00,606.2599999999991,607.2799999999991,606.1299999999991,607.1499999999991,331
2026-07-06T19:30:00+00:00,607.1499999999991,609.1099999999991,607.1099999999991,607.9799999999991,576
2026-07-06T19:35:00+00:00,607.9799999999991,608.9399999999991,607.9799999999991,608.9399999999991,336
2026-07-06T19:40:00+00:00,608.9399999999991,609.8699999999991,608.7099999999991,609.4799999999991,454
2026-07-06T19:45:00+00:00,609.4799999999991,610.3499999999991,609.4799999999991,609.8399999999991,445
2026-07-06T19:50:00+00:00,609.8399999999991,609.8399999999991,606.2399999999991,606.2599999999991,721
2026-07-06T19:55:00+00:00,606.2599999999991,608.1899999999991,606.2499999999991,607.0799999999991,1138
2026-07-07T13:30:00+00:00,607.0799999999991,618.8899999999991,607.0799999999991,615.2699999999991,1382
2026-07-07T13:35:00+00:00,615.2699999999991,619.0699999999991,613.4999999999991,617.0599999999991,1307
2026-07-07T13:40:00+00:00,617.0599999999991,620.0399999999992,616.1599999999991,620.0399999999992,1074
2026-07-07T13:45:00+00:00,620.0399999999992,620.8799999999991,617.9699999999991,619.3399999999991,1126
2026-07-07T13:50:00+00:00,619.3399999999991,620.0999999999991,617.4199999999992,617.8499999999991,848
2026-07-07T13:55:00+00:00,617.8499999999991,619.5799999999991,616.4499999999991,619.1699999999992,955
2026-07-07T14:00:00+00:00,619.1699999999992,620.2399999999991,618.0099999999991,619.3799999999991,893
2026-07-07T14:05:00+00:00,619.3799999999991,620.1299999999991,617.8399999999991,618.2799999999991,698
2026-07-07T14:10:00+00:00,618.2799999999991,619.8799999999991,617.8299999999991,618.9299999999992,763
2026-07-07T14:15:00+00:00,618.9299999999992,622.6499999999991,617.3799999999991,620.0399999999992,1095
2026-07-07T14:20:00+00:00,620.0399999999992,620.4099999999991,617.6799999999992,618.3599999999991,728
2026-07-07T14:25:00+00:00,618.3599999999991,618.7799999999991,615.6199999999991,617.6699999999992,852
2026-07-07T14:30:00+00:00,617.6699999999992,618.0799999999991,616.3499999999991,617.2099999999991,753
2026-07-07T14:35:00+00:00,617.2099999999991,617.3299999999991,615.3399999999991,616.5399999999992,805
2026-07-07T14:40:00+00:00,616.5399999999992,617.0899999999991,613.9699999999991,615.9999999999991,851
2026-07-07T14:45:00+00:00,615.9999999999991,617.0599999999991,613.9599999999991,614.4699999999991,615
2026-07-07T14:50:00+00:00,614.4699999999991,614.9399999999991,613.3899999999991,614.1499999999991,651
2026-07-07T14:55:00+00:00,614.1499999999991,614.3599999999991,611.3599999999991,612.0399999999992,618
2026-07-07T15:00:00+00:00,612.0399999999992,613.2899999999992,611.6099999999991,611.7999999999992,667
2026-07-07T15:05:00+00:00,611.7999999999992,613.2499999999991,611.7199999999991,612.9299999999992,527
2026-07-07T15:10:00+00:00,612.9299999999992,612.9299999999992,610.8299999999991,610.9299999999992,499
2026-07-07T15:15:00+00:00,610.9299999999992,613.5399999999992,610.8499999999991,612.8299999999991,555
2026-07-07T15:20:00+00:00,612.8299999999991,613.4299999999992,612.5399999999992,612.8999999999991,459
2026-07-07T15:25:00+00:00,612.8999999999991,613.7799999999991,612.5999999999991,613.2499999999991,396
2026-07-07T15:30:00+00:00,613.2499999999991,613.4699999999991,611.5699999999991,611.8599999999991,425
2026-07-07T15:35:00+00:00,611.8599999999991,612.6399999999991,611.6999999999991,611.9899999999991,360
2026-07-07T15:40:00+00:00,611.9899999999991,612.5399999999992,611.6199999999991,612.5099999999991,499
2026-07-07T15:45:00+00:00,612.5099999999991,613.1899999999991,612.3399999999991,612.9099999999991,422
2026-07-07T15:50:00+00:00,612.9099999999991,613.1599999999991,611.2299999999991,611.2399999999991,432
2026-07-07T15:55:00+00:00,611.2399999999991,612.5799999999991,611.2399999999991,611.8499999999991,344
2026-07-07T16:00:00+00:00,611.8499999999991,612.0399999999992,610.4299999999992,610.5499999999992,379
2026-07-07T16:05:00+00:00,610.5499999999992,612.6399999999991,610.5099999999991,612.6299999999991,315
2026-07-07T16:10:00+00:00,612.6299999999991,612.8399999999991,611.5099999999991,611.7699999999991,379
2026-07-07T16:15:00+00:00,611.7699999999991,612.6699999999992,611.6999999999991,611.9699999999991,236
2026-07-07T16:20:00+00:00,611.9699999999991,612.8799999999991,611.8599999999991,612.1699999999992,254
2026-07-07T16:25:00+00:00,612.1699999999992,613.3599999999991,612.1399999999991,612.8499999999991,286
2026-07-07T16:30:00+00:00,612.8499999999991,614.3999999999991,612.8299999999991,614.2899999999992,343
2026-07-07T16:35:00+00:00,614.2899999999992,616.0299999999991,614.2899999999992,616.0099999999991,376
2026-07-07T16:40:00+00:00,616.0099999999991,616.1099999999991,614.2799999999991,614.2999999999992,327
2026-07-07T16:45:00+00:00,614.2999999999992,615.9299999999992,614.2699999999991,615.1499999999991,260
2026-07-07T16:50:00+00:00,615.1499999999991,615.2699999999991,614.3299999999991,614.7699999999991,193
2026-07-07T16:55:00+00:00,614.7699999999991,615.2799999999991,613.9299999999992,614.0999999999991,289
2026-07-07T17:00:00+00:00,614.0999999999991,614.3399999999991,613.3199999999991,613.6699999999992,336
2026-07-07T17:05:00+00:00,613.6699999999992,613.7599999999991,611.3599999999991,611.6899999999991,336
2026-07-07T17:10:00+00:00,611.6899999999991,612.6399999999991,611.5799999999991,612.4499999999991,222
2026-07-07T17:15:00+00:00,612.4499999999991,612.7499999999991,611.5399999999992,612.3299999999991,253
2026-07-07T17:20:00+00:00,612.3299999999991,613.8599999999991,612.1499999999991,613.6699999999992,290
2026-07-07T17:25:00+00:00,613.6699999999992,614.6599999999991,613.6499999999991,614.3099999999991,200
2026-07-07T17:30:00+00:00,614.3099999999991,614.8799999999991,614.1599999999991,614.5899999999991,247
2026-07-07T17:35:00+00:00,614.5899999999991,614.9799999999991,613.9499999999991,614.4299999999992,285
2026-07-07T17:40:00+00:00,614.4299999999992,614.8399999999991,614.3299999999991,614.4899999999991,237
2026-07-07T17:45:00+00:00,614.4899999999991,614.7399999999991,614.3899999999991,614.5799999999991,218
2026-07-07T17:50:00+00:00,614.5799999999991,615.1899999999991,614.5099999999991,615.0299999999991,191
2026-07-07T17:55:00+00:00,615.0299999999991,616.6499999999991,614.8299999999991,616.3299999999991,319
2026-07-07T18:00:00+00:00,616.3299999999991,621.6199999999991,616.3299999999991,621.4299999999992,924
2026-07-07T18:05:00+00:00,621.4299999999992,625.1399999999991,621.0499999999992,624.5099999999991,1064
2026-07-07T18:10:00+00:00,624.5099999999991,626.6899999999991,623.2099999999991,625.1799999999992,815
2026-07-07T18:15:00+00:00,625.1799999999992,628.3899999999991,623.8799999999991,628.3799999999991,784
2026-07-07T18:20:00+00:00,628.3799999999991,632.0799999999991,627.8099999999991,630.6399999999991,1007
2026-07-07T18:25:00+00:00,630.6399999999991,631.3299999999991,628.8299999999991,628.9899999999991,763
2026-07-07T18:30:00+00:00,628.9899999999991,629.7899999999992,627.0399999999992,627.0499999999992,585
2026-07-07T18:35:00+00:00,627.0499999999992,627.7899999999992,625.5199999999991,625.9399999999991,528
2026-07-07T18:40:00+00:00,625.9399999999991,626.4999999999991,625.0899999999991,625.9599999999991,408
2026-07-07T18:45:00+00:00,625.9599999999991,626.1799999999992,623.8299999999991,624.4299999999992,422
2026-07-07T18:50:00+00:00,624.4299999999992,627.2299999999991,624.4299999999992,625.8999999999991,543
2026-07-07T18:55:00+00:00,625.8999999999991,626.8299999999991,625.6899999999991,626.4299999999992,446
2026-07-07T19:00:00+00:00,626.4299999999992,627.9599999999991,625.7499999999991,627.9599999999991,471
2026-07-07T19:05:00+00:00,627.9599999999991,627.9599999999991,625.8399999999991,626.8399999999991,539
2026-07-07T19:10:00+00:00,626.8399999999991,627.8899999999991,625.9299999999992,625.9499999999991,425
2026-07-07T19:15:00+00:00,625.9499999999991,626.0999999999991,622.4699999999991,624.0599999999991,829
2026-07-07T19:20:00+00:00,624.0599999999991,625.3799999999991,622.9899999999991,623.7799999999991,570
2026-07-07T19:25:00+00:00,623.7799999999991,624.2299999999991,622.8399999999991,622.8399999999991,430
2026-07-07T19:30:00+00:00,622.8399999999991,624.2899999999992,622.8399999999991,623.9799999999991,483
2026-07-07T19:35:00+00:00,623.9799999999991,624.0099999999991,622.0599999999991,622.3199999999991,408
2026-07-07T19:40:00+00:00,622.3199999999991,623.0999999999991,620.8799999999991,621.1599999999991,428
2026-07-07T19:45:00+00:00,621.1599999999991,622.1399999999991,620.9399999999991,621.8399999999991,479
2026-07-07T19:50:00+00:00,621.8399999999991,625.2299999999991,621.7799999999991,625.0599999999991,611
2026-07-07T19:55:00+00:00,625.0599999999991,625.0599999999991,620.9399999999991,622.2899999999992,1309
2026-07-08T13:30:00+00:00,622.2899999999992,622.2899999999992,611.2499999999991,611.9199999999992,1184
2026-07-08T13:35:00+00:00,611.9199999999992,613.7499999999991,609.3499999999991,610.8899999999991,1082
2026-07-08T13:40:00+00:00,610.8899999999991,611.5199999999991,608.5499999999992,609.2299999999991,770
2026-07-08T13:45:00+00:00,609.2299999999991,609.8699999999991,607.4299999999992,609.4799999999991,831
2026-07-08T13:50:00+00:00,609.4799999999991,610.8099999999991,608.5799999999991,609.3599999999991,829
2026-07-08T13:55:00+00:00,609.3599999999991,611.0499999999992,608.8299999999991,609.1699999999992,705
2026-07-08T14:00:00+00:00,609.1699999999992,612.3399999999991,608.5899999999991,611.0799999999991,665
2026-07-08T14:05:00+00:00,611.0799999999991,613.3799999999991,611.0699999999991,611.6299999999991,572
2026-07-08T14:10:00+00:00,611.6299999999991,612.0999999999991,610.4399999999991,610.7899999999992,511
2026-07-08T14:15:00+00:00,610.7899999999992,611.6699999999992,610.2799999999991,610.4899999999991,465
2026-07-08T14:20:00+00:00,610.4899999999991,612.5299999999991,610.3399999999991,612.1799999999992,361
2026-07-08T14:25:00+00:00,612.1799999999992,612.8699999999991,611.0399999999992,611.0399999999992,415
2026-07-08T14:30:00+00:00,611.0399999999992,611.6699999999992,610.3399999999991,610.8499999999991,466
2026-07-08T14:35:00+00:00,610.8499999999991,611.0199999999991,607.9299999999992,607.9399999999991,598
2026-07-08T14:40:00+00:00,607.9399999999991,608.7199999999991,607.0499999999992,608.1699999999992,563
2026-07-08T14:45:00+00:00,608.1699999999992,609.4799999999991,607.8399999999991,608.8199999999991,428
2026-07-08T14:50:00+00:00,608.8199999999991,609.5699999999991,608.3299999999991,609.4399999999991,371
2026-07-08T14:55:00+00:00,609.4399999999991,609.4399999999991,607.8899999999991,608.2599999999991,371.5295381310419
2026-07-08T15:00:00+00:00,608.2599999999991,609.4999999999991,607.799999999999,609.2199999999991,484
2026-07-08T15:05:00+00:00,609.2199999999991,610.4599999999991,609.0299999999991,609.079999999999,357
2026-07-08T15:10:00+00:00,609.079999999999,610.2399999999991,609.059999999999,609.789999999999,303
2026-07-08T15:15:00+00:00,609.789999999999,610.1299999999991,608.3599999999991,609.5199999999991,380
2026-07-08T15:20:00+00:00,609.5199999999991,610.4999999999991,608.8799999999991,609.199999999999,348
2026-07-08T15:25:00+00:00,609.199999999999,609.2799999999991,608.3599999999991,609.0099999999991,425
2026-07-08T15:30:00+00:00,609.0099999999991,610.0899999999991,607.9999999999991,609.929999999999,464
2026-07-08T15:35:00+00:00,609.929999999999,610.5299999999991,609.5299999999991,610.0199999999991,360
2026-07-08T15:40:00+00:00,610.0199999999991,611.3399999999991,609.9999999999991,610.3499999999991,231
2026-07-08T15:45:00+00:00,610.3499999999991,611.319999999999,610.039999999999,610.9099999999991,308
2026-07-08T15:50:00+00:00,610.9099999999991,611.2599999999991,610.2599999999991,610.439999999999,273
2026-07-08T15:55:00+00:00,610.439999999999,610.9999999999991,610.3399999999991,610.6199999999991,234
2026-07-08T16:00:00+00:00,610.6199999999991,610.7799999999991,610.069999999999,610.7799999999991,281
2026-07-08T16:05:00+00:00,610.7799999999991,611.3599999999991,610.439999999999,611.0099999999991,262
2026-07-08T16:10:00+00:00,611.0099999999991,612.289999999999,610.9099999999991,611.2099999999991,304
2026-07-08T16:15:00+00:00,611.2099999999991,612.0099999999991,611.199999999999,611.3999999999991,305
2026-07-08T16:20:00+00:00,611.3999999999991,611.6299999999991,610.6399999999991,611.6299999999991,288
2026-07-08T16:25:00+00:00,611.6299999999991,611.9999999999991,611.0099999999991,611.2599999999991,216
2026-07-08T16:30:00+00:00,611.2599999999991,611.8999999999991,610.6099999999991,610.6099999999991,259
2026-07-08T16:35:00+00:00,610.6099999999991,610.949999999999,609.5199999999991,610.289999999999,360
2026-07-08T16:40:00+00:00,610.289999999999,611.9099999999991,610.069999999999,611.069999999999,394
2026-07-08T16:45:00+00:00,611.069999999999,611.669999999999,610.9999999999991,611.549999999999,184
2026-07-08T16:50:00+00:00,611.549999999999,612.2499999999991,611.2199999999991,611.4799999999991,266
2026-07-08T16:55:00+00:00,611.4799999999991,611.8799999999991,610.679999999999,611.0999999999991,251
2026-07-08T17:00:00+00:00,611.0999999999991,611.1199999999991,610.2399999999991,611.0899999999991,299
2026-07-08T17:05:00+00:00,611.0899999999991,611.559999999999,610.799999999999,611.439999999999,181
2026-07-08T17:10:00+00:00,611.439999999999,611.699999999999,611.2399999999991,611.2499999999991,181
2026-07-08T17:15:00+00:00,611.2499999999991,612.309999999999,611.2499999999991,612.049999999999,208
2026-07-08T17:20:00+00:00,612.049999999999,612.3999999999991,611.8999999999991,612.169999999999,154
2026-07-08T17:25:00+00:00,612.169999999999,612.4599999999991,611.8499999999991,612.3599999999991,205
2026-07-08T17:30:00+00:00,612.3599999999991,612.7599999999991,612.1599999999991,612.4799999999991,231
2026-07-08T17:35:00+00:00,612.4799999999991,613.549999999999,612.069999999999,613.319999999999,260
2026-07-08T17:40:00+00:00,613.319999999999,613.329999999999,612.169999999999,612.3499999999991,240
2026-07-08T17:45:00+00:00,612.3499999999991,612.3699999999991,612.0099999999991,612.079999999999,199
2026-07-08T17:50:00+00:00,612.079999999999,612.1099999999991,611.329999999999,611.8599999999991,268
2026-07-08T17:55:00+00:00,611.8599999999991,612.1099999999991,611.3999999999991,611.9099999999991,143
2026-07-08T18:00:00+00:00,611.9099999999991,612.4699999999991,611.8599999999991,611.919999999999,312
2026-07-08T18:05:00+00:00,611.919999999999,612.5999999999991,611.8699999999991,612.289999999999,205
2026-07-08T18:10:00+00:00,612.289999999999,612.7799999999991,611.6399999999991,612.7699999999991,280
2026-07-08T18:15:00+00:00,612.7699999999991,613.2599999999991,612.0099999999991,612.079999999999,222
2026-07-08T18:20:00+00:00,612.079999999999,612.549999999999,611.7499999999991,612.2799999999991,166
2026-07-08T18:25:00+00:00,612.2799999999991,612.579999999999,611.8399999999991,612.0099999999991,156
2026-07-08T18:30:00+00:00,612.0099999999991,612.2699999999991,611.5199999999991,611.9999999999991,238
2026-07-08T18:35:00+00:00,611.9999999999991,613.8699999999991,611.9999999999991,613.8599999999991,271
2026-07-08T18:40:00+00:00,613.8599999999991,613.9099999999991,612.4699999999991,613.0999999999991,245
2026-07-08T18:45:00+00:00,613.0999999999991,613.7499999999991,613.0099999999991,613.6099999999991,250
2026-07-08T18:50:00+00:00,613.6099999999991,613.9899999999991,613.169999999999,613.8499999999991,249
2026-07-08T18:55:00+00:00,613.8499999999991,614.2099999999991,613.5999999999991,613.919999999999,260
2026-07-08T19:00:00+00:00,613.919999999999,614.299999999999,613.0299999999991,613.549999999999,267
2026-07-08T19:05:00+00:00,613.549999999999,614.579999999999,612.3699999999991,612.3699999999991,365
2026-07-08T19:10:00+00:00,612.3699999999991,612.3799999999991,608.1499999999991,608.329999999999,422
2026-07-08T19:15:00+00:00,608.329999999999,608.419999999999,604.9999999999991,608.059999999999,618
2026-07-08T19:20:00+00:00,608.059999999999,608.2699999999991,606.9999999999991,607.3699999999991,387
2026-07-08T19:25:00+00:00,607.3699999999991,607.819999999999,605.679999999999,606.5199999999991,463
2026-07-08T19:30:00+00:00,606.5199999999991,607.419999999999,605.5999999999991,607.309999999999,457
2026-07-08T19:35:00+00:00,607.309999999999,608.0299999999991,607.1199999999991,607.9599999999991,271
2026-07-08T19:40:00+00:00,607.9599999999991,609.1299999999991,607.949999999999,608.5299999999991,333
2026-07-08T19:45:00+00:00,608.5299999999991,608.6399999999991,607.4999999999991,607.5199999999991,351
2026-07-08T19:50:00+00:00,607.5199999999991,609.6399999999991,607.4999999999991,609.309999999999,490
2026-07-08T19:55:00+00:00,609.309999999999,611.689999999999,609.309999999999,610.2399999999991,928
2026-07-09T13:30:00+00:00,610.2399999999991,610.2399999999991,583.9999999999991,587.4799999999991,1484
2026-07-09T13:35:00+00:00,587.4799999999991,592.3499999999991,587.0099999999991,592.199999999999,871
2026-07-09T13:40:00+00:00,592.199999999999,595.8999999999991,591.799999999999,593.0199999999991,894
2026-07-09T13:45:00+00:00,593.0199999999991,594.6299999999991,591.7399999999991,594.5099999999991,747
2026-07-09T13:50:00+00:00,594.5099999999991,595.189999999999,593.1099999999991,594.6399999999991,727
2026-07-09T13:55:00+00:00,594.6399999999991,597.8999999999991,594.3599999999991,597.039999999999,683
2026-07-09T14:00:00+00:00,597.039999999999,607.4899999999991,597.0099999999991,604.689999999999,2239
2026-07-09T14:05:00+00:00,604.689999999999,605.069999999999,598.0999999999991,599.3699999999991,1175
2026-07-09T14:10:00+00:00,599.3699999999991,599.7299999999991,597.8699999999991,598.929999999999,808
2026-07-09T14:15:00+00:00,598.929999999999,599.6499999999991,597.9999999999991,598.8799999999991,713
2026-07-09T14:20:00+00:00,598.8799999999991,599.6299999999991,598.039999999999,599.0899999999991,553
2026-07-09T14:25:00+00:00,599.0899999999991,602.039999999999,598.799999999999,600.8599999999991,598
2026-07-09T14:30:00+00:00,600.8599999999991,601.5899999999991,598.6399999999991,600.1599999999991,835
2026-07-09T14:35:00+00:00,600.1599999999991,602.5099999999991,600.1599999999991,602.3899999999991,649
2026-07-09T14:40:00+00:00,602.3899999999991,602.6199999999991,599.1199999999991,599.2599999999991,738
2026-07-09T14:45:00+00:00,599.2599999999991,603.7799999999991,599.1099999999991,603.7799999999991,534
2026-07-09T14:50:00+00:00,603.7799999999991,606.4599999999991,603.6299999999991,605.8699999999991,658
2026-07-09T14:55:00+00:00,605.8699999999991,606.8399999999991,605.569999999999,606.4099999999991,522
2026-07-09T15:00:00+00:00,606.4099999999991,609.699999999999,606.1399999999991,608.069999999999,691
2026-07-09T15:05:00+00:00,608.069999999999,610.2699999999991,608.049999999999,608.8799999999991,565
2026-07-09T15:10:00+00:00,608.8799999999991,610.789999999999,608.8799999999991,609.189999999999,704
2026-07-09T15:15:00+00:00,609.189999999999,610.789999999999,609.059999999999,610.5199999999991,485
2026-07-09T15:20:00+00:00,610.5199999999991,610.5199999999991,609.049999999999,609.2199999999991,414
2026-07-09T15:25:00+00:00,609.2199999999991,611.3499999999991,609.2199999999991,611.3499999999991,435
2026-07-09T15:30:00+00:00,611.3499999999991,612.689999999999,610.669999999999,611.3499999999991,602
2026-07-09T15:35:00+00:00,611.3499999999991,612.7699999999991,610.949999999999,612.079999999999,428
2026-07-09T15:40:00+00:00,612.079999999999,613.809999999999,611.6499999999991,613.2499999999991,384
2026-07-09T15:45:00+00:00,613.2499999999991,613.539999999999,612.079999999999,612.4799999999991,436
2026-07-09T15:50:00+00:00,612.4799999999991,613.1499999999991,612.039999999999,612.2699999999991,299
2026-07-09T15:55:00+00:00,612.2699999999991,615.579999999999,612.199999999999,615.1099999999991,554
2026-07-09T16:00:00+00:00,615.1099999999991,615.9999999999991,614.679999999999,615.949999999999,360
2026-07-09T16:05:00+00:00,615.949999999999,619.439999999999,615.6299999999991,617.949999999999,664
2026-07-09T16:10:00+00:00,617.949999999999,618.7699999999991,616.439999999999,617.059999999999,582
2026-07-09T16:15:00+00:00,617.059999999999,621.4599999999991,616.809999999999,621.0299999999991,666
2026-07-09T16:20:00+00:00,621.0299999999991,623.2499999999991,619.919999999999,621.809999999999,902
2026-07-09T16:25:00+00:00,621.809999999999,622.579999999999,620.5299999999991,620.9599999999991,652
2026-07-09T16:30:00+00:00,620.9599999999991,622.2199999999991,620.6599999999991,621.299999999999,604
2026-07-09T16:35:00+00:00,621.299999999999,621.6599999999991,619.449999999999,620.6199999999991,499
2026-07-09T16:40:00+00:00,620.6199999999991,621.2699999999991,620.0099999999991,620.0099999999991,389
2026-07-09T16:45:00+00:00,620.0099999999991,620.819999999999,619.9999999999991,620.0199999999991,353
2026-07-09T16:50:00+00:00,620.0199999999991,621.9699999999991,620.0199999999991,621.0099999999991,360
2026-07-09T16:55:00+00:00,621.0099999999991,621.6199999999991,619.8699999999991,619.8799999999991,369
2026-07-09T17:00:00+00:00,619.8799999999991,620.059999999999,619.1599999999991,619.7799999999991,444
2026-07-09T17:05:00+00:00,619.7799999999991,620.069999999999,618.669999999999,618.789999999999,435
2026-07-09T17:10:00+00:00,618.789999999999,619.2199999999991,618.2499999999991,618.4999999999991,336
2026-07-09T17:15:00+00:00,618.4999999999991,619.9799999999991,618.4999999999991,619.8399999999991,332
2026-07-09T17:20:00+00:00,619.8399999999991,620.7299999999991,619.2499999999991,619.539999999999,305
2026-07-09T17:25:00+00:00,619.539999999999,620.419999999999,619.299999999999,619.3499999999991,349
2026-07-09T17:30:00+00:00,619.3499999999991,619.6299999999991,618.2499999999991,618.539999999999,314
2026-07-09T17:35:00+00:00,618.539999999999,620.1099999999991,617.9999999999991,619.539999999999,394
2026-07-09T17:40:00+00:00,619.539999999999,619.8599999999991,618.059999999999,618.299999999999,343
2026-07-09T17:45:00+00:00,618.299999999999,618.8799999999991,617.0299999999991,618.8499999999991,269
2026-07-09T17:50:00+00:00,618.8499999999991,619.309999999999,618.059999999999,618.3799999999991,365
2026-07-09T17:55:00+00:00,618.3799999999991,618.5199999999991,617.449999999999,618.1099999999991,323
2026-07-09T18:00:00+00:00,618.1099999999991,620.039999999999,618.0199999999991,619.4999999999991,384
2026-07-09T18:05:00+00:00,619.4999999999991,622.6099999999991,618.9999999999991,619.4799999999991,651
2026-07-09T18:10:00+00:00,619.4799999999991,623.3999999999991,619.4599999999991,622.669999999999,513
2026-07-09T18:15:00+00:00,622.669999999999,622.799999999999,620.9999999999991,620.9999999999991,336
2026-07-09T18:20:00+00:00,620.9999999999991,623.199999999999,620.6399999999991,622.929999999999,384
2026-07-09T18:25:00+00:00,622.929999999999,623.5899999999991,621.799999999999,622.6599999999991,366
2026-07-09T18:30:00+00:00,622.6599999999991,623.039999999999,622.189999999999,622.309999999999,243
2026-07-09T18:35:00+00:00,622.309999999999,623.3499999999991,622.2599999999991,622.7199999999991,279
2026-07-09T18:40:00+00:00,622.7199999999991,623.789999999999,622.579999999999,623.3999999999991,281
2026-07-09T18:45:00+00:00,623.3999999999991,623.4099999999991,621.7499999999991,622.039999999999,274
2026-07-09T18:50:00+00:00,622.039999999999,622.539999999999,621.4999999999991,621.9999999999991,232
2026-07-09T18:55:00+00:00,621.9999999999991,622.9899999999991,621.3399999999991,622.6099999999991,269
2026-07-09T19:00:00+00:00,622.6099999999991,625.289999999999,622.3399999999991,624.4699999999991,289
2026-07-09T19:05:00+00:00,624.4699999999991,624.9099999999991,623.8699999999991,624.309999999999,405
2026-07-09T19:10:00+00:00,624.309999999999,626.2199999999991,624.309999999999,625.1599999999991,449
2026-07-09T19:15:00+00:00,625.1599999999991,626.1099999999991,624.8399999999991,625.8399999999991,390
2026-07-09T19:20:00+00:00,625.8399999999991,628.829999999999,625.679999999999,628.2499999999991,728
2026-07-09T19:25:00+00:00,628.2499999999991,631.5199999999991,628.2299999999991,631.0999999999991,780
2026-07-09T19:30:00+00:00,631.0999999999991,634.9099999999991,631.0999999999991,634.1099999999991,922
2026-07-09T19:35:00+00:00,634.1099999999991,636.309999999999,633.7799999999991,634.6599999999991,922
2026-07-09T19:40:00+00:00,634.6599999999991,636.3799999999991,634.1099999999991,634.419999999999,719
2026-07-09T19:45:00+00:00,634.419999999999,636.689999999999,633.569999999999,636.289999999999,750
2026-07-09T19:50:00+00:00,636.289999999999,637.0999999999991,634.0099999999991,636.569999999999,1060
2026-07-09T19:55:00+00:00,636.569999999999,640.199999999999,636.419999999999,638.539999999999,1575
2026-07-10T13:30:00+00:00,638.539999999999,683.9799999999991,638.539999999999,677.8599999999991,2707
2026-07-10T13:35:00+00:00,677.8599999999991,680.699999999999,673.0099999999991,679.939999999999,1932
2026-07-10T13:40:00+00:00,679.939999999999,679.939999999999,670.0099999999991,671.7499999999991,1828
2026-07-10T13:45:00+00:00,671.7499999999991,675.829999999999,670.7799999999991,673.6299999999991,1392
2026-07-10T13:50:00+00:00,673.6299999999991,677.319999999999,672.9999999999991,677.059999999999,1069
2026-07-10T13:55:00+00:00,677.059999999999,682.329999999999,676.5999999999991,679.7299999999991,1263
2026-07-10T14:00:00+00:00,679.7299999999991,683.8899999999991,678.679999999999,683.1499999999991,1244
2026-07-10T14:05:00+00:00,683.1499999999991,684.799999999999,675.1099999999991,675.949999999999,1260
2026-07-10T14:10:00+00:00,675.949999999999,678.319999999999,673.0099999999991,673.0099999999991,914
2026-07-10T14:15:00+00:00,673.0099999999991,675.2799999999991,671.3699999999991,675.1199999999991,934
2026-07-10T14:20:00+00:00,675.1199999999991,675.7099999999991,670.9999999999991,672.1599999999991,863
2026-07-10T14:25:00+00:00,672.1599999999991,674.7299999999991,669.0999999999991,674.1499999999991,918
2026-07-10T14:30:00+00:00,674.1499999999991,677.2299999999991,669.2499999999991,673.0999999999991,1367
2026-07-10T14:35:00+00:00,673.0999999999991,676.4599999999991,672.3699999999991,676.2699999999991,913
2026-07-10T14:40:00+00:00,676.2699999999991,677.3699999999991,673.3499999999991,675.2099999999991,856
2026-07-10T14:45:00+00:00,675.2099999999991,680.059999999999,674.5099999999991,679.8599999999991,946
2026-07-10T14:50:00+00:00,679.8599999999991,680.3899999999991,677.2099999999991,677.3999999999991,841
2026-07-10T14:55:00+00:00,677.3999999999991,677.7399999999991,674.0099999999991,676.6099999999991,794.94384359401
2026-07-10T15:00:00+00:00,676.6099999999991,677.3999999999991,674.1899999999991,676.5699999999991,806
2026-07-10T15:05:00+00:00,676.5699999999991,677.7199999999991,674.669999999999,674.6899999999991,768
2026-07-10T15:10:00+00:00,674.6899999999991,678.6299999999991,674.6899999999991,677.8499999999991,758
2026-07-10T15:15:00+00:00,677.8499999999991,681.9099999999991,677.8399999999991,679.9599999999991,836
2026-07-10T15:20:00+00:00,679.9599999999991,680.3699999999991,678.8799999999991,679.7799999999991,603
2026-07-10T15:25:00+00:00,679.7799999999991,681.9999999999991,679.5299999999991,681.4099999999991,536
2026-07-10T15:30:00+00:00,681.4099999999991,682.2699999999991,680.3899999999991,681.0199999999991,565
2026-07-10T15:35:00+00:00,681.0199999999991,681.049999999999,677.289999999999,677.799999999999,664
2026-07-10T15:40:00+00:00,677.799999999999,678.919999999999,676.6399999999991,676.669999999999,617
2026-07-10T15:45:00+00:00,676.669999999999,679.7599999999991,676.419999999999,679.6399999999991,634
2026-07-10T15:50:00+00:00,679.6399999999991,680.2599999999991,677.9599999999991,677.9999999999991,456
2026-07-10T15:55:00+00:00,677.9999999999991,679.299999999999,676.4899999999991,676.7399999999991,410
2026-07-10T16:00:00+00:00,676.7399999999991,677.5799999999991,674.4999999999991,674.6299999999991,681
2026-07-10T16:05:00+00:00,674.6299999999991,676.2399999999991,674.179999999999,675.8699999999991,618
2026-07-10T16:10:00+00:00,675.8699999999991,678.679999999999,675.4799999999991,675.9699999999991,675
2026-07-10T16:15:00+00:00,675.9699999999991,676.8299999999991,675.0999999999991,675.3699999999991,436
2026-07-10T16:20:00+00:00,675.3699999999991,676.2699999999991,673.1999999999991,675.2599999999991,579
2026-07-10T16:25:00+00:00,675.2599999999991,676.6099999999991,674.789999999999,675.429999999999,404
2026-07-10T16:30:00+00:00,675.429999999999,676.799999999999,674.9799999999991,674.9999999999991,349
2026-07-10T16:35:00+00:00,674.9999999999991,675.2199999999991,674.0899999999991,674.8199999999991,363
2026-07-10T16:40:00+00:00,674.8199999999991,675.0799999999991,673.9799999999991,674.4999999999991,294
2026-07-10T16:45:00+00:00,674.4999999999991,675.0099999999991,674.1499999999991,674.2799999999991,280
2026-07-10T16:50:00+00:00,674.2799999999991,675.8399999999991,674.0899999999991,675.6999999999991,304
2026-07-10T16:55:00+00:00,675.6999999999991,676.049999999999,675.0099999999991,675.1499999999991,283
2026-07-10T17:00:00+00:00,675.1499999999991,675.1999999999991,672.2799999999991,672.289999999999,426
2026-07-10T17:05:00+00:00,672.289999999999,672.4499999999991,670.5699999999991,670.6499999999991,438
2026-07-10T17:10:00+00:00,670.6499999999991,671.799999999999,670.049999999999,670.9899999999991,413
2026-07-10T17:15:00+00:00,670.9899999999991,672.049999999999,670.2699999999991,670.2699999999991,329
2026-07-10T17:20:00+00:00,670.2699999999991,671.7099999999991,670.1099999999991,670.4899999999991,310
2026-07-10T17:25:00+00:00,670.4899999999991,670.8199999999991,669.4599999999991,669.8299999999991,390
2026-07-10T17:30:00+00:00,669.8299999999991,670.6499999999991,669.2099999999991,670.3899999999991,521
2026-07-10T17:35:00+00:00,670.3899999999991,671.9499999999991,669.9899999999991,670.0099999999991,419
2026-07-10T17:40:00+00:00,670.0099999999991,670.8199999999991,668.9999999999991,669.4599999999991,353
2026-07-10T17:45:00+00:00,669.4599999999991,671.2699999999991,669.4599999999991,670.1499999999991,376
2026-07-10T17:50:00+00:00,670.1499999999991,670.8399999999991,669.9799999999991,670.5299999999991,262
2026-07-10T17:55:00+00:00,670.5299999999991,672.7399999999991,670.4699999999991,672.2499999999991,398
2026-07-10T18:00:00+00:00,672.2499999999991,674.4099999999991,671.9899999999991,673.7599999999991,564
2026-07-10T18:05:00+00:00,673.7599999999991,677.1399999999991,673.7399999999991,675.6599999999991,592
2026-07-10T18:10:00+00:00,675.6599999999991,677.5799999999991,675.3899999999991,676.809999999999,459
2026-07-10T18:15:00+00:00,676.809999999999,677.3399999999991,676.2199999999991,676.2699999999991,358
2026-07-10T18:20:00+00:00,676.2699999999991,676.679999999999,675.0999999999991,675.6899999999991,402
2026-07-10T18:25:00+00:00,675.6899999999991,676.169999999999,674.679999999999,675.7499999999991,379
2026-07-10T18:30:00+00:00,675.7499999999991,675.7699999999991,674.5699999999991,675.1599999999991,371
2026-07-10T18:35:00+00:00,675.1599999999991,676.7599999999991,674.4899999999991,676.559999999999,347
2026-07-10T18:40:00+00:00,676.559999999999,677.1399999999991,676.1099999999991,676.2199999999991,329
2026-07-10T18:45:00+00:00,676.2199999999991,676.5799999999991,675.3999999999991,675.4899999999991,317
2026-07-10T18:50:00+00:00,675.4899999999991,676.5199999999991,675.2499999999991,676.2099999999991,316
2026-07-10T18:55:00+00:00,676.2099999999991,677.6299999999991,675.5899999999991,675.5999999999991,338
2026-07-10T19:00:00+00:00,675.5999999999991,676.5099999999991,675.5299999999991,676.3799999999991,372
2026-07-10T19:05:00+00:00,676.3799999999991,676.9999999999991,676.0299999999991,676.6299999999991,319
2026-07-10T19:10:00+00:00,676.6299999999991,677.5799999999991,676.4099999999991,676.8999999999991,477
2026-07-10T19:15:00+00:00,676.8999999999991,676.9499999999991,675.3199999999991,675.559999999999,407
2026-07-10T19:20:00+00:00,675.559999999999,675.7399999999991,673.7499999999991,674.1599999999991,438
2026-07-10T19:25:00+00:00,674.1599999999991,674.3299999999991,672.7799999999991,672.8699999999991,414
2026-07-10T19:30:00+00:00,672.8699999999991,672.9899999999991,671.059999999999,672.7499999999991,618
2026-07-10T19:35:00+00:00,672.7499999999991,673.5999999999991,671.3399999999991,671.7099999999991,568
2026-07-10T19:40:00+00:00,671.7099999999991,672.9099999999991,670.559999999999,672.3199999999991,574
2026-07-10T19:45:00+00:00,672.3199999999991,673.5799999999991,671.059999999999,673.1199999999991,538
2026-07-10T19:50:00+00:00,673.1199999999991,675.9699999999991,672.9499999999991,674.3199999999991,766
2026-07-10T19:55:00+00:00,674.3199999999991,678.0799999999991,674.3199999999991,675.9699999999991,1097
2026-07-13T13:30:00+00:00,675.9699999999991,677.4399999999991,666.0899999999991,668.3399999999991,1463
2026-07-13T13:35:00+00:00,668.3399999999991,679.6599999999991,666.9499999999991,678.9499999999991,1400
2026-07-13T13:40:00+00:00,678.9499999999991,683.289999999999,678.1499999999991,681.0199999999991,1481
2026-07-13T13:45:00+00:00,681.0199999999991,681.4399999999991,671.539999999999,671.7499999999991,1456
2026-07-13T13:50:00+00:00,671.7499999999991,672.039999999999,666.179999999999,670.669999999999,1320
2026-07-13T13:55:00+00:00,670.669999999999,672.3399999999991,668.799999999999,670.6499999999991,751
2026-07-13T14:00:00+00:00,670.6499999999991,671.1299999999991,668.169999999999,668.3399999999991,622
2026-07-13T14:05:00+00:00,668.3399999999991,671.5199999999991,668.0299999999991,670.059999999999,643
2026-07-13T14:10:00+00:00,670.059999999999,670.7399999999991,667.0799999999991,667.1199999999991,655
2026-07-13T14:15:00+00:00,667.1199999999991,667.6199999999991,661.4999999999991,662.9999999999991,1032
2026-07-13T14:20:00+00:00,662.9999999999991,663.429999999999,661.1299999999991,661.8699999999991,694
2026-07-13T14:25:00+00:00,661.8699999999991,665.2299999999991,661.8699999999991,663.8799999999991,680
2026-07-13T14:30:00+00:00,663.8799999999991,665.8599999999991,663.2299999999991,664.9799999999991,637
2026-07-13T14:35:00+00:00,664.9799999999991,665.539999999999,663.3799999999991,665.419999999999,605
2026-07-13T14:40:00+00:00,665.419999999999,665.6599999999991,664.419999999999,664.6599999999991,485
2026-07-13T14:45:00+00:00,664.6599999999991,666.7499999999991,664.4799999999991,666.7499999999991,518
2026-07-13T14:50:00+00:00,666.7499999999991,670.8299999999991,666.3699999999991,670.0699999999991,743
2026-07-13T14:55:00+00:00,670.0699999999991,670.8199999999991,667.8299999999991,668.2399999999991,568
2026-07-13T15:00:00+00:00,668.2399999999991,669.8799999999991,667.919999999999,669.6599999999991,465
2026-07-13T15:05:00+00:00,669.6599999999991,671.419999999999,666.4799999999991,666.5799999999991,803
2026-07-13T15:10:00+00:00,666.5799999999991,667.3599999999991,665.4799999999991,665.7099999999991,502
2026-07-13T15:15:00+00:00,665.7099999999991,667.1399999999991,665.0199999999991,665.6499999999991,379
2026-07-13T15:20:00+00:00,665.6499999999991,667.3499999999991,665.4799999999991,666.429999999999,440
2026-07-13T15:25:00+00:00,666.429999999999,666.5699999999991,665.0799999999991,666.2499999999991,405
2026-07-13T15:30:00+00:00,666.2499999999991,670.6099999999991,665.9899999999991,670.429999999999,524
2026-07-13T15:35:00+00:00,670.429999999999,670.429999999999,668.2399999999991,669.3699999999991,413
2026-07-13T15:40:00+00:00,669.3699999999991,670.1199999999991,667.7499999999991,667.9099999999991,373
2026-07-13T15:45:00+00:00,667.9099999999991,668.179999999999,666.9799999999991,667.4699999999991,355
2026-07-13T15:50:00+00:00,667.4699999999991,667.7199999999991,666.1299999999991,667.309999999999,321
2026-07-13T15:55:00+00:00,667.309999999999,667.7499999999991,666.559999999999,667.1599999999991,345
2026-07-13T16:00:00+00:00,667.1599999999991,667.8699999999991,666.559999999999,666.5799999999991,497
2026-07-13T16:05:00+00:00,666.5799999999991,667.8799999999991,666.2799999999991,666.7699999999991,449
2026-07-13T16:10:00+00:00,666.7699999999991,667.4399999999991,666.3599999999991,667.1399999999991,282
2026-07-13T16:15:00+00:00,667.1399999999991,667.7199999999991,666.0999999999991,667.4399999999991,369
2026-07-13T16:20:00+00:00,667.4399999999991,667.8399999999991,666.679999999999,667.7799999999991,298
2026-07-13T16:25:00+00:00,667.7799999999991,667.8999999999991,666.5199999999991,667.3299999999991,304
2026-07-13T16:30:00+00:00,667.3299999999991,667.8599999999991,666.2599999999991,666.7399999999991,418
2026-07-13T16:35:00+00:00,666.7399999999991,668.1599999999991,666.289999999999,667.5299999999991,519
2026-07-13T16:40:00+00:00,667.5299999999991,670.0699999999991,667.0899999999991,670.0199999999991,458
2026-07-13T16:45:00+00:00,670.0199999999991,671.2799999999991,667.8699999999991,668.419999999999,473
2026-07-13T16:50:00+00:00,668.419999999999,668.429999999999,665.8699999999991,665.8899999999991,381
2026-07-13T16:55:00+00:00,665.8899999999991,666.3799999999991,665.4899999999991,665.4899999999991,361
2026-07-13T17:00:00+00:00,665.4899999999991,667.549999999999,664.6399999999991,665.0299999999991,411
2026-07-13T17:05:00+00:00,665.0299999999991,667.0799999999991,665.0199999999991,666.669999999999,476
2026-07-13T17:10:00+00:00,666.669999999999,667.1899999999991,665.9999999999991,666.6299999999991,227
2026-07-13T17:15:00+00:00,666.6299999999991,668.4399999999991,666.549999999999,668.2199999999991,316
2026-07-13T17:20:00+00:00,668.2199999999991,668.539999999999,667.2299999999991,667.2299999999991,289
2026-07-13T17:25:00+00:00,667.2299999999991,669.7399999999991,666.9999999999991,667.539999999999,505
2026-07-13T17:30:00+00:00,667.539999999999,668.5099999999991,666.2299999999991,668.3999999999991,507
2026-07-13T17:35:00+00:00,668.3999999999991,668.4399999999991,666.9799999999991,667.669999999999,298
2026-07-13T17:40:00+00:00,667.669999999999,668.6199999999991,666.5799999999991,667.7699999999991,338
2026-07-13T17:45:00+00:00,667.7699999999991,668.8599999999991,667.1199999999991,667.3999999999991,304
2026-07-13T17:50:00+00:00,667.3999999999991,667.8999999999991,666.5799999999991,667.789999999999,366
2026-07-13T17:55:00+00:00,667.789999999999,667.809999999999,666.9799999999991,667.2499999999991,231
2026-07-13T18:00:00+00:00,667.2499999999991,667.3499999999991,666.5799999999991,666.7699999999991,323
2026-07-13T18:05:00+00:00,666.7699999999991,668.3999999999991,666.7299999999991,668.0199999999991,301
2026-07-13T18:10:00+00:00,668.0199999999991,668.6599999999991,667.4099999999991,668.169999999999,372
2026-07-13T18:15:00+00:00,668.169999999999,668.4599999999991,666.9799999999991,667.3299999999991,451
2026-07-13T18:20:00+00:00,667.3299999999991,668.7099999999991,667.3299999999991,667.4599999999991,272
2026-07-13T18:25:00+00:00,667.4599999999991,669.929999999999,667.4499999999991,669.7799999999991,340
2026-07-13T18:30:00+00:00,669.7799999999991,670.3899999999991,668.2699999999991,668.2699999999991,419
2026-07-13T18:35:00+00:00,668.2699999999991,668.5899999999991,666.9799999999991,668.1199999999991,306
2026-07-13T18:40:00+00:00,668.1199999999991,669.799999999999,667.9799999999991,668.919999999999,373
2026-07-13T18:45:00+00:00,668.919999999999,668.919999999999,667.289999999999,668.2699999999991,321
2026-07-13T18:50:00+00:00,668.2699999999991,668.3299999999991,667.049999999999,667.9899999999991,271
2026-07-13T18:55:00+00:00,667.9899999999991,668.9599999999991,667.3399999999991,668.9399999999991,239
2026-07-13T19:00:00+00:00,668.9399999999991,669.3999999999991,667.809999999999,668.0699999999991,296
2026-07-13T19:05:00+00:00,668.0699999999991,669.539999999999,667.7599999999991,668.9899999999991,281
2026-07-13T19:10:00+00:00,668.9899999999991,669.2199999999991,667.4099999999991,667.5799999999991,266
2026-07-13T19:15:00+00:00,667.5799999999991,667.799999999999,666.7299999999991,666.7299999999991,233
2026-07-13T19:20:00+00:00,666.7299999999991,667.2099999999991,666.2299999999991,666.5799999999991,299
2026-07-13T19:25:00+00:00,666.5799999999991,666.5799999999991,665.1399999999991,665.7199999999991,362
2026-07-13T19:30:00+00:00,665.7199999999991,665.929999999999,664.7699999999991,665.0099999999991,442
2026-07-13T19:35:00+00:00,665.0099999999991,665.5899999999991,664.419999999999,664.679999999999,461
2026-07-13T19:40:00+00:00,664.679999999999,665.0199999999991,664.0799999999991,665.0199999999991,314
2026-07-13T19:45:00+00:00,665.0199999999991,665.0999999999991,663.4799999999991,664.169999999999,427
2026-07-13T19:50:00+00:00,664.169999999999,665.559999999999,662.4699999999991,662.7799999999991,503
2026-07-13T19:55:00+00:00,662.7799999999991,664.2799999999991,661.3999999999991,663.9799999999991,1134
2026-07-14T13:30:00+00:00,663.9799999999991,663.9799999999991,655.9899999999991,659.299999999999,1480
2026-07-14T13:35:00+00:00,659.299999999999,666.299999999999,658.9899999999991,666.0099999999991,1420
2026-07-14T13:40:00+00:00,666.0099999999991,667.419999999999,662.919999999999,665.5099999999991,1277
2026-07-14T13:45:00+00:00,665.5099999999991,669.419999999999,665.299999999999,666.4499999999991,1260
2026-07-14T13:50:00+00:00,666.4499999999991,669.3699999999991,666.4499999999991,667.0799999999991,880
2026-07-14T13:55:00+00:00,667.0799999999991,668.789999999999,666.4499999999991,667.6099999999991,953
2026-07-14T14:00:00+00:00,667.6099999999991,669.2199999999991,662.9799999999991,662.9899999999991,904
2026-07-14T14:05:00+00:00,662.9899999999991,665.5199999999991,662.3299999999991,665.5199999999991,1144
2026-07-14T14:10:00+00:00,665.5199999999991,665.539999999999,662.7099999999991,663.9699999999991,902
2026-07-14T14:15:00+00:00,663.9699999999991,665.3999999999991,663.2599999999991,664.8699999999991,832
2026-07-14T14:20:00+00:00,664.8699999999991,667.6099999999991,663.7799999999991,666.2099999999991,739
2026-07-14T14:25:00+00:00,666.2099999999991,666.5199999999991,663.059999999999,664.5199999999991,723
2026-07-14T14:30:00+00:00,664.5199999999991,668.5999999999991,664.1399999999991,667.7499999999991,1186
2026-07-14T14:35:00+00:00,667.7499999999991,671.049999999999,667.049999999999,669.0999999999991,1271
2026-07-14T14:40:00+00:00,669.0999999999991,670.2099999999991,668.2699999999991,668.289999999999,842
2026-07-14T14:45:00+00:00,668.289999999999,668.9499999999991,667.0099999999991,668.2099999999991,821
2026-07-14T14:50:00+00:00,668.2099999999991,669.0999999999991,667.0099999999991,668.7399999999991,660
2026-07-14T14:55:00+00:00,668.7399999999991,669.9899999999991,667.9899999999991,669.169999999999,573
2026-07-14T15:00:00+00:00,669.169999999999,669.2799999999991,666.9999999999991,668.679999999999,942
2026-07-14T15:05:00+00:00,668.679999999999,670.3499999999991,668.0799999999991,669.9599999999991,574
2026-07-14T15:10:00+00:00,669.9599999999991,670.2599999999991,668.2799999999991,669.4799999999991,460
2026-07-14T15:15:00+00:00,669.4799999999991,669.669999999999,668.2399999999991,668.5799999999991,408
2026-07-14T15:20:00+00:00,668.5799999999991,668.5799999999991,667.0099999999991,668.2499999999991,350
2026-07-14T15:25:00+00:00,668.2499999999991,668.7299999999991,667.059999999999,667.2099999999991,386
2026-07-14T15:30:00+00:00,667.2099999999991,667.5299999999991,664.0099999999991,664.0299999999991,450
2026-07-14T15:35:00+00:00,664.0299999999991,664.7399999999991,663.6899999999991,664.2099999999991,449
2026-07-14T15:40:00+00:00,664.2099999999991,664.7699999999991,662.9899999999991,663.799999999999,502
2026-07-14T15:45:00+00:00,663.799999999999,663.9699999999991,663.1599999999991,663.7099999999991,335
2026-07-14T15:50:00+00:00,663.7099999999991,664.8999999999991,663.549999999999,664.0699999999991,366
2026-07-14T15:55:00+00:00,664.0699999999991,664.1099999999991,662.5199999999991,663.2799999999991,465
2026-07-14T16:00:00+00:00,663.2799999999991,663.6099999999991,661.9899999999991,662.4699999999991,481
2026-07-14T16:05:00+00:00,662.4699999999991,663.6499999999991,662.2199999999991,663.1099999999991,264
2026-07-14T16:10:00+00:00,663.1099999999991,663.9799999999991,662.4099999999991,663.7399999999991,320
2026-07-14T16:15:00+00:00,663.7399999999991,664.7799999999991,663.549999999999,663.8999999999991,348
2026-07-14T16:20:00+00:00,663.8999999999991,664.8699999999991,663.3699999999991,664.3899999999991,409
2026-07-14T16:25:00+00:00,664.3899999999991,665.919999999999,664.179999999999,665.0799999999991,300
2026-07-14T16:30:00+00:00,665.0799999999991,669.3399999999991,665.0799999999991,668.8999999999991,317
2026-07-14T16:35:00+00:00,668.8999999999991,671.3899999999991,668.8499999999991,670.5199999999991,578
2026-07-14T16:40:00+00:00,670.5199999999991,671.8399999999991,669.559999999999,669.919999999999,338
2026-07-14T16:45:00+00:00,669.919999999999,671.2199999999991,669.2099999999991,670.3699999999991,313
2026-07-14T16:50:00+00:00,670.3699999999991,673.3499999999991,670.3599999999991,671.809999999999,446
2026-07-14T16:55:00+00:00,671.809999999999,671.809999999999,670.3599999999991,671.0299999999991,295
2026-07-14T17:00:00+00:00,671.0299999999991,671.5299999999991,669.6899999999991,670.1399999999991,362
2026-07-14T17:05:00+00:00,670.1399999999991,670.4499999999991,668.5199999999991,669.2499999999991,209
2026-07-14T17:10:00+00:00,669.2499999999991,669.3699999999991,668.4599999999991,668.7499999999991,419
2026-07-14T17:15:00+00:00,668.7499999999991,668.7499999999991,667.4799999999991,668.169999999999,390
2026-07-14T17:20:00+00:00,668.169999999999,670.6999999999991,668.0899999999991,670.5699999999991,288
2026-07-14T17:25:00+00:00,670.5699999999991,670.8499999999991,669.4399999999991,669.7699999999991,264
2026-07-14T17:30:00+00:00,669.7699999999991,671.4699999999991,669.7699999999991,670.5199999999991,290
2026-07-14T17:35:00+00:00,670.5199999999991,671.049999999999,670.0899999999991,670.679999999999,237
2026-07-14T17:40:00+00:00,670.679999999999,671.539999999999,670.4699999999991,670.799999999999,175
2026-07-14T17:45:00+00:00,670.799999999999,670.8599999999991,669.2399999999991,669.4799999999991,216
2026-07-14T17:50:00+00:00,669.4799999999991,669.539999999999,667.7199999999991,668.7299999999991,208
2026-07-14T17:55:00+00:00,668.7299999999991,669.0299999999991,667.8899999999991,668.1199999999991,288
2026-07-14T18:00:00+00:00,668.1199999999991,668.289999999999,666.9799999999991,667.7399999999991,308
2026-07-14T18:05:00+00:00,667.7399999999991,668.289999999999,666.9799999999991,668.2799999999991,287
2026-07-14T18:10:00+00:00,668.2799999999991,668.9699999999991,667.309999999999,668.4599999999991,226
2026-07-14T18:15:00+00:00,668.4599999999991,668.8199999999991,666.4799999999991,666.789999999999,230
2026-07-14T18:20:00+00:00,666.789999999999,667.919999999999,666.7699999999991,667.679999999999,245
2026-07-14T18:25:00+00:00,667.679999999999,670.299999999999,667.679999999999,668.0699999999991,357
2026-07-14T18:30:00+00:00,668.0699999999991,668.6199999999991,667.5699999999991,668.2599999999991,209
2026-07-14T18:35:00+00:00,668.2599999999991,668.3999999999991,666.8599999999991,666.9799999999991,249
2026-07-14T18:40:00+00:00,666.9799999999991,667.1399999999991,665.1599999999991,666.7199999999991,291
2026-07-14T18:45:00+00:00,666.7199999999991,666.7199999999991,665.9799999999991,666.179999999999,201
2026-07-14T18:50:00+00:00,666.179999999999,666.3899999999991,665.5099999999991,665.5199999999991,140
2026-07-14T18:55:00+00:00,665.5199999999991,665.8599999999991,665.1599999999991,665.5099999999991,161
2026-07-14T19:00:00+00:00,665.5099999999991,666.289999999999,665.1599999999991,665.6199999999991,281
2026-07-14T19:05:00+00:00,665.6199999999991,666.5999999999991,665.4399999999991,666.1299999999991,236
2026-07-14T19:10:00+00:00,666.1299999999991,666.7199999999991,665.1599999999991,666.5799999999991,230
2026-07-14T19:15:00+00:00,666.5799999999991,666.6099999999991,664.7799999999991,664.8199999999991,332
2026-07-14T19:20:00+00:00,664.8199999999991,667.6399999999991,664.429999999999,667.6199999999991,246
2026-07-14T19:25:00+00:00,667.6199999999991,669.549999999999,666.9799999999991,667.2699999999991,384
2026-07-14T19:30:00+00:00,667.2699999999991,667.2699999999991,665.6499999999991,666.2799999999991,463
2026-07-14T19:35:00+00:00,666.2799999999991,666.3399999999991,665.6499999999991,665.679999999999,274
2026-07-14T19:40:00+00:00,665.679999999999,666.289999999999,665.0899999999991,665.429999999999,336
2026-07-14T19:45:00+00:00,665.429999999999,665.809999999999,664.4799999999991,665.2799999999991,375
2026-07-14T19:50:00+00:00,665.2799999999991,666.8899999999991,664.419999999999,666.2099999999991,654
2026-07-14T19:55:00+00:00,666.2099999999991,668.4399999999991,664.9799999999991,667.9799999999991,1027
2026-07-15T13:30:00+00:00,667.9799999999991,671.5899999999991,663.7599999999991,667.5899999999991,1498
2026-07-15T13:35:00+00:00,667.5899999999991,669.0299999999991,664.9799999999991,665.6099999999991,1353
2026-07-15T13:40:00+00:00,665.6099999999991,667.3799999999991,664.9799999999991,665.3199999999991,1046
2026-07-15T13:45:00+00:00,665.3199999999991,665.5899999999991,663.6399999999991,665.2599999999991,964
2026-07-15T13:50:00+00:00,665.2599999999991,666.4799999999991,664.1399999999991,665.8199999999991,1222
2026-07-15T13:55:00+00:00,665.8199999999991,667.919999999999,665.0299999999991,666.7199999999991,877
2026-07-15T14:00:00+00:00,666.7199999999991,671.5199999999991,666.4499999999991,671.179999999999,1028
2026-07-15T14:05:00+00:00,671.179999999999,677.7099999999991,671.179999999999,677.299999999999,1067
2026-07-15T14:10:00+00:00,677.299999999999,678.2099999999991,674.6399999999991,674.6499999999991,1047
2026-07-15T14:15:00+00:00,674.6499999999991,676.1999999999991,674.539999999999,675.789999999999,835
2026-07-15T14:20:00+00:00,675.789999999999,678.5799999999991,673.9999999999991,674.9499999999991,1009
2026-07-15T14:25:00+00:00,674.9499999999991,678.789999999999,674.1299999999991,677.7199999999991,969
2026-07-15T14:30:00+00:00,677.7199999999991,681.1599999999991,677.6399999999991,679.5899999999991,1157
2026-07-15T14:35:00+00:00,679.5899999999991,682.9599999999991,679.5699999999991,681.1399999999991,1210
2026-07-15T14:40:00+00:00,681.1399999999991,681.7399999999991,679.3799999999991,679.8199999999991,790
2026-07-15T14:45:00+00:00,679.8199999999991,680.0099999999991,675.1999999999991,676.9799999999991,844
2026-07-15T14:50:00+00:00,676.9799999999991,677.8499999999991,676.4399999999991,677.4499999999991,595
2026-07-15T14:55:00+00:00,677.4499999999991,679.9899999999991,677.4499999999991,678.2099999999991,808.212200386232
2026-07-15T15:00:00+00:00,678.2099999999991,682.7099999999991,677.0199999999991,682.4499999999991,805
2026-07-15T15:05:00+00:00,682.4499999999991,688.7499999999991,682.4499999999991,688.7299999999991,995
2026-07-15T15:10:00+00:00,688.7299999999991,691.919999999999,687.4699999999991,687.4799999999991,1364
2026-07-15T15:15:00+00:00,687.4799999999991,689.179999999999,686.3699999999991,688.2399999999991,932
2026-07-15T15:20:00+00:00,688.2399999999991,688.8599999999991,684.0299999999991,685.9599999999991,971
2026-07-15T15:25:00+00:00,685.9599999999991,688.1999999999991,684.8999999999991,684.919999999999,693
2026-07-15T15:30:00+00:00,684.919999999999,685.9799999999991,683.7699999999991,684.2499999999991,667
2026-07-15T15:35:00+00:00,684.2499999999991,684.8799999999991,683.3199999999991,684.0999999999991,496
2026-07-15T15:40:00+00:00,684.0999999999991,685.2099999999991,683.309999999999,683.5899999999991,481
2026-07-15T15:45:00+00:00,683.5899999999991,685.8499999999991,683.4899999999991,684.789999999999,666
2026-07-15T15:50:00+00:00,684.789999999999,686.9499999999991,684.4899999999991,685.309999999999,598
2026-07-15T15:55:00+00:00,685.309999999999,690.5699999999991,685.289999999999,690.3699999999991,597
2026-07-15T16:00:00+00:00,690.3699999999991,691.5999999999991,686.6999999999991,687.9899999999991,780
2026-07-15T16:05:00+00:00,687.9899999999991,690.0099999999991,687.8899999999991,689.6399999999991,552
2026-07-15T16:10:00+00:00,689.6399999999991,692.1399999999991,689.4999999999991,690.7099999999991,610
2026-07-15T16:15:00+00:00,690.7099999999991,692.8399999999991,689.4899999999991,691.2299999999991,577
2026-07-15T16:20:00+00:00,691.2299999999991,691.8199999999991,690.3799999999991,691.4799999999991,497
2026-07-15T16:25:00+00:00,691.4799999999991,692.2099999999991,689.9799999999991,689.9899999999991,480
2026-07-15T16:30:00+00:00,689.9899999999991,690.5699999999991,687.9899999999991,688.5099999999991,538
2026-07-15T16:35:00+00:00,688.5099999999991,688.679999999999,686.679999999999,688.049999999999,561
2026-07-15T16:40:00+00:00,688.049999999999,688.299999999999,685.0299999999991,685.3399999999991,472
2026-07-15T16:45:00+00:00,685.3399999999991,686.3899999999991,683.8299999999991,684.2399999999991,716
2026-07-15T16:50:00+00:00,684.2399999999991,685.7599999999991,682.0899999999991,682.0999999999991,666
2026-07-15T16:55:00+00:00,682.0999999999991,683.0699999999991,681.3199999999991,682.7799999999991,674
2026-07-15T17:00:00+00:00,682.7799999999991,683.2199999999991,681.9799999999991,682.059999999999,516
2026-07-15T17:05:00+00:00,682.059999999999,682.299999999999,681.3299999999991,681.6499999999991,357
2026-07-15T17:10:00+00:00,681.6499999999991,682.8199999999991,681.4899999999991,681.7299999999991,347
2026-07-15T17:15:00+00:00,681.7299999999991,682.4799999999991,681.0099999999991,681.0099999999991,409
2026-07-15T17:20:00+00:00,681.0099999999991,681.7199999999991,680.5299999999991,680.5299999999991,369
2026-07-15T17:25:00+00:00,680.5299999999991,681.8199999999991,680.3499999999991,681.549999999999,394
2026-07-15T17:30:00+00:00,681.549999999999,682.5999999999991,680.3699999999991,680.5099999999991,503
2026-07-15T17:35:00+00:00,680.5099999999991,681.7799999999991,680.3499999999991,681.7299999999991,243
2026-07-15T17:40:00+00:00,681.7299999999991,682.4499999999991,680.4699999999991,681.4899999999991,274
2026-07-15T17:45:00+00:00,681.4899999999991,682.8599999999991,681.4099999999991,682.429999999999,305
2026-07-15T17:50:00+00:00,682.429999999999,683.8399999999991,681.9099999999991,683.7599999999991,258
2026-07-15T17:55:00+00:00,683.7599999999991,683.8399999999991,682.9899999999991,683.669999999999,303
2026-07-15T18:00:00+00:00,683.669999999999,683.8199999999991,681.2799999999991,681.539999999999,249
2026-07-15T18:05:00+00:00,681.539999999999,683.0999999999991,681.4699999999991,682.4999999999991,347
2026-07-15T18:10:00+00:00,682.4999999999991,684.1099999999991,682.4599999999991,684.1099999999991,226
2026-07-15T18:15:00+00:00,684.1099999999991,685.0999999999991,683.4799999999991,683.7799999999991,280
2026-07-15T18:20:00+00:00,683.7799999999991,684.6299999999991,683.6499999999991,683.9099999999991,256
2026-07-15T18:25:00+00:00,683.9099999999991,684.7399999999991,683.6499999999991,684.2699999999991,208
2026-07-15T18:30:00+00:00,684.2699999999991,684.3999999999991,682.9899999999991,682.9899999999991,238
2026-07-15T18:35:00+00:00,682.9899999999991,683.3899999999991,682.419999999999,683.2199999999991,165
2026-07-15T18:40:00+00:00,683.2199999999991,683.2699999999991,681.4799999999991,681.7799999999991,234
2026-07-15T18:45:00+00:00,681.7799999999991,681.9099999999991,680.559999999999,680.8399999999991,305
2026-07-15T18:50:00+00:00,680.8399999999991,682.299999999999,680.3599999999991,681.6499999999991,268
2026-07-15T18:55:00+00:00,681.6499999999991,683.4599999999991,681.6499999999991,682.929999999999,267
2026-07-15T19:00:00+00:00,682.929999999999,684.8899999999991,682.7199999999991,683.9899999999991,312
2026-07-15T19:05:00+00:00,683.9899999999991,684.5699999999991,682.809999999999,684.4599999999991,376
2026-07-15T19:10:00+00:00,684.4599999999991,685.2299999999991,683.5699999999991,684.2799999999991,384
2026-07-15T19:15:00+00:00,684.2799999999991,684.4799999999991,682.8299999999991,683.4999999999991,245
2026-07-15T19:20:00+00:00,683.4999999999991,684.9099999999991,683.0799999999991,684.039999999999,367
2026-07-15T19:25:00+00:00,684.039999999999,684.2199999999991,683.0799999999991,683.1099999999991,305
2026-07-15T19:30:00+00:00,683.1099999999991,683.669999999999,682.5799999999991,683.4899999999991,478
2026-07-15T19:35:00+00:00,683.4899999999991,685.7799999999991,683.4399999999991,685.6199999999991,368
2026-07-15T19:40:00+00:00,685.6199999999991,686.3899999999991,685.309999999999,686.2699999999991,293
2026-07-15T19:45:00+00:00,686.2699999999991,687.0099999999991,685.419999999999,685.4399999999991,392
2026-07-15T19:50:00+00:00,685.4399999999991,688.2699999999991,685.0199999999991,688.2699999999991,630
2026-07-15T19:55:00+00:00,688.2699999999991,688.9399999999991,686.8599999999991,688.3899999999991,1072
2026-07-16T13:30:00+00:00,688.3899999999991,688.3899999999991,675.429999999999,678.7599999999991,1601
2026-07-16T13:35:00+00:00,678.7599999999991,680.9799999999991,676.9999999999991,678.2699999999991,1442
2026-07-16T13:40:00+00:00,678.2699999999991,679.1499999999991,673.7499999999991,673.8899999999991,1382
2026-07-16T13:45:00+00:00,673.8899999999991,677.6199999999991,673.3299999999991,676.8499999999991,1275
2026-07-16T13:50:00+00:00,676.8499999999991,679.2799999999991,676.4499999999991,678.0799999999991,871
2026-07-16T13:55:00+00:00,678.0799999999991,679.169999999999,677.5299999999991,677.8399999999991,981
2026-07-16T14:00:00+00:00,677.8399999999991,679.1599999999991,676.9799999999991,679.0299999999991,639
2026-07-16T14:05:00+00:00,679.0299999999991,679.4999999999991,677.0699999999991,677.8899999999991,804
2026-07-16T14:10:00+00:00,677.8899999999991,679.6199999999991,677.8899999999991,678.2299999999991,666
2026-07-16T14:15:00+00:00,678.2299999999991,680.3699999999991,677.9799999999991,680.1099999999991,559
2026-07-16T14:20:00+00:00,680.1099999999991,682.4599999999991,679.9499999999991,682.1599999999991,581
2026-07-16T14:25:00+00:00,682.1599999999991,684.289999999999,681.5199999999991,683.5199999999991,502
2026-07-16T14:30:00+00:00,683.5199999999991,686.3699999999991,683.1899999999991,685.3799999999991,614
2026-07-16T14:35:00+00:00,685.3799999999991,687.6499999999991,684.4899999999991,685.0199999999991,643
2026-07-16T14:40:00+00:00,685.0199999999991,686.039999999999,683.7799999999991,685.6099999999991,438
2026-07-16T14:45:00+00:00,685.6099999999991,686.5799999999991,684.8399999999991,685.9899999999991,641
2026-07-16T14:50:00+00:00,685.9899999999991,686.3499999999991,684.299999999999,684.7799999999991,506
2026-07-16T14:55:00+00:00,684.7799999999991,688.679999999999,684.5099999999991,687.2499999999991,530
2026-07-16T15:00:00+00:00,687.2499999999991,687.5199999999991,685.4799999999991,686.0899999999991,459
2026-07-16T15:05:00+00:00,686.0899999999991,686.5799999999991,684.9599999999991,686.1499999999991,393
2026-07-16T15:10:00+00:00,686.1499999999991,687.059999999999,683.6099999999991,684.2599999999991,519
2026-07-16T15:15:00+00:00,684.2599999999991,684.2799999999991,682.2799999999991,682.8399999999991,622
2026-07-16T15:20:00+00:00,682.8399999999991,683.7599999999991,681.289999999999,682.559999999999,580
2026-07-16T15:25:00+00:00,682.559999999999,683.8499999999991,681.4399999999991,681.8399999999991,574
2026-07-16T15:30:00+00:00,681.8399999999991,683.7399999999991,681.679999999999,683.3499999999991,662
2026-07-16T15:35:00+00:00,683.3499999999991,683.5299999999991,681.9899999999991,682.8899999999991,457
2026-07-16T15:40:00+00:00,682.8899999999991,683.8899999999991,682.2799999999991,682.8999999999991,569
2026-07-16T15:45:00+00:00,682.8999999999991,684.1499999999991,682.3699999999991,682.9599999999991,536
2026-07-16T15:50:00+00:00,682.9599999999991,684.5199999999991,681.9899999999991,682.6299999999991,359
2026-07-16T15:55:00+00:00,682.6299999999991,682.6399999999991,681.1899999999991,681.1999999999991,385
2026-07-16T16:00:00+00:00,681.1999999999991,681.4099999999991,678.6899999999991,679.0199999999991,461
2026-07-16T16:05:00+00:00,679.0199999999991,679.9699999999991,678.2299999999991,679.2399999999991,393
2026-07-16T16:10:00+00:00,679.2399999999991,679.5199999999991,677.3299999999991,677.6099999999991,400
2026-07-16T16:15:00+00:00,677.6099999999991,677.9999999999991,675.9799999999991,676.3399999999991,742
2026-07-16T16:20:00+00:00,676.3399999999991,676.7499999999991,675.0299999999991,675.539999999999,588
2026-07-16T16:25:00+00:00,675.539999999999,677.309999999999,675.429999999999,676.9999999999991,444
2026-07-16T16:30:00+00:00,676.9999999999991,677.419999999999,676.539999999999,677.179999999999,336
2026-07-16T16:35:00+00:00,677.179999999999,677.3899999999991,676.4499999999991,676.4599999999991,305
2026-07-16T16:40:00+00:00,676.4599999999991,676.5999999999991,674.9799999999991,675.3899999999991,259
2026-07-16T16:45:00+00:00,675.3899999999991,678.6999999999991,675.3899999999991,676.8399999999991,384
2026-07-16T16:50:00+00:00,676.8399999999991,677.8499999999991,676.2799999999991,677.2399999999991,328
2026-07-16T16:55:00+00:00,677.2399999999991,677.9099999999991,675.9799999999991,677.0299999999991,338
2026-07-16T17:00:00+00:00,677.0299999999991,677.049999999999,675.4899999999991,675.679999999999,288
2026-07-16T17:05:00+00:00,675.679999999999,676.3299999999991,675.4799999999991,675.6999999999991,290
2026-07-16T17:10:00+00:00,675.6999999999991,676.179999999999,675.2799999999991,675.5299999999991,226
2026-07-16T17:15:00+00:00,675.5299999999991,677.2799999999991,675.5199999999991,676.669999999999,403
2026-07-16T17:20:00+00:00,676.669999999999,677.0799999999991,676.1199999999991,676.299999999999,237
2026-07-16T17:25:00+00:00,676.299999999999,677.289999999999,675.4899999999991,676.5099999999991,267
2026-07-16T17:30:00+00:00,676.5099999999991,676.6599999999991,675.0199999999991,675.9799999999991,249
2026-07-16T17:35:00+00:00,675.9799999999991,677.0299999999991,674.4799999999991,674.9599999999991,369
2026-07-16T17:40:00+00:00,674.9599999999991,675.8499999999991,674.539999999999,675.4099999999991,231
2026-07-16T17:45:00+00:00,675.4099999999991,675.6499999999991,675.059999999999,675.4599999999991,216
2026-07-16T17:50:00+00:00,675.4599999999991,677.039999999999,675.0699999999991,676.7799999999991,249
2026-07-16T17:55:00+00:00,676.7799999999991,676.7799999999991,675.2599999999991,675.549999999999,252
2026-07-16T18:00:00+00:00,675.549999999999,676.3499999999991,675.1899999999991,675.8499999999991,204
2026-07-16T18:05:00+00:00,675.8499999999991,677.2199999999991,673.6399999999991,676.0899999999991,714
2026-07-16T18:10:00+00:00,676.0899999999991,680.6999999999991,675.7799999999991,676.809999999999,1175
2026-07-16T18:15:00+00:00,676.809999999999,677.309999999999,675.9799999999991,676.3199999999991,694
2026-07-16T18:20:00+00:00,676.3199999999991,676.8999999999991,673.9899999999991,674.1499999999991,651
2026-07-16T18:25:00+00:00,674.1499999999991,675.0999999999991,673.9799999999991,675.0999999999991,477
2026-07-16T18:30:00+00:00,675.0999999999991,676.0799999999991,674.4099999999991,674.9999999999991,392
2026-07-16T18:35:00+00:00,674.9999999999991,675.2799999999991,674.309999999999,674.3899999999991,370
2026-07-16T18:40:00+00:00,674.3899999999991,675.8299999999991,674.309999999999,674.5099999999991,362
2026-07-16T18:45:00+00:00,674.5099999999991,675.809999999999,674.0799999999991,675.4399999999991,374
2026-07-16T18:50:00+00:00,675.4399999999991,675.4699999999991,674.1099999999991,674.7499999999991,431
2026-07-16T18:55:00+00:00,674.7499999999991,675.7199999999991,674.3599999999991,674.7199999999991,244
2026-07-16T19:00:00+00:00,674.7199999999991,675.3399999999991,672.9899999999991,674.309999999999,393
2026-07-16T19:05:00+00:00,674.309999999999,674.559999999999,672.559999999999,672.559999999999,344
2026-07-16T19:10:00+00:00,672.559999999999,672.9499999999991,671.5199999999991,671.5199999999991,362
2026-07-16T19:15:00+00:00,671.5199999999991,671.809999999999,670.1099999999991,671.289999999999,386
2026-07-16T19:20:00+00:00,671.289999999999,671.3799999999991,669.5899999999991,669.6899999999991,330
2026-07-16T19:25:00+00:00,669.6899999999991,670.7699999999991,668.9899999999991,669.6899999999991,486
2026-07-16T19:30:00+00:00,669.6899999999991,670.5099999999991,669.2699999999991,670.419999999999,478
2026-07-16T19:35:00+00:00,670.419999999999,671.0199999999991,669.6099999999991,670.8599999999991,344
2026-07-16T19:40:00+00:00,670.8599999999991,670.8599999999991,668.9799999999991,668.9899999999991,441
2026-07-16T19:45:00+00:00,668.9899999999991,668.9899999999991,667.049999999999,667.6999999999991,554
2026-07-16T19:50:00+00:00,667.6999999999991,670.7299999999991,667.6999999999991,669.789999999999,693
2026-07-16T19:55:00+00:00,669.789999999999,671.5099999999991,668.5799999999991,671.2699999999991,1235
2026-07-17T13:30:00+00:00,671.2699999999991,671.2699999999991,649.5199999999991,653.669999999999,1482
2026-07-17T13:35:00+00:00,653.669999999999,653.669999999999,647.0799999999991,648.309999999999,1557
2026-07-17T13:40:00+00:00,648.309999999999,649.0899999999991,645.669999999999,646.7199999999991,1308
2026-07-17T13:45:00+00:00,646.7199999999991,646.809999999999,643.4799999999991,646.6899999999991,1332
2026-07-17T13:50:00+00:00,646.6899999999991,649.289999999999,644.9799999999991,647.679999999999,1187
2026-07-17T13:55:00+00:00,647.679999999999,649.8999999999991,645.9799999999991,648.5799999999991,783
2026-07-17T14:00:00+00:00,648.5799999999991,648.8399999999991,644.539999999999,644.9899999999991,704
2026-07-17T14:05:00+00:00,644.9899999999991,646.0299999999991,640.8799999999991,641.539999999999,843
2026-07-17T14:10:00+00:00,641.539999999999,644.059999999999,640.7499999999991,642.9099999999991,888
2026-07-17T14:15:00+00:00,642.9099999999991,644.3699999999991,638.9899999999991,639.7399999999991,1107
2026-07-17T14:20:00+00:00,639.7399999999991,643.4099999999991,638.9799999999991,643.3399999999991,779
2026-07-17T14:25:00+00:00,643.3399999999991,643.8299999999991,640.9799999999991,640.9999999999991,624
2026-07-17T14:30:00+00:00,640.9999999999991,641.4899999999991,639.539999999999,640.4499999999991,605
2026-07-17T14:35:00+00:00,640.4499999999991,642.9999999999991,640.4399999999991,642.9999999999991,532
2026-07-17T14:40:00+00:00,642.9999999999991,643.1499999999991,640.9799999999991,641.309999999999,460
2026-07-17T14:45:00+00:00,641.309999999999,641.539999999999,639.2399999999991,639.2599999999991,460
2026-07-17T14:50:00+00:00,639.2599999999991,639.2699999999991,636.799999999999,636.9899999999991,487
2026-07-17T14:55:00+00:00,636.9899999999991,638.0999999999991,632.899999999999,633.339999999999,652.4143174640309
2026-07-17T15:00:00+00:00,633.339999999999,634.989999999999,632.859999999999,634.0599999999989,580
2026-07-17T15:05:00+00:00,634.0599999999989,635.989999999999,633.859999999999,635.459999999999,455
2026-07-17T15:10:00+00:00,635.459999999999,635.949999999999,634.079999999999,635.0399999999989,352
2026-07-17T15:15:00+00:00,635.0399999999989,637.379999999999,634.449999999999,635.859999999999,450
2026-07-17T15:20:00+00:00,635.859999999999,636.449999999999,634.859999999999,634.9199999999989,470
2026-07-17T15:25:00+00:00,634.9199999999989,636.519999999999,634.859999999999,636.459999999999,356
2026-07-17T15:30:00+00:00,636.459999999999,638.489999999999,636.4399999999989,637.129999999999,476
2026-07-17T15:35:00+00:00,637.129999999999,637.1699999999989,635.069999999999,636.569999999999,449
2026-07-17T15:40:00+00:00,636.569999999999,637.649999999999,636.409999999999,637.239999999999,414
2026-07-17T15:45:00+00:00,637.239999999999,638.139999999999,636.529999999999,636.589999999999,463
2026-07-17T15:50:00+00:00,636.589999999999,637.389999999999,636.0399999999989,637.369999999999,282
2026-07-17T15:55:00+00:00,637.369999999999,639.5599999999989,637.159999999999,639.399999999999,414
2026-07-17T16:00:00+00:00,639.399999999999,639.7999999999989,637.109999999999,638.1699999999989,510
2026-07-17T16:05:00+00:00,638.1699999999989,640.0399999999989,637.9199999999989,639.519999999999,310
2026-07-17T16:10:00+00:00,639.519999999999,640.569999999999,639.509999999999,640.369999999999,334
2026-07-17T16:15:00+00:00,640.369999999999,653.499999999999,640.0599999999989,650.839999999999,1866
2026-07-17T16:20:00+00:00,650.839999999999,652.249999999999,647.899999999999,649.729999999999,1851
2026-07-17T16:25:00+00:00,649.729999999999,655.1899999999989,647.859999999999,650.079999999999,1442
2026-07-17T16:30:00+00:00,650.079999999999,650.3099999999989,644.859999999999,647.449999999999,1235
2026-07-17T16:35:00+00:00,647.449999999999,652.0599999999989,646.909999999999,652.0399999999989,861
2026-07-17T16:40:00+00:00,652.0399999999989,653.899999999999,650.749999999999,651.339999999999,738
2026-07-17T16:45:00+00:00,651.339999999999,656.079999999999,651.339999999999,655.529999999999,683
2026-07-17T16:50:00+00:00,655.529999999999,656.6699999999989,654.009999999999,654.409999999999,535
2026-07-17T16:55:00+00:00,654.409999999999,657.0399999999989,654.219999999999,655.949999999999,518
2026-07-17T17:00:00+00:00,655.949999999999,658.7999999999989,655.869999999999,657.899999999999,590
2026-07-17T17:05:00+00:00,657.899999999999,658.089999999999,656.2899999999989,656.379999999999,481
2026-07-17T17:10:00+00:00,656.379999999999,658.229999999999,655.219999999999,655.319999999999,556
2026-07-17T17:15:00+00:00,655.319999999999,657.139999999999,653.969999999999,654.839999999999,542
2026-07-17T17:20:00+00:00,654.839999999999,655.119999999999,653.5599999999989,654.329999999999,375
2026-07-17T17:25:00+00:00,654.329999999999,658.879999999999,654.069999999999,658.619999999999,372
2026-07-17T17:30:00+00:00,658.619999999999,658.769999999999,655.869999999999,656.449999999999,467
2026-07-17T17:35:00+00:00,656.449999999999,656.9199999999989,655.859999999999,656.5499999999989,356
2026-07-17T17:40:00+00:00,656.5499999999989,656.7899999999989,653.459999999999,653.459999999999,360
2026-07-17T17:45:00+00:00,653.459999999999,655.369999999999,653.379999999999,654.209999999999,297
2026-07-17T17:50:00+00:00,654.209999999999,654.659999999999,652.389999999999,654.469999999999,297
2026-07-17T17:55:00+00:00,654.469999999999,656.199999999999,654.209999999999,656.159999999999,295
2026-07-17T18:00:00+00:00,656.159999999999,656.7999999999989,655.4299999999989,655.4399999999989,249
2026-07-17T18:05:00+00:00,655.4399999999989,655.519999999999,652.329999999999,653.469999999999,405
2026-07-17T18:10:00+00:00,653.469999999999,654.389999999999,652.999999999999,653.859999999999,293
2026-07-17T18:15:00+00:00,653.859999999999,653.869999999999,652.859999999999,653.4299999999989,303
2026-07-17T18:20:00+00:00,653.4299999999989,654.5499999999989,653.199999999999,653.509999999999,264
2026-07-17T18:25:00+00:00,653.509999999999,654.109999999999,653.1799999999989,653.639999999999,186
2026-07-17T18:30:00+00:00,653.639999999999,654.719999999999,653.4199999999989,654.6799999999989,242
2026-07-17T18:35:00+00:00,654.6799999999989,654.699999999999,653.859999999999,653.9299999999989,233
2026-07-17T18:40:00+00:00,653.9299999999989,653.9399999999989,652.739999999999,652.989999999999,221
2026-07-17T18:45:00+00:00,652.989999999999,654.469999999999,652.149999999999,654.279999999999,323
2026-07-17T18:50:00+00:00,654.279999999999,655.089999999999,653.389999999999,653.399999999999,241
2026-07-17T18:55:00+00:00,653.399999999999,653.769999999999,652.319999999999,652.719999999999,178
2026-07-17T19:00:00+00:00,652.719999999999,652.719999999999,650.889999999999,650.889999999999,394
2026-07-17T19:05:00+00:00,650.889999999999,651.499999999999,650.409999999999,650.4199999999989,263
2026-07-17T19:10:00+00:00,650.4199999999989,650.5599999999989,648.359999999999,648.359999999999,395
2026-07-17T19:15:00+00:00,648.359999999999,649.449999999999,647.969999999999,649.449999999999,354
2026-07-17T19:20:00+00:00,649.449999999999,650.359999999999,649.129999999999,649.619999999999,381
2026-07-17T19:25:00+00:00,649.619999999999,650.909999999999,649.349999999999,650.6899999999989,328
2026-07-17T19:30:00+00:00,650.6899999999989,651.329999999999,649.719999999999,651.019999999999,378
2026-07-17T19:35:00+00:00,651.019999999999,651.349999999999,648.459999999999,648.759999999999,446
2026-07-17T19:40:00+00:00,648.759999999999,649.909999999999,648.109999999999,649.329999999999,412
2026-07-17T19:45:00+00:00,649.329999999999,650.949999999999,648.859999999999,650.9399999999989,469
2026-07-17T19:50:00+00:00,650.9399999999989,654.6799999999989,650.5599999999989,654.619999999999,646
2026-07-17T19:55:00+00:00,654.619999999999,654.709999999999,651.109999999999,652.6899999999989,1206
2026-07-20T13:30:00+00:00,652.6899999999989,653.5499999999989,647.159999999999,648.229999999999,1511
2026-07-20T13:35:00+00:00,648.229999999999,649.1799999999989,645.379999999999,649.1799999999989,1186
2026-07-20T13:40:00+00:00,649.1799999999989,652.319999999999,648.509999999999,651.269999999999,802
2026-07-20T13:45:00+00:00,651.269999999999,652.089999999999,649.109999999999,649.6799999999989,728
2026-07-20T13:50:00+00:00,649.6799999999989,649.879999999999,646.869999999999,646.969999999999,481
2026-07-20T13:55:00+00:00,646.969999999999,647.459999999999,642.959999999999,643.869999999999,481
2026-07-20T14:00:00+00:00,643.869999999999,645.519999999999,642.959999999999,645.219999999999,424
2026-07-20T14:05:00+00:00,645.219999999999,648.519999999999,645.149999999999,648.079999999999,372
2026-07-20T14:10:00+00:00,648.079999999999,649.599999999999,647.199999999999,649.459999999999,309
2026-07-20T14:15:00+00:00,649.459999999999,652.089999999999,649.229999999999,649.969999999999,418
2026-07-20T14:20:00+00:00,649.969999999999,650.2999999999989,647.859999999999,648.219999999999,389
2026-07-20T14:25:00+00:00,648.219999999999,649.1899999999989,647.859999999999,648.609999999999,238
2026-07-20T14:30:00+00:00,648.609999999999,650.099999999999,648.589999999999,649.519999999999,247
2026-07-20T14:35:00+00:00,649.519999999999,650.779999999999,649.0499999999989,650.379999999999,250
2026-07-20T14:40:00+00:00,650.379999999999,651.5499999999989,649.1699999999989,649.459999999999,203
2026-07-20T14:45:00+00:00,649.459999999999,650.499999999999,648.649999999999,649.229999999999,271
2026-07-20T14:50:00+00:00,649.229999999999,652.409999999999,649.119999999999,652.249999999999,301
2026-07-20T14:55:00+00:00,652.249999999999,652.6899999999989,650.959999999999,651.7899999999989,288
2026-07-20T15:00:00+00:00,651.7899999999989,653.5599999999989,650.9399999999989,653.449999999999,346
2026-07-20T15:05:00+00:00,653.449999999999,654.139999999999,652.2999999999989,653.7999999999989,340
2026-07-20T15:10:00+00:00,653.7999999999989,654.389999999999,653.1799999999989,654.389999999999,219
2026-07-20T15:15:00+00:00,654.389999999999,654.9199999999989,654.009999999999,654.9199999999989,267
2026-07-20T15:20:00+00:00,654.9199999999989,655.6899999999989,653.519999999999,654.529999999999,354
2026-07-20T15:25:00+00:00,654.529999999999,654.979999999999,653.109999999999,654.509999999999,340
2026-07-20T15:30:00+00:00,654.509999999999,655.339999999999,654.359999999999,654.619999999999,287
2026-07-20T15:35:00+00:00,654.619999999999,655.569999999999,654.409999999999,655.239999999999,237
2026-07-20T15:40:00+00:00,655.239999999999,656.369999999999,654.579999999999,654.819999999999,313
2026-07-20T15:45:00+00:00,654.819999999999,655.4299999999989,653.869999999999,653.959999999999,333
2026-07-20T15:50:00+00:00,653.959999999999,654.6799999999989,653.519999999999,654.449999999999,308
2026-07-20T15:55:00+00:00,654.449999999999,654.589999999999,653.499999999999,653.989999999999,205
2026-07-20T16:00:00+00:00,653.989999999999,654.5599999999989,653.609999999999,654.5599999999989,219
2026-07-20T16:05:00+00:00,654.5599999999989,655.199999999999,654.259999999999,654.719999999999,207
2026-07-20T16:10:00+00:00,654.719999999999,654.9399999999989,654.219999999999,654.4199999999989,185
2026-07-20T16:15:00+00:00,654.4199999999989,654.599999999999,653.869999999999,654.4199999999989,176
2026-07-20T16:20:00+00:00,654.4199999999989,657.749999999999,654.329999999999,657.5499999999989,276
2026-07-20T16:25:00+00:00,657.5499999999989,658.869999999999,657.329999999999,658.869999999999,307
2026-07-20T16:30:00+00:00,658.869999999999,659.839999999999,657.859999999999,658.489999999999,430
2026-07-20T16:35:00+00:00,658.489999999999,659.329999999999,657.879999999999,658.909999999999,224
2026-07-20T16:40:00+00:00,658.909999999999,659.5399999999989,657.459999999999,658.359999999999,623
2026-07-20T16:45:00+00:00,658.359999999999,659.2899999999989,656.879999999999,658.759999999999,311
2026-07-20T16:50:00+00:00,658.759999999999,658.829999999999,657.859999999999,658.269999999999,250
2026-07-20T16:55:00+00:00,658.269999999999,658.769999999999,658.119999999999,658.5399999999989,164
2026-07-20T17:00:00+00:00,658.5399999999989,658.5599999999989,657.639999999999,657.6699999999989,158
2026-07-20T17:05:00+00:00,657.6699999999989,658.0499999999989,656.859999999999,657.349999999999,188
2026-07-20T17:10:00+00:00,657.349999999999,657.409999999999,656.7999999999989,656.8099999999989,227
2026-07-20T17:15:00+00:00,656.8099999999989,656.839999999999,655.359999999999,655.529999999999,305
2026-07-20T17:20:00+00:00,655.529999999999,656.199999999999,655.359999999999,655.359999999999,207
2026-07-20T17:25:00+00:00,655.359999999999,656.7999999999989,654.9299999999989,656.4399999999989,221
2026-07-20T17:30:00+00:00,656.4399999999989,656.619999999999,655.639999999999,655.649999999999,211
2026-07-20T17:35:00+00:00,655.649999999999,655.729999999999,654.629999999999,654.769999999999,200
2026-07-20T17:40:00+00:00,654.769999999999,655.609999999999,654.469999999999,655.599999999999,200
2026-07-20T17:45:00+00:00,655.599999999999,655.599999999999,654.209999999999,654.529999999999,283
2026-07-20T17:50:00+00:00,654.529999999999,655.779999999999,654.529999999999,655.1799999999989,170
2026-07-20T17:55:00+00:00,655.1799999999989,655.1799999999989,654.359999999999,654.6699999999989,222
2026-07-20T18:00:00+00:00,654.6699999999989,655.5599999999989,654.619999999999,654.899999999999,207
2026-07-20T18:05:00+00:00,654.899999999999,655.589999999999,654.879999999999,655.5599999999989,138
2026-07-20T18:10:00+00:00,655.5599999999989,656.079999999999,655.109999999999,655.579999999999,170
2026-07-20T18:15:00+00:00,655.579999999999,656.479999999999,654.869999999999,656.199999999999,232
2026-07-20T18:20:00+00:00,656.199999999999,656.359999999999,654.369999999999,654.379999999999,243
2026-07-20T18:25:00+00:00,654.379999999999,655.469999999999,654.219999999999,655.089999999999,189
2026-07-20T18:30:00+00:00,655.089999999999,655.1799999999989,654.449999999999,654.839999999999,215
2026-07-20T18:35:00+00:00,654.839999999999,655.6899999999989,654.839999999999,655.259999999999,192
2026-07-20T18:40:00+00:00,655.259999999999,655.4399999999989,652.5499999999989,652.899999999999,326
2026-07-20T18:45:00+00:00,652.899999999999,653.839999999999,652.639999999999,653.699999999999,308
2026-07-20T18:50:00+00:00,653.699999999999,654.629999999999,653.409999999999,654.509999999999,218
2026-07-20T18:55:00+00:00,654.509999999999,655.159999999999,653.979999999999,655.099999999999,151
2026-07-20T19:00:00+00:00,655.099999999999,656.139999999999,654.859999999999,655.629999999999,252
2026-07-20T19:05:00+00:00,655.629999999999,656.139999999999,655.079999999999,655.969999999999,251
2026-07-20T19:10:00+00:00,655.969999999999,656.489999999999,655.6899999999989,655.769999999999,250
2026-07-20T19:15:00+00:00,655.769999999999,655.769999999999,654.459999999999,654.7999999999989,315
2026-07-20T19:20:00+00:00,654.7999999999989,655.849999999999,654.229999999999,655.849999999999,214
2026-07-20T19:25:00+00:00,655.849999999999,655.899999999999,654.899999999999,655.489999999999,204
2026-07-20T19:30:00+00:00,655.489999999999,657.079999999999,655.399999999999,656.319999999999,318
2026-07-20T19:35:00+00:00,656.319999999999,656.749999999999,655.979999999999,656.649999999999,195
2026-07-20T19:40:00+00:00,656.649999999999,657.849999999999,656.459999999999,657.239999999999,203
2026-07-20T19:45:00+00:00,657.239999999999,657.259999999999,656.089999999999,656.7999999999989,296
2026-07-20T19:50:00+00:00,656.7999999999989,656.7999999999989,652.859999999999,652.979999999999,619
2026-07-20T19:55:00+00:00,652.979999999999,653.749999999999,651.869999999999,652.5399999999989,1065
2026-07-21T13:30:00+00:00,652.5399999999989,661.879999999999,649.909999999999,652.1899999999989,902
2026-07-21T13:35:00+00:00,652.1899999999989,652.6699999999989,650.099999999999,650.499999999999,746
2026-07-21T13:40:00+00:00,650.499999999999,655.969999999999,650.3099999999989,655.259999999999,973
2026-07-21T13:45:00+00:00,655.259999999999,657.399999999999,653.819999999999,655.859999999999,775
2026-07-21T13:50:00+00:00,655.859999999999,656.739999999999,653.859999999999,655.649999999999,626
2026-07-21T13:55:00+00:00,655.649999999999,655.969999999999,653.859999999999,654.869999999999,517
2026-07-21T14:00:00+00:00,654.869999999999,656.0499999999989,654.269999999999,655.319999999999,398
2026-07-21T14:05:00+00:00,655.319999999999,656.589999999999,654.609999999999,654.979999999999,435
2026-07-21T14:10:00+00:00,654.979999999999,654.989999999999,652.0599999999989,653.139999999999,340
2026-07-21T14:15:00+00:00,653.139999999999,653.5499999999989,651.659999999999,653.529999999999,406
2026-07-21T14:20:00+00:00,653.529999999999,654.6799999999989,652.769999999999,654.4399999999989,459
2026-07-21T14:25:00+00:00,654.4399999999989,654.6899999999989,653.259999999999,653.259999999999,307
2026-07-21T14:30:00+00:00,653.259999999999,654.199999999999,653.259999999999,653.9399999999989,316
2026-07-21T14:35:00+00:00,653.9399999999989,654.229999999999,653.339999999999,653.719999999999,411
2026-07-21T14:40:00+00:00,653.719999999999,654.449999999999,652.769999999999,652.879999999999,528
2026-07-21T14:45:00+00:00,652.879999999999,656.0399999999989,652.859999999999,655.7899999999989,306
2026-07-21T14:50:00+00:00,655.7899999999989,656.239999999999,654.659999999999,655.009999999999,291
2026-07-21T14:55:00+00:00,655.009999999999,655.529999999999,653.6799999999989,654.229999999999,332
2026-07-21T15:00:00+00:00,654.229999999999,654.469999999999,652.359999999999,652.659999999999,510
2026-07-21T15:05:00+00:00,652.659999999999,654.569999999999,652.389999999999,654.0399999999989,354
2026-07-21T15:10:00+00:00,654.0399999999989,654.969999999999,653.909999999999,654.099999999999,304
2026-07-21T15:15:00+00:00,654.099999999999,654.599999999999,653.519999999999,653.5399999999989,266
2026-07-21T15:20:00+00:00,653.5399999999989,654.839999999999,653.519999999999,653.759999999999,316
2026-07-21T15:25:00+00:00,653.759999999999,654.659999999999,653.659999999999,654.639999999999,215
2026-07-21T15:30:00+00:00,654.639999999999,655.459999999999,654.1799999999989,654.859999999999,273
2026-07-21T15:35:00+00:00,654.859999999999,655.1699999999989,654.229999999999,654.8099999999989,221
2026-07-21T15:40:00+00:00,654.8099999999989,655.499999999999,654.5499999999989,655.269999999999,225
2026-07-21T15:45:00+00:00,655.269999999999,655.269999999999,654.109999999999,654.1899999999989,197
2026-07-21T15:50:00+00:00,654.1899999999989,654.979999999999,654.109999999999,654.359999999999,137
2026-07-21T15:55:00+00:00,654.359999999999,655.5399999999989,654.109999999999,654.109999999999,162
2026-07-21T16:00:00+00:00,654.109999999999,654.769999999999,653.859999999999,654.099999999999,172
2026-07-21T16:05:00+00:00,654.099999999999,654.399999999999,653.519999999999,653.6899999999989,165
2026-07-21T16:10:00+00:00,653.6899999999989,654.1899999999989,653.129999999999,653.729999999999,220
2026-07-21T16:15:00+00:00,653.729999999999,653.9299999999989,652.779999999999,653.829999999999,272
2026-07-21T16:20:00+00:00,653.829999999999,654.219999999999,653.369999999999,654.079999999999,163
2026-07-21T16:25:00+00:00,654.079999999999,654.379999999999,653.759999999999,654.0499999999989,212
2026-07-21T16:30:00+00:00,654.0499999999989,654.699999999999,653.379999999999,653.949999999999,206
2026-07-21T16:35:00+00:00,653.949999999999,654.889999999999,653.9299999999989,654.639999999999,167
2026-07-21T16:40:00+00:00,654.639999999999,655.229999999999,654.639999999999,654.659999999999,168
2026-07-21T16:45:00+00:00,654.659999999999,655.1699999999989,654.469999999999,654.859999999999,169
2026-07-21T16:50:00+00:00,654.859999999999,656.829999999999,654.5599999999989,656.479999999999,282
2026-07-21T16:55:00+00:00,656.479999999999,657.339999999999,654.509999999999,654.7999999999989,346
2026-07-21T17:00:00+00:00,654.7999999999989,655.2999999999989,653.4199999999989,653.4299999999989,347
2026-07-21T17:05:00+00:00,653.4299999999989,653.5599999999989,652.019999999999,652.879999999999,332
2026-07-21T17:10:00+00:00,652.879999999999,653.569999999999,652.6899999999989,653.259999999999,194
2026-07-21T17:15:00+00:00,653.259999999999,653.269999999999,652.449999999999,652.889999999999,202
2026-07-21T17:20:00+00:00,652.889999999999,653.369999999999,652.159999999999,653.069999999999,215
2026-07-21T17:25:00+00:00,653.069999999999,653.579999999999,652.9299999999989,653.4299999999989,140
2026-07-21T17:30:00+00:00,653.4299999999989,653.459999999999,651.449999999999,652.159999999999,212
2026-07-21T17:35:00+00:00,652.159999999999,653.749999999999,651.889999999999,653.739999999999,225
2026-07-21T17:40:00+00:00,653.739999999999,655.489999999999,653.739999999999,654.839999999999,257
2026-07-21T17:45:00+00:00,654.839999999999,654.979999999999,652.859999999999,653.849999999999,218
2026-07-21T17:50:00+00:00,653.849999999999,654.4399999999989,653.449999999999,654.3099999999989,196
2026-07-21T17:55:00+00:00,654.3099999999989,654.489999999999,653.639999999999,654.0599999999989,198
2026-07-21T18:00:00+00:00,654.0599999999989,654.369999999999,653.629999999999,653.869999999999,292
2026-07-21T18:05:00+00:00,653.869999999999,653.879999999999,653.3099999999989,653.619999999999,201
2026-07-21T18:10:00+00:00,653.619999999999,653.649999999999,653.019999999999,653.089999999999,238
2026-07-21T18:15:00+00:00,653.089999999999,654.069999999999,653.0599999999989,653.979999999999,189
2026-07-21T18:20:00+00:00,653.979999999999,654.369999999999,653.5399999999989,653.589999999999,150
2026-07-21T18:25:00+00:00,653.589999999999,654.389999999999,653.509999999999,654.2899999999989,98
2026-07-21T18:30:00+00:00,654.2899999999989,654.509999999999,653.739999999999,653.859999999999,206
2026-07-21T18:35:00+00:00,653.859999999999,654.029999999999,652.859999999999,653.109999999999,142
2026-07-21T18:40:00+00:00,653.109999999999,654.279999999999,653.009999999999,654.279999999999,144
2026-07-21T18:45:00+00:00,654.279999999999,654.479999999999,653.859999999999,654.139999999999,92
2026-07-21T18:50:00+00:00,654.139999999999,654.349999999999,653.659999999999,653.849999999999,131
2026-07-21T18:55:00+00:00,653.849999999999,654.199999999999,653.159999999999,653.5499999999989,160
2026-07-21T19:00:00+00:00,653.5499999999989,654.399999999999,653.119999999999,654.379999999999,145
2026-07-21T19:05:00+00:00,654.379999999999,655.449999999999,654.219999999999,655.359999999999,151
2026-07-21T19:10:00+00:00,655.359999999999,655.509999999999,654.509999999999,654.839999999999,181
2026-07-21T19:15:00+00:00,654.839999999999,655.019999999999,654.509999999999,654.769999999999,101
2026-07-21T19:20:00+00:00,654.769999999999,655.489999999999,654.5599999999989,655.459999999999,128
2026-07-21T19:25:00+00:00,655.459999999999,656.6899999999989,655.459999999999,655.839999999999,201
2026-07-21T19:30:00+00:00,655.839999999999,656.569999999999,651.4299999999989,653.639999999999,429
2026-07-21T19:35:00+00:00,653.639999999999,654.239999999999,653.149999999999,653.899999999999,297
2026-07-21T19:40:00+00:00,653.899999999999,655.1799999999989,653.879999999999,655.019999999999,242
2026-07-21T19:45:00+00:00,655.019999999999,655.119999999999,653.859999999999,653.869999999999,184
2026-07-21T19:50:00+00:00,653.869999999999,653.909999999999,651.859999999999,651.999999999999,382
2026-07-21T19:55:00+00:00,651.999999999999,652.219999999999,650.109999999999,650.399999999999,514
2026-07-22T13:30:00+00:00,650.399999999999,653.649999999999,643.749999999999,643.869999999999,917
2026-07-22T13:35:00+00:00,643.869999999999,646.719999999999,641.499999999999,642.0399999999989,768
2026-07-22T13:40:00+00:00,642.0399999999989,642.0399999999989,639.1799999999989,641.5599999999989,737
2026-07-22T13:45:00+00:00,641.5599999999989,643.129999999999,639.399999999999,640.259999999999,480
2026-07-22T13:50:00+00:00,640.259999999999,640.379999999999,637.139999999999,639.129999999999,615
2026-07-22T13:55:00+00:00,639.129999999999,640.619999999999,638.259999999999,639.409999999999,531
2026-07-22T14:00:00+00:00,639.409999999999,642.339999999999,639.379999999999,642.319999999999,654
2026-07-22T14:05:00+00:00,642.319999999999,643.199999999999,640.449999999999,641.359999999999,461
2026-07-22T14:10:00+00:00,641.359999999999,641.389999999999,638.859999999999,638.859999999999,302
2026-07-22T14:15:00+00:00,638.859999999999,639.349999999999,636.359999999999,636.6799999999989,414
2026-07-22T14:20:00+00:00,636.6799999999989,636.879999999999,634.889999999999,636.6799999999989,606
2026-07-22T14:25:00+00:00,636.6799999999989,637.029999999999,635.859999999999,636.5599999999989,406
2026-07-22T14:30:00+00:00,636.5599999999989,637.599999999999,636.139999999999,636.869999999999,312
2026-07-22T14:35:00+00:00,636.869999999999,638.239999999999,636.4399999999989,636.619999999999,340
2026-07-22T14:40:00+00:00,636.619999999999,636.879999999999,635.739999999999,636.229999999999,318
2026-07-22T14:45:00+00:00,636.229999999999,636.6699999999989,635.739999999999,636.129999999999,221
2026-07-22T14:50:00+00:00,636.129999999999,637.2899999999989,636.109999999999,636.359999999999,234
2026-07-22T14:55:00+00:00,636.359999999999,636.729999999999,635.8099999999989,636.419999999999,238.06271777003485
2026-07-22T15:00:00+00:00,636.419999999999,636.5299999999991,635.589999999999,635.969999999999,243
2026-07-22T15:05:00+00:00,635.969999999999,636.1399999999991,634.929999999999,635.169999999999,209
2026-07-22T15:10:00+00:00,635.169999999999,635.989999999999,634.709999999999,634.989999999999,210
2026-07-22T15:15:00+00:00,634.989999999999,635.299999999999,634.859999999999,635.089999999999,183
2026-07-22T15:20:00+00:00,635.089999999999,636.2699999999991,634.709999999999,636.089999999999,322
2026-07-22T15:25:00+00:00,636.089999999999,636.5099999999991,635.699999999999,636.309999999999,204
2026-07-22T15:30:00+00:00,636.309999999999,636.6599999999991,635.329999999999,635.919999999999,215
2026-07-22T15:35:00+00:00,635.919999999999,636.809999999999,635.4099999999991,636.329999999999,235
2026-07-22T15:40:00+00:00,636.329999999999,637.319999999999,636.1599999999991,636.919999999999,278
2026-07-22T15:45:00+00:00,636.919999999999,637.7599999999991,636.6599999999991,636.7499999999991,260
2026-07-22T15:50:00+00:00,636.7499999999991,637.439999999999,635.919999999999,635.929999999999,274
2026-07-22T15:55:00+00:00,635.929999999999,636.299999999999,635.4099999999991,635.6599999999991,249
2026-07-22T16:00:00+00:00,635.6599999999991,635.859999999999,635.209999999999,635.479999999999,186
2026-07-22T16:05:00+00:00,635.479999999999,636.0299999999991,635.0299999999991,635.949999999999,163
2026-07-22T16:10:00+00:00,635.949999999999,637.1599999999991,635.939999999999,636.919999999999,193
2026-07-22T16:15:00+00:00,636.919999999999,636.919999999999,635.609999999999,635.829999999999,154
2026-07-22T16:20:00+00:00,635.829999999999,636.609999999999,635.609999999999,636.2599999999991,146
2026-07-22T16:25:00+00:00,636.2599999999991,636.609999999999,635.799999999999,636.069999999999,174
2026-07-22T16:30:00+00:00,636.069999999999,636.1199999999991,635.609999999999,635.939999999999,127
2026-07-22T16:35:00+00:00,635.939999999999,635.969999999999,635.0099999999991,635.919999999999,158
2026-07-22T16:40:00+00:00,635.919999999999,636.039999999999,635.4099999999991,635.9999999999991,158
2026-07-22T16:45:00+00:00,635.9999999999991,636.789999999999,635.7499999999991,636.2699999999991,116
2026-07-22T16:50:00+00:00,636.2699999999991,636.7599999999991,635.949999999999,635.9999999999991,107
2026-07-22T16:55:00+00:00,635.9999999999991,636.8899999999991,635.949999999999,636.8799999999991,103
2026-07-22T17:00:00+00:00,636.8799999999991,637.0299999999991,635.949999999999,635.949999999999,127
2026-07-22T17:05:00+00:00,635.949999999999,637.5299999999991,635.949999999999,636.979999999999,207
2026-07-22T17:10:00+00:00,636.979999999999,637.1599999999991,636.7599999999991,636.9099999999991,147
2026-07-22T17:15:00+00:00,636.9099999999991,637.1399999999991,636.3699999999991,636.3699999999991,153
2026-07-22T17:20:00+00:00,636.3699999999991,636.3699999999991,635.109999999999,635.199999999999,221
2026-07-22T17:25:00+00:00,635.199999999999,635.689999999999,635.0099999999991,635.0299999999991,113
2026-07-22T17:30:00+00:00,635.0299999999991,635.089999999999,634.089999999999,634.089999999999,171
2026-07-22T17:35:00+00:00,634.089999999999,634.479999999999,633.929999999999,634.479999999999,154
2026-07-22T17:40:00+00:00,634.479999999999,634.4999999999991,633.959999999999,634.0299999999991,133
2026-07-22T17:45:00+00:00,634.0299999999991,634.459999999999,633.789999999999,633.929999999999,137
2026-07-22T17:50:00+00:00,633.929999999999,633.929999999999,633.0299999999991,633.049999999999,141
2026-07-22T17:55:00+00:00,633.049999999999,633.049999999999,631.919999999999,632.2699999999991,224
2026-07-22T18:00:00+00:00,632.2699999999991,633.1499999999991,632.0099999999991,633.109999999999,212
2026-07-22T18:05:00+00:00,633.109999999999,633.6599999999991,632.969999999999,633.089999999999,181
2026-07-22T18:10:00+00:00,633.089999999999,633.309999999999,632.559999999999,632.919999999999,135
2026-07-22T18:15:00+00:00,632.919999999999,633.069999999999,632.4099999999991,633.0299999999991,142
2026-07-22T18:20:00+00:00,633.0299999999991,633.2599999999991,632.589999999999,632.6499999999991,133
2026-07-22T18:25:00+00:00,632.6499999999991,633.729999999999,632.599999999999,633.449999999999,118
2026-07-22T18:30:00+00:00,633.449999999999,633.449999999999,632.4099999999991,632.6399999999991,146
2026-07-22T18:35:00+00:00,632.6399999999991,633.2699999999991,632.609999999999,632.6599999999991,157
2026-07-22T18:40:00+00:00,632.6599999999991,633.0199999999991,632.589999999999,632.609999999999,112
2026-07-22T18:45:00+00:00,632.609999999999,633.1499999999991,632.599999999999,632.919999999999,127
2026-07-22T18:50:00+00:00,632.919999999999,633.329999999999,632.469999999999,633.2599999999991,171
2026-07-22T18:55:00+00:00,633.2599999999991,633.4099999999991,632.9099999999991,633.189999999999,143
2026-07-22T19:00:00+00:00,633.189999999999,633.699999999999,632.809999999999,633.4099999999991,139
2026-07-22T19:05:00+00:00,633.4099999999991,634.7699999999991,633.4099999999991,634.109999999999,161
2026-07-22T19:10:00+00:00,634.109999999999,634.429999999999,633.459999999999,633.6499999999991,221
2026-07-22T19:15:00+00:00,633.6499999999991,633.919999999999,632.919999999999,633.1199999999991,189
2026-07-22T19:20:00+00:00,633.1199999999991,633.929999999999,633.0099999999991,633.7499999999991,198
2026-07-22T19:25:00+00:00,633.7499999999991,634.3699999999991,633.5099999999991,633.9999999999991,186
2026-07-22T19:30:00+00:00,633.9999999999991,634.039999999999,632.919999999999,633.0299999999991,312
2026-07-22T19:35:00+00:00,633.0299999999991,633.109999999999,632.0099999999991,632.099999999999,269
2026-07-22T19:40:00+00:00,632.099999999999,633.609999999999,632.0099999999991,633.289999999999,302
2026-07-22T19:45:00+00:00,633.289999999999,633.3699999999991,630.9099999999991,631.049999999999,397
2026-07-22T19:50:00+00:00,631.049999999999,632.979999999999,631.0299999999991,632.929999999999,429
2026-07-22T19:55:00+00:00,632.929999999999,635.7499999999991,632.929999999999,634.1199999999991,921
2026-07-23T13:30:00+00:00,634.1199999999991,634.1199999999991,612.969999999999,613.989999999999,1245
2026-07-23T13:35:00+00:00,613.989999999999,615.0199999999991,612.239999999999,613.829999999999,1127
2026-07-23T13:40:00+00:00,613.829999999999,621.2699999999991,613.799999999999,618.9099999999991,746
2026-07-23T13:45:00+00:00,618.9099999999991,620.709999999999,617.3799999999991,618.189999999999,860
2026-07-23T13:50:00+00:00,618.189999999999,619.359999999999,617.219999999999,617.219999999999,548
2026-07-23T13:55:00+00:00,617.219999999999,618.5299999999991,615.459999999999,617.429999999999,575
2026-07-23T14:00:00+00:00,617.429999999999,617.689999999999,615.7499999999991,616.419999999999,479
2026-07-23T14:05:00+00:00,616.419999999999,616.6499999999991,613.0099999999991,613.0099999999991,425
2026-07-23T14:10:00+00:00,613.0099999999991,614.5299999999991,613.0099999999991,613.4999999999991,471
2026-07-23T14:15:00+00:00,613.4999999999991,613.7599999999991,612.589999999999,612.919999999999,372
2026-07-23T14:20:00+00:00,612.919999999999,613.3999999999991,611.859999999999,611.929999999999,377
2026-07-23T14:25:00+00:00,611.929999999999,614.599999999999,611.2599999999991,614.359999999999,506
2026-07-23T14:30:00+00:00,614.359999999999,614.5099999999991,611.799999999999,612.319999999999,578
2026-07-23T14:35:00+00:00,612.319999999999,614.609999999999,611.0099999999991,613.489999999999,542
2026-07-23T14:40:00+00:00,613.489999999999,613.929999999999,611.4099999999991,612.219999999999,551
2026-07-23T14:45:00+00:00,612.219999999999,612.239999999999,609.859999999999,609.8699999999991,339
2026-07-23T14:50:00+00:00,609.8699999999991,610.929999999999,609.489999999999,610.199999999999,317
2026-07-23T14:55:00+00:00,610.199999999999,610.949999999999,608.939999999999,608.939999999999,236
2026-07-23T15:00:00+00:00,608.939999999999,609.309999999999,607.099999999999,608.309999999999,408
2026-07-23T15:05:00+00:00,608.309999999999,608.319999999999,605.9099999999991,605.929999999999,396
2026-07-23T15:10:00+00:00,605.929999999999,607.679999999999,605.089999999999,607.4099999999991,398
2026-07-23T15:15:00+00:00,607.4099999999991,608.469999999999,607.1399999999991,608.199999999999,273
2026-07-23T15:20:00+00:00,608.199999999999,608.669999999999,606.1599999999991,606.169999999999,339
2026-07-23T15:25:00+00:00,606.169999999999,606.959999999999,605.6499999999991,605.919999999999,397
2026-07-23T15:30:00+00:00,605.919999999999,605.929999999999,604.579999999999,605.0299999999991,307
2026-07-23T15:35:00+00:00,605.0299999999991,605.2699999999991,604.1599999999991,604.5299999999991,288
2026-07-23T15:40:00+00:00,604.5299999999991,605.699999999999,604.069999999999,604.3799999999991,320
2026-07-23T15:45:00+00:00,604.3799999999991,606.419999999999,604.069999999999,606.309999999999,276
2026-07-23T15:50:00+00:00,606.309999999999,607.8699999999991,605.929999999999,607.709999999999,314
2026-07-23T15:55:00+00:00,607.709999999999,609.0199999999991,607.309999999999,608.419999999999,316
2026-07-23T16:00:00+00:00,608.419999999999,609.459999999999,608.039999999999,608.309999999999,277
2026-07-23T16:05:00+00:00,608.309999999999,609.2499999999991,607.929999999999,608.969999999999,287
2026-07-23T16:10:00+00:00,608.969999999999,609.319999999999,608.4099999999991,609.289999999999,281
2026-07-23T16:15:00+00:00,609.289999999999,610.359999999999,609.1499999999991,610.059999999999,259
2026-07-23T16:20:00+00:00,610.059999999999,611.049999999999,609.709999999999,610.859999999999,237
2026-07-23T16:25:00+00:00,610.859999999999,611.5099999999991,610.3799999999991,610.969999999999,189
2026-07-23T16:30:00+00:00,610.969999999999,612.599999999999,609.9099999999991,609.929999999999,426
2026-07-23T16:35:00+00:00,609.929999999999,609.929999999999,608.089999999999,609.6299999999991,470
2026-07-23T16:40:00+00:00,609.6299999999991,610.2499999999991,608.929999999999,609.929999999999,292
2026-07-23T16:45:00+00:00,609.929999999999,609.939999999999,609.049999999999,609.6399999999991,145
2026-07-23T16:50:00+00:00,609.6399999999991,612.569999999999,609.459999999999,612.329999999999,255
2026-07-23T16:55:00+00:00,612.329999999999,612.969999999999,611.099999999999,612.089999999999,347
2026-07-23T17:00:00+00:00,612.089999999999,613.069999999999,611.2699999999991,612.969999999999,224
2026-07-23T17:05:00+00:00,612.969999999999,613.589999999999,612.239999999999,613.539999999999,273
2026-07-23T17:10:00+00:00,613.539999999999,613.959999999999,612.9099999999991,613.2699999999991,239
2026-07-23T17:15:00+00:00,613.2699999999991,613.559999999999,612.239999999999,612.4999999999991,209
2026-07-23T17:20:00+00:00,612.4999999999991,613.959999999999,612.3999999999991,613.8699999999991,255
2026-07-23T17:25:00+00:00,613.8699999999991,613.939999999999,612.6599999999991,612.7599999999991,182
2026-07-23T17:30:00+00:00,612.7599999999991,612.809999999999,610.9099999999991,612.179999999999,266
2026-07-23T17:35:00+00:00,612.179999999999,612.9999999999991,612.1599999999991,612.429999999999,279
2026-07-23T17:40:00+00:00,612.429999999999,613.8899999999991,612.1599999999991,613.599999999999,247
2026-07-23T17:45:00+00:00,613.599999999999,614.539999999999,612.919999999999,613.299999999999,240
2026-07-23T17:50:00+00:00,613.299999999999,614.079999999999,612.9099999999991,613.3999999999991,202
2026-07-23T17:55:00+00:00,613.3999999999991,613.7499999999991,612.9099999999991,613.189999999999,221
2026-07-23T18:00:00+00:00,613.189999999999,613.239999999999,612.1599999999991,612.819999999999,197
2026-07-23T18:05:00+00:00,612.819999999999,613.5099999999991,612.809999999999,613.3799999999991,132
2026-07-23T18:10:00+00:00,613.3799999999991,613.7499999999991,612.9099999999991,613.1199999999991,178
2026-07-23T18:15:00+00:00,613.1199999999991,613.4999999999991,612.9099999999991,613.049999999999,112
2026-07-23T18:20:00+00:00,613.049999999999,613.189999999999,612.169999999999,612.539999999999,208
2026-07-23T18:25:00+00:00,612.539999999999,612.959999999999,612.1599999999991,612.8899999999991,173
2026-07-23T18:30:00+00:00,612.8899999999991,612.9999999999991,611.949999999999,612.109999999999,153
2026-07-23T18:35:00+00:00,612.109999999999,612.589999999999,611.9099999999991,612.069999999999,154
2026-07-23T18:40:00+00:00,612.069999999999,613.089999999999,611.9099999999991,612.969999999999,152
2026-07-23T18:45:00+00:00,612.969999999999,614.239999999999,612.959999999999,614.209999999999,173
2026-07-23T18:50:00+00:00,614.209999999999,614.479999999999,613.9099999999991,613.939999999999,144
2026-07-23T18:55:00+00:00,613.939999999999,614.2599999999991,613.0099999999991,613.039999999999,235
2026-07-23T19:00:00+00:00,613.039999999999,613.669999999999,612.929999999999,612.949999999999,143
2026-07-23T19:05:00+00:00,612.949999999999,613.0099999999991,611.969999999999,612.349999999999,151
2026-07-23T19:10:00+00:00,612.349999999999,612.959999999999,611.539999999999,612.5099999999991,251
2026-07-23T19:15:00+00:00,612.5099999999991,614.1199999999991,612.419999999999,612.929999999999,266
2026-07-23T19:20:00+00:00,612.929999999999,614.489999999999,612.9099999999991,613.929999999999,259
2026-07-23T19:25:00+00:00,613.929999999999,614.979999999999,613.9099999999991,614.189999999999,219
2026-07-23T19:30:00+00:00,614.189999999999,614.319999999999,612.729999999999,612.729999999999,316
2026-07-23T19:35:00+00:00,612.729999999999,612.739999999999,611.4099999999991,611.539999999999,264
2026-07-23T19:40:00+00:00,611.539999999999,612.1199999999991,610.929999999999,611.169999999999,268
2026-07-23T19:45:00+00:00,611.169999999999,611.4999999999991,609.919999999999,610.2499999999991,400
2026-07-23T19:50:00+00:00,610.2499999999991,612.939999999999,609.969999999999,612.4999999999991,528
2026-07-23T19:55:00+00:00,612.4999999999991,614.489999999999,611.9999999999991,612.599999999999,892
2026-07-24T13:30:00+00:00,612.599999999999,613.679999999999,609.9099999999991,611.2599999999991,1069
2026-07-24T13:35:00+00:00,611.2599999999991,613.839999999999,610.169999999999,611.289999999999,850
2026-07-24T13:40:00+00:00,611.289999999999,612.059999999999,608.919999999999,609.7499999999991,733
2026-07-24T13:45:00+00:00,609.7499999999991,611.3799999999991,609.309999999999,610.449999999999,767
2026-07-24T13:50:00+00:00,610.449999999999,611.2799999999991,608.359999999999,608.669999999999,719
2026-07-24T13:55:00+00:00,608.669999999999,610.839999999999,608.4099999999991,608.5099999999991,581
2026-07-24T14:00:00+00:00,608.5099999999991,611.219999999999,608.4099999999991,609.839999999999,633
2026-07-24T14:05:00+00:00,609.839999999999,610.929999999999,608.5099999999991,610.0199999999991,726
2026-07-24T14:10:00+00:00,610.0199999999991,610.0299999999991,607.989999999999,609.209999999999,578
2026-07-24T14:15:00+00:00,609.209999999999,609.939999999999,607.449999999999,609.919999999999,699
2026-07-24T14:20:00+00:00,609.919999999999,612.339999999999,609.479999999999,612.209999999999,467
2026-07-24T14:25:00+00:00,612.209999999999,613.179999999999,611.459999999999,611.479999999999,382
2026-07-24T14:30:00+00:00,611.479999999999,613.039999999999,611.459999999999,612.919999999999,465
2026-07-24T14:35:00+00:00,612.919999999999,613.3699999999991,611.309999999999,611.5299999999991,470
2026-07-24T14:40:00+00:00,611.5299999999991,611.959999999999,610.9099999999991,611.189999999999,380
2026-07-24T14:45:00+00:00,611.189999999999,612.2799999999991,610.449999999999,610.9099999999991,376
2026-07-24T14:50:00+00:00,610.9099999999991,612.109999999999,610.9099999999991,611.479999999999,295
2026-07-24T14:55:00+00:00,611.479999999999,613.609999999999,611.419999999999,613.589999999999,334
2026-07-24T15:00:00+00:00,613.589999999999,614.799999999999,612.919999999999,613.1299999999991,532
2026-07-24T15:05:00+00:00,613.1299999999991,613.809999999999,612.1599999999991,612.309999999999,334
2026-07-24T15:10:00+00:00,612.309999999999,614.469999999999,612.0299999999991,614.0099999999991,610
2026-07-24T15:15:00+00:00,614.0099999999991,615.199999999999,613.049999999999,613.739999999999,770
2026-07-24T15:20:00+00:00,613.739999999999,614.949999999999,612.719999999999,614.2499999999991,391
2026-07-24T15:25:00+00:00,614.2499999999991,616.179999999999,613.679999999999,615.5199999999991,326
2026-07-24T15:30:00+00:00,615.5199999999991,616.689999999999,615.489999999999,615.6399999999991,317
2026-07-24T15:35:00+00:00,615.6399999999991,616.5299999999991,615.299999999999,616.0099999999991,209
2026-07-24T15:40:00+00:00,616.0099999999991,616.699999999999,614.679999999999,614.689999999999,408
2026-07-24T15:45:00+00:00,614.689999999999,614.8799999999991,613.429999999999,613.429999999999,162
2026-07-24T15:50:00+00:00,613.429999999999,615.0099999999991,612.979999999999,613.169999999999,441
2026-07-24T15:55:00+00:00,613.169999999999,613.5299999999991,611.6199999999991,612.309999999999,343
2026-07-24T16:00:00+00:00,612.309999999999,612.6399999999991,611.6199999999991,612.2699999999991,205
2026-07-24T16:05:00+00:00,612.2699999999991,612.2699999999991,610.5199999999991,610.589999999999,213
2026-07-24T16:10:00+00:00,610.589999999999,610.969999999999,609.9099999999991,610.219999999999,275
2026-07-24T16:15:00+00:00,610.219999999999,610.689999999999,609.9099999999991,609.949999999999,198
2026-07-24T16:20:00+00:00,609.949999999999,610.6599999999991,609.929999999999,610.589999999999,150
2026-07-24T16:25:00+00:00,610.589999999999,610.959999999999,609.9099999999991,609.9099999999991,187
2026-07-24T16:30:00+00:00,609.9099999999991,609.929999999999,608.6599999999991,609.1499999999991,259
2026-07-24T16:35:00+00:00,609.1499999999991,610.699999999999,608.8899999999991,609.169999999999,252
2026-07-24T16:40:00+00:00,609.169999999999,609.5099999999991,608.079999999999,608.739999999999,225
2026-07-24T16:45:00+00:00,608.739999999999,609.109999999999,606.949999999999,607.5099999999991,232
2026-07-24T16:50:00+00:00,607.5099999999991,608.7799999999991,606.959999999999,608.6199999999991,225
2026-07-24T16:55:00+00:00,608.6199999999991,608.6199999999991,607.4099999999991,607.429999999999,234
2026-07-24T17:00:00+00:00,607.429999999999,609.5099999999991,607.4099999999991,608.669999999999,247
2026-07-24T17:05:00+00:00,608.669999999999,610.699999999999,607.9099999999991,608.5099999999991,512
2026-07-24T17:10:00+00:00,608.5099999999991,609.859999999999,608.5099999999991,609.469999999999,193
2026-07-24T17:15:00+00:00,609.469999999999,609.969999999999,609.169999999999,609.799999999999,85
2026-07-24T17:20:00+00:00,609.799999999999,609.929999999999,608.9099999999991,609.1599999999991,134
2026-07-24T17:25:00+00:00,609.1599999999991,609.849999999999,609.049999999999,609.849999999999,118
2026-07-24T17:30:00+00:00,609.849999999999,610.469999999999,609.349999999999,610.1299999999991,186
2026-07-24T17:35:00+00:00,610.1299999999991,610.5199999999991,607.929999999999,608.039999999999,183
2026-07-24T17:40:00+00:00,608.039999999999,608.2699999999991,605.9099999999991,608.2499999999991,292
2026-07-24T17:45:00+00:00,608.2499999999991,608.829999999999,608.1599999999991,608.419999999999,150
2026-07-24T17:50:00+00:00,608.419999999999,608.539999999999,607.9099999999991,608.109999999999,142
2026-07-24T17:55:00+00:00,608.109999999999,608.709999999999,607.949999999999,608.6299999999991,139
2026-07-24T18:00:00+00:00,608.6299999999991,608.849999999999,607.9099999999991,608.059999999999,169
2026-07-24T18:05:00+00:00,608.059999999999,609.2799999999991,608.0299999999991,608.8699999999991,124
2026-07-24T18:10:00+00:00,608.8699999999991,608.9999999999991,608.579999999999,608.679999999999,169
2026-07-24T18:15:00+00:00,608.679999999999,609.719999999999,608.669999999999,608.7499999999991,184
2026-07-24T18:20:00+00:00,608.7499999999991,609.099999999999,608.349999999999,608.719999999999,192
2026-07-24T18:25:00+00:00,608.719999999999,609.189999999999,608.1299999999991,608.1299999999991,210
2026-07-24T18:30:00+00:00,608.1299999999991,608.469999999999,606.559999999999,606.929999999999,282
2026-07-24T18:35:00+00:00,606.929999999999,607.469999999999,606.1599999999991,606.6199999999991,295
2026-07-24T18:40:00+00:00,606.6199999999991,607.1499999999991,606.5099999999991,606.5099999999991,269
2026-07-24T18:45:00+00:00,606.5099999999991,606.729999999999,605.9099999999991,606.459999999999,248
2026-07-24T18:50:00+00:00,606.459999999999,606.7499999999991,605.929999999999,606.209999999999,250
2026-07-24T18:55:00+00:00,606.209999999999,607.349999999999,606.0299999999991,606.679999999999,227
2026-07-24T19:00:00+00:00,606.679999999999,607.7699999999991,606.6599999999991,607.349999999999,267
2026-07-24T19:05:00+00:00,607.349999999999,607.7799999999991,607.0099999999991,607.559999999999,240
2026-07-24T19:10:00+00:00,607.559999999999,608.1299999999991,607.489999999999,607.489999999999,189
2026-07-24T19:15:00+00:00,607.489999999999,607.939999999999,606.929999999999,607.3899999999991,271
2026-07-24T19:20:00+00:00,607.3899999999991,608.1299999999991,607.1399999999991,607.359999999999,221
2026-07-24T19:25:00+00:00,607.359999999999,607.669999999999,606.669999999999,606.949999999999,198
2026-07-24T19:30:00+00:00,606.949999999999,607.489999999999,606.079999999999,607.3899999999991,247
2026-07-24T19:35:00+00:00,607.3899999999991,607.839999999999,607.1199999999991,607.5299999999991,257
2026-07-24T19:40:00+00:00,607.5299999999991,607.919999999999,605.6599999999991,605.839999999999,362
2026-07-24T19:45:00+00:00,605.839999999999,606.089999999999,604.239999999999,604.689999999999,341
2026-07-24T19:50:00+00:00,604.689999999999,604.709999999999,602.9099999999991,603.469999999999,487
2026-07-24T19:55:00+00:00,603.469999999999,603.6499999999991,600.959999999999,602.2699999999991,695
2026-07-27T13:30:00+00:00,602.2699999999991,617.219999999999,602.2699999999991,609.339999999999,1111
2026-07-27T13:35:00+00:00,609.339999999999,613.339999999999,608.919999999999,610.939999999999,760
2026-07-27T13:40:00+00:00,610.939999999999,611.549999999999,608.319999999999,610.2599999999991,921
2026-07-27T13:45:00+00:00,610.2599999999991,613.089999999999,609.9099999999991,611.929999999999,748
2026-07-27T13:50:00+00:00,611.929999999999,614.229999999999,611.859999999999,613.4099999999991,793
2026-07-27T13:55:00+00:00,613.4099999999991,615.189999999999,612.059999999999,612.059999999999,598
2026-07-27T14:00:00+00:00,612.059999999999,613.7499999999991,610.919999999999,613.419999999999,509
2026-07-27T14:05:00+00:00,613.419999999999,616.239999999999,613.4099999999991,615.1499999999991,477
2026-07-27T14:10:00+00:00,615.1499999999991,616.039999999999,614.0099999999991,615.959999999999,419
2026-07-27T14:15:00+00:00,615.959999999999,616.239999999999,614.569999999999,614.929999999999,540
2026-07-27T14:20:00+00:00,614.929999999999,615.0299999999991,613.9099999999991,614.689999999999,748
2026-07-27T14:25:00+00:00,614.689999999999,615.359999999999,611.929999999999,611.959999999999,614
2026-07-27T14:30:00+00:00,611.959999999999,612.3999999999991,610.6599999999991,610.729999999999,804
2026-07-27T14:35:00+00:00,610.729999999999,610.829999999999,608.299999999999,609.609999999999,726
2026-07-27T14:40:00+00:00,609.609999999999,609.6499999999991,607.1299999999991,607.3999999999991,608
2026-07-27T14:45:00+00:00,607.3999999999991,608.049999999999,605.9099999999991,606.919999999999,663
2026-07-27T14:50:00+00:00,606.919999999999,608.449999999999,606.9099999999991,607.7599999999991,377
2026-07-27T14:55:00+00:00,607.7599999999991,609.789999999999,607.0299999999991,609.7599999999991,465
2026-07-27T15:00:00+00:00,609.7599999999991,611.819999999999,608.919999999999,611.479999999999,756
2026-07-27T15:05:00+00:00,611.479999999999,613.4999999999991,611.459999999999,612.8699999999991,510
2026-07-27T15:10:00+00:00,612.8699999999991,613.219999999999,612.319999999999,612.359999999999,381
2026-07-27T15:15:00+00:00,612.359999999999,612.7799999999991,611.169999999999,611.939999999999,465
2026-07-27T15:20:00+00:00,611.939999999999,613.819999999999,611.9099999999991,612.549999999999,421
2026-07-27T15:25:00+00:00,612.549999999999,612.9999999999991,611.919999999999,612.319999999999,483
2026-07-27T15:30:00+00:00,612.319999999999,612.459999999999,610.3799999999991,610.6199999999991,328
2026-07-27T15:35:00+00:00,610.6199999999991,610.729999999999,608.949999999999,610.5299999999991,352
2026-07-27T15:40:00+00:00,610.5299999999991,610.7599999999991,609.239999999999,609.439999999999,231
2026-07-27T15:45:00+00:00,609.439999999999,609.679999999999,608.0199999999991,608.569999999999,343
2026-07-27T15:50:00+00:00,608.569999999999,609.239999999999,607.709999999999,608.209999999999,262
2026-07-27T15:55:00+00:00,608.209999999999,608.789999999999,607.709999999999,607.799999999999,319
2026-07-27T16:00:00+00:00,607.799999999999,608.3699999999991,607.2699999999991,608.039999999999,449
2026-07-27T16:05:00+00:00,608.039999999999,608.479999999999,605.4099999999991,605.469999999999,352
2026-07-27T16:10:00+00:00,605.469999999999,606.059999999999,604.439999999999,604.7599999999991,367
2026-07-27T16:15:00+00:00,604.7599999999991,605.299999999999,604.1199999999991,604.939999999999,283
2026-07-27T16:20:00+00:00,604.939999999999,605.239999999999,604.4099999999991,605.0199999999991,220
2026-07-27T16:25:00+00:00,605.0199999999991,606.9099999999991,604.8799999999991,605.929999999999,458
2026-07-27T16:30:00+00:00,605.929999999999,606.7599999999991,605.489999999999,606.449999999999,208
2026-07-27T16:35:00+00:00,606.449999999999,607.1299999999991,605.4099999999991,605.4099999999991,273
2026-07-27T16:40:00+00:00,605.4099999999991,605.8799999999991,604.6599999999991,605.0299999999991,220
2026-07-27T16:45:00+00:00,605.0299999999991,605.4999999999991,604.4099999999991,604.4999999999991,242
2026-07-27T16:50:00+00:00,604.4999999999991,604.709999999999,603.9099999999991,604.6199999999991,326
2026-07-27T16:55:00+00:00,604.6199999999991,604.799999999999,603.9099999999991,604.349999999999,269
2026-07-27T17:00:00+00:00,604.349999999999,604.349999999999,603.0299999999991,603.459999999999,207
2026-07-27T17:05:00+00:00,603.459999999999,604.169999999999,603.4099999999991,603.949999999999,128
2026-07-27T17:10:00+00:00,603.949999999999,604.6299999999991,603.709999999999,604.489999999999,170
2026-07-27T17:15:00+00:00,604.489999999999,604.609999999999,603.309999999999,603.459999999999,220
2026-07-27T17:20:00+00:00,603.459999999999,604.459999999999,603.4099999999991,603.929999999999,152
2026-07-27T17:25:00+00:00,603.929999999999,604.209999999999,603.6299999999991,603.6299999999991,137
2026-07-27T17:30:00+00:00,603.6299999999991,604.1499999999991,603.4099999999991,603.569999999999,139
2026-07-27T17:35:00+00:00,603.569999999999,603.719999999999,602.569999999999,602.579999999999,225
2026-07-27T17:40:00+00:00,602.579999999999,602.699999999999,601.439999999999,601.949999999999,235
2026-07-27T17:45:00+00:00,601.949999999999,602.099999999999,601.309999999999,601.569999999999,192
2026-07-27T17:50:00+00:00,601.569999999999,602.679999999999,601.4099999999991,602.6499999999991,231
2026-07-27T17:55:00+00:00,602.6499999999991,602.7599999999991,601.679999999999,601.679999999999,26
2026-07-27T18:00:00+00:00,601.679999999999,601.679999999999,600.4399999999989,600.599999999999,134.05964088408123
2026-07-27T18:05:00+00:00,600.599999999999,600.709999999999,599.969999999999,600.119999999999,150.84625257608695
2026-07-27T18:10:00+00:00,600.119999999999,601.2199999999989,600.089999999999,601.0899999999989,181.2549198192738
2026-07-27T18:15:00+00:00,601.0899999999989,601.1899999999989,600.519999999999,600.649999999999,277
2026-07-27T18:20:00+00:00,600.649999999999,601.149999999999,600.4199999999989,601.149999999999,221
2026-07-27T18:25:00+00:00,601.149999999999,601.399999999999,600.6699999999989,600.869999999999,242
2026-07-27T18:30:00+00:00,600.869999999999,600.9499999999989,600.159999999999,600.279999999999,176
2026-07-27T18:35:00+00:00,600.279999999999,600.8099999999989,600.2099999999989,600.629999999999,183
2026-07-27T18:40:00+00:00,600.629999999999,602.159999999999,600.6099999999989,602.119999999999,221
2026-07-27T18:45:00+00:00,602.119999999999,603.3499999999989,601.909999999999,602.4299999999989,133
2026-07-27T18:50:00+00:00,602.4299999999989,604.0499999999989,602.409999999999,603.7199999999989,201
2026-07-27T18:55:00+00:00,603.7199999999989,604.249999999999,603.009999999999,603.279999999999,225
2026-07-27T19:00:00+00:00,603.279999999999,603.279999999999,602.0799999999989,602.0899999999989,165
2026-07-27T19:05:00+00:00,602.0899999999989,602.499999999999,601.909999999999,602.389999999999,154
2026-07-27T19:10:00+00:00,602.389999999999,602.6799999999989,601.9199999999989,601.9899999999989,168
2026-07-27T19:15:00+00:00,601.9899999999989,602.3499999999989,601.7899999999989,602.2399999999989,155
2026-07-27T19:20:00+00:00,602.2399999999989,602.4599999999989,601.9499999999989,602.159999999999,147
2026-07-27T19:25:00+00:00,602.159999999999,602.379999999999,601.9199999999989,601.9899999999989,170
2026-07-27T19:30:00+00:00,601.9899999999989,602.7899999999989,601.6899999999989,602.4199999999989,213
2026-07-27T19:35:00+00:00,602.4199999999989,602.4299999999989,600.8399999999989,600.8399999999989,178
2026-07-27T19:40:00+00:00,600.8399999999989,600.9899999999989,600.409999999999,600.6099999999989,168
2026-07-27T19:45:00+00:00,600.6099999999989,600.6899999999989,599.5399999999989,600.389999999999,234
2026-07-27T19:50:00+00:00,600.389999999999,601.0499999999989,599.8499999999989,600.269999999999,254
2026-07-27T19:55:00+00:00,600.269999999999,600.5699999999989,599.4199999999989,600.369999999999,618
2026-07-28T13:30:00+00:00,600.369999999999,606.6099999999989,600.369999999999,603.389999999999,1478
2026-07-28T13:35:00+00:00,603.389999999999,605.869999999999,602.759999999999,603.5399999999989,1397
2026-07-28T13:40:00+00:00,603.5399999999989,603.629999999999,600.409999999999,601.1099999999989,1246
2026-07-28T13:45:00+00:00,601.1099999999989,601.6699999999989,597.4199999999989,598.9799999999989,1105
2026-07-28T13:50:00+00:00,598.9799999999989,601.879999999999,598.2899999999989,599.5699999999989,1213
2026-07-28T13:55:00+00:00,599.5699999999989,600.659999999999,598.909999999999,599.269999999999,932
2026-07-28T14:00:00+00:00,599.269999999999,601.149999999999,599.1899999999989,599.2199999999989,873
2026-07-28T14:05:00+00:00,599.2199999999989,600.5499999999989,599.0599999999989,600.3199999999989,674
2026-07-28T14:10:00+00:00,600.3199999999989,600.6899999999989,597.769999999999,598.0499999999989,871
2026-07-28T14:15:00+00:00,598.0499999999989,600.2999999999989,597.7899999999989,599.9299999999989,838
2026-07-28T14:20:00+00:00,599.9299999999989,601.2299999999989,599.2099999999989,600.4599999999989,776
2026-07-28T14:25:00+00:00,600.4599999999989,600.8399999999989,599.6999999999989,600.7299999999989,582
2026-07-28T14:30:00+00:00,600.7299999999989,600.8599999999989,597.9299999999989,597.9299999999989,462
2026-07-28T14:35:00+00:00,597.9299999999989,598.5699999999989,596.249999999999,596.909999999999,461
2026-07-28T14:40:00+00:00,596.909999999999,599.399999999999,596.4599999999989,599.369999999999,582
2026-07-28T14:45:00+00:00,599.369999999999,599.889999999999,598.909999999999,598.9199999999989,511
2026-07-28T14:50:00+00:00,598.9199999999989,599.3399999999989,596.9699999999989,596.9699999999989,419
2026-07-28T14:55:00+00:00,596.9699999999989,597.6699999999989,595.749999999999,595.8499999999989,513
2026-07-28T15:00:00+00:00,595.8499999999989,596.4199999999989,593.409999999999,593.4299999999989,452
2026-07-28T15:05:00+00:00,593.4299999999989,595.2299999999989,593.409999999999,594.509999999999,512
2026-07-28T15:10:00+00:00,594.509999999999,597.909999999999,594.2899999999989,597.4199999999989,572
2026-07-28T15:15:00+00:00,597.4199999999989,600.8299999999989,597.4199999999989,600.3099999999989,535
2026-07-28T15:20:00+00:00,600.3099999999989,601.0699999999989,598.779999999999,599.0699999999989,469
2026-07-28T15:25:00+00:00,599.0699999999989,600.779999999999,598.409999999999,599.8599999999989,459
2026-07-28T15:30:00+00:00,599.8599999999989,601.019999999999,599.8499999999989,599.9299999999989,417
2026-07-28T15:35:00+00:00,599.9299999999989,600.629999999999,599.769999999999,599.779999999999,370
2026-07-28T15:40:00+00:00,599.779999999999,600.5999999999989,599.5899999999989,600.0499999999989,367
2026-07-28T15:45:00+00:00,600.0499999999989,600.5899999999989,599.6999999999989,600.4499999999989,299
2026-07-28T15:50:00+00:00,600.4499999999989,601.8399999999989,600.2899999999989,601.409999999999,318
2026-07-28T15:55:00+00:00,601.409999999999,601.6099999999989,600.5799999999989,601.5999999999989,251
2026-07-28T16:00:00+00:00,601.5999999999989,602.8599999999989,601.1699999999989,602.4599999999989,466
2026-07-28T16:05:00+00:00,602.4599999999989,603.259999999999,602.2199999999989,603.029999999999,295
2026-07-28T16:10:00+00:00,603.029999999999,603.4299999999989,602.629999999999,603.1699999999989,284
2026-07-28T16:15:00+00:00,603.1699999999989,604.0799999999989,602.8299999999989,604.0799999999989,287
2026-07-28T16:20:00+00:00,604.0799999999989,604.3199999999989,602.7199999999989,603.1099999999989,296
2026-07-28T16:25:00+00:00,603.1099999999989,603.3199999999989,602.649999999999,602.659999999999,196
2026-07-28T16:30:00+00:00,602.659999999999,603.2399999999989,601.4199999999989,601.4799999999989,283
2026-07-28T16:35:00+00:00,601.4799999999989,601.999999999999,601.409999999999,601.8399999999989,287
2026-07-28T16:40:00+00:00,601.8399999999989,601.9899999999989,601.4199999999989,601.4199999999989,229
2026-07-28T16:45:00+00:00,601.4199999999989,601.6099999999989,600.269999999999,600.409999999999,276
2026-07-28T16:50:00+00:00,600.409999999999,601.899999999999,600.409999999999,600.9699999999989,387
2026-07-28T16:55:00+00:00,600.9699999999989,601.4799999999989,600.6099999999989,600.629999999999,297
2026-07-28T17:00:00+00:00,600.629999999999,600.629999999999,599.129999999999,599.4799999999989,304
2026-07-28T17:05:00+00:00,599.4799999999989,599.7999999999989,598.909999999999,598.9199999999989,319
2026-07-28T17:10:00+00:00,598.9199999999989,599.4399999999989,598.4399999999989,599.1099999999989,274
2026-07-28T17:15:00+00:00,599.1099999999989,600.279999999999,599.1099999999989,599.119999999999,365
2026-07-28T17:20:00+00:00,599.119999999999,600.129999999999,599.1099999999989,599.7299999999989,505
2026-07-28T17:25:00+00:00,599.7299999999989,600.3299999999989,599.3099999999989,599.909999999999,314
2026-07-28T17:30:00+00:00,599.909999999999,600.5699999999989,599.3099999999989,600.409999999999,303
2026-07-28T17:35:00+00:00,600.409999999999,600.8399999999989,600.2899999999989,600.6699999999989,247
2026-07-28T17:40:00+00:00,600.6699999999989,601.159999999999,599.5899999999989,599.9299999999989,350
2026-07-28T17:45:00+00:00,599.9299999999989,600.3499999999989,599.409999999999,599.9799999999989,379
2026-07-28T17:50:00+00:00,599.9799999999989,600.029999999999,598.7399999999989,599.3499999999989,231
2026-07-28T17:55:00+00:00,599.3499999999989,600.909999999999,599.3099999999989,600.519999999999,258
2026-07-28T18:00:00+00:00,600.519999999999,601.159999999999,599.4499999999989,599.9899999999989,263
2026-07-28T18:05:00+00:00,599.9899999999989,600.279999999999,599.4199999999989,599.869999999999,308
2026-07-28T18:10:00+00:00,599.869999999999,600.119999999999,599.409999999999,600.0599999999989,319
2026-07-28T18:15:00+00:00,600.0599999999989,600.269999999999,599.659999999999,599.9199999999989,241
2026-07-28T18:20:00+00:00,599.9199999999989,601.1999999999989,599.909999999999,600.5599999999989,289
2026-07-28T18:25:00+00:00,600.5599999999989,600.889999999999,600.4799999999989,600.6899999999989,262
2026-07-28T18:30:00+00:00,600.6899999999989,600.7399999999989,599.8599999999989,600.279999999999,304
2026-07-28T18:35:00+00:00,600.279999999999,600.4199999999989,598.2099999999989,599.019999999999,271
2026-07-28T18:40:00+00:00,599.019999999999,599.9499999999989,599.009999999999,599.9199999999989,191
2026-07-28T18:45:00+00:00,599.9199999999989,600.7999999999989,599.749999999999,600.5499999999989,358
2026-07-28T18:50:00+00:00,600.5499999999989,600.879999999999,600.409999999999,600.4699999999989,216
2026-07-28T18:55:00+00:00,600.4699999999989,600.779999999999,600.409999999999,600.7099999999989,307
2026-07-28T19:00:00+00:00,600.7099999999989,601.5699999999989,600.5899999999989,601.1099999999989,217
2026-07-28T19:05:00+00:00,601.1099999999989,601.269999999999,600.7099999999989,600.7299999999989,178
2026-07-28T19:10:00+00:00,600.7299999999989,600.7899999999989,599.5799999999989,599.7899999999989,220
2026-07-28T19:15:00+00:00,599.7899999999989,600.519999999999,599.509999999999,600.0699999999989,353
2026-07-28T19:20:00+00:00,600.0699999999989,600.1999999999989,599.629999999999,599.7399999999989,195
2026-07-28T19:25:00+00:00,599.7399999999989,600.0999999999989,599.4299999999989,599.7199999999989,191
2026-07-28T19:30:00+00:00,599.7199999999989,599.9399999999989,599.369999999999,599.8099999999989,261
2026-07-28T19:35:00+00:00,599.8099999999989,599.9699999999989,598.999999999999,599.7999999999989,254
2026-07-28T19:40:00+00:00,599.7999999999989,600.0699999999989,599.509999999999,599.769999999999,310
2026-07-28T19:45:00+00:00,599.769999999999,600.529999999999,599.7299999999989,600.2899999999989,270
2026-07-28T19:50:00+00:00,600.2899999999989,600.769999999999,599.9899999999989,600.3399999999989,371
2026-07-28T19:55:00+00:00,600.3399999999989,600.5399999999989,598.9199999999989,600.2399999999989,868
2026-07-29T13:30:00+00:00,600.2399999999989,600.2399999999989,595.4299999999989,596.4199999999989,834
2026-07-29T13:35:00+00:00,596.4199999999989,600.0899999999989,596.409999999999,600.0899999999989,894
2026-07-29T13:40:00+00:00,600.0899999999989,600.7199999999989,596.5799999999989,596.749999999999,684
2026-07-29T13:45:00+00:00,596.749999999999,598.4199999999989,594.9899999999989,595.4299999999989,556
2026-07-29T13:50:00+00:00,595.4299999999989,595.4399999999989,593.4399999999989,593.8399999999989,490
2026-07-29T13:55:00+00:00,593.8399999999989,595.6899999999989,593.8199999999989,595.659999999999,608
2026-07-29T14:00:00+00:00,595.659999999999,597.6799999999989,595.4899999999989,596.7099999999989,481
2026-07-29T14:05:00+00:00,596.7099999999989,597.1799999999989,595.619999999999,596.2299999999989,500
2026-07-29T14:10:00+00:00,596.2299999999989,596.2299999999989,593.5999999999989,594.6799999999989,516
2026-07-29T14:15:00+00:00,594.6799999999989,596.999999999999,594.1999999999989,595.759999999999,599
2026-07-29T14:20:00+00:00,595.759999999999,596.3399999999989,594.1699999999989,594.2199999999989,450
2026-07-29T14:25:00+00:00,594.2199999999989,594.499999999999,592.7399999999989,593.8199999999989,256
2026-07-29T14:30:00+00:00,593.8199999999989,596.249999999999,593.8199999999989,595.8199999999989,346
2026-07-29T14:35:00+00:00,595.8199999999989,597.129999999999,595.4799999999989,596.2099999999989,340
2026-07-29T14:40:00+00:00,596.2099999999989,596.4199999999989,595.509999999999,595.8499999999989,386
2026-07-29T14:45:00+00:00,595.8499999999989,596.1899999999989,594.5599999999989,594.5899999999989,388
2026-07-29T14:50:00+00:00,594.5899999999989,596.619999999999,594.399999999999,596.619999999999,228
2026-07-29T14:55:00+00:00,596.619999999999,596.9699999999989,594.9199999999989,594.9199999999989,317
2026-07-29T15:00:00+00:00,594.9199999999989,595.6899999999989,594.4899999999989,594.9199999999989,500
2026-07-29T15:05:00+00:00,594.9199999999989,596.999999999999,594.6099999999989,596.869999999999,413
2026-07-29T15:10:00+00:00,596.869999999999,598.509999999999,596.409999999999,598.3299999999989,508
2026-07-29T15:15:00+00:00,598.3299999999989,599.269999999999,597.4699999999989,598.159999999999,263
2026-07-29T15:20:00+00:00,598.159999999999,598.409999999999,596.8199999999989,597.409999999999,193
2026-07-29T15:25:00+00:00,597.409999999999,598.0899999999989,596.7999999999989,597.509999999999,333
2026-07-29T15:30:00+00:00,597.509999999999,597.9399999999989,597.1099999999989,597.249999999999,237
2026-07-29T15:35:00+00:00,597.249999999999,598.5699999999989,595.759999999999,596.1099999999989,255
2026-07-29T15:40:00+00:00,596.1099999999989,596.369999999999,594.9199999999989,595.629999999999,406
2026-07-29T15:45:00+00:00,595.629999999999,595.7199999999989,594.6099999999989,595.139999999999,227
2026-07-29T15:50:00+00:00,595.139999999999,595.2299999999989,593.2899999999989,593.2999999999989,258
2026-07-29T15:55:00+00:00,593.2999999999989,593.3099999999989,591.619999999999,592.9899999999989,401
2026-07-29T16:00:00+00:00,592.9899999999989,593.5999999999989,592.759999999999,593.0799999999989,260
2026-07-29T16:05:00+00:00,593.0799999999989,593.3599999999989,591.619999999999,591.879999999999,322
2026-07-29T16:10:00+00:00,591.879999999999,592.9199999999989,591.7399999999989,591.9699999999989,293
2026-07-29T16:15:00+00:00,591.9699999999989,593.269999999999,591.659999999999,593.269999999999,296
2026-07-29T16:20:00+00:00,593.269999999999,596.119999999999,592.9799999999989,595.6699999999989,334
2026-07-29T16:25:00+00:00,595.6699999999989,597.3399999999989,595.659999999999,597.019999999999,220
2026-07-29T16:30:00+00:00,597.019999999999,598.019999999999,595.9499999999989,596.269999999999,196
2026-07-29T16:35:00+00:00,596.269999999999,597.769999999999,596.2299999999989,597.6799999999989,207
2026-07-29T16:40:00+00:00,597.6799999999989,598.889999999999,597.399999999999,598.5499999999989,287
2026-07-29T16:45:00+00:00,598.5499999999989,599.129999999999,598.0999999999989,598.9899999999989,232
2026-07-29T16:50:00+00:00,598.9899999999989,599.4299999999989,598.4799999999989,598.629999999999,194
2026-07-29T16:55:00+00:00,598.629999999999,599.5999999999989,598.4699999999989,599.129999999999,254
2026-07-29T17:00:00+00:00,599.129999999999,599.899999999999,599.1099999999989,599.899999999999,324
2026-07-29T17:05:00+00:00,599.899999999999,600.0399999999989,598.759999999999,599.2299999999989,199
2026-07-29T17:10:00+00:00,599.2299999999989,600.369999999999,599.1699999999989,599.9199999999989,278
2026-07-29T17:15:00+00:00,599.9199999999989,600.9799999999989,599.5999999999989,600.6099999999989,285
2026-07-29T17:20:00+00:00,600.6099999999989,601.4399999999989,600.119999999999,600.139999999999,242
2026-07-29T17:25:00+00:00,600.139999999999,600.1799999999989,599.3099999999989,599.3299999999989,217
2026-07-29T17:30:00+00:00,599.3299999999989,599.899999999999,598.759999999999,599.659999999999,253
2026-07-29T17:35:00+00:00,599.659999999999,599.659999999999,598.409999999999,598.659999999999,228
2026-07-29T17:40:00+00:00,598.659999999999,599.749999999999,598.619999999999,599.5699999999989,228
2026-07-29T17:45:00+00:00,599.5699999999989,599.7299999999989,598.909999999999,599.1099999999989,200
2026-07-29T17:50:00+00:00,599.1099999999989,599.759999999999,598.909999999999,599.6999999999989,196
2026-07-29T17:55:00+00:00,599.6999999999989,600.3099999999989,599.159999999999,599.4299999999989,194
2026-07-29T18:00:00+00:00,599.4299999999989,604.029999999999,599.4199999999989,603.1899999999989,389
2026-07-29T18:05:00+00:00,603.1899999999989,604.3499999999989,600.5399999999989,601.5999999999989,394
2026-07-29T18:10:00+00:00,601.5999999999989,603.1099999999989,601.409999999999,601.769999999999,350
2026-07-29T18:15:00+00:00,601.769999999999,602.119999999999,600.379999999999,600.9799999999989,253
2026-07-29T18:20:00+00:00,600.9799999999989,601.369999999999,599.269999999999,599.279999999999,236
2026-07-29T18:25:00+00:00,599.279999999999,600.0999999999989,599.269999999999,599.7199999999989,216
2026-07-29T18:30:00+00:00,599.7199999999989,601.009999999999,599.4199999999989,599.9499999999989,635
2026-07-29T18:35:00+00:00,599.9499999999989,602.139999999999,599.749999999999,601.409999999999,372
2026-07-29T18:40:00+00:00,601.409999999999,602.4299999999989,600.7099999999989,602.2199999999989,391
2026-07-29T18:45:00+00:00,602.2199999999989,603.369999999999,601.1699999999989,602.899999999999,419
2026-07-29T18:50:00+00:00,602.899999999999,605.8599999999989,602.879999999999,605.6999999999989,474
2026-07-29T18:55:00+00:00,605.6999999999989,606.1099999999989,603.8299999999989,604.029999999999,319
2026-07-29T19:00:00+00:00,604.029999999999,604.3399999999989,602.409999999999,602.759999999999,406
2026-07-29T19:05:00+00:00,602.759999999999,602.8099999999989,600.409999999999,600.4299999999989,391
2026-07-29T19:10:00+00:00,600.4299999999989,601.7999999999989,600.0699999999989,601.4499999999989,464
2026-07-29T19:15:00+00:00,601.4499999999989,602.0599999999989,598.909999999999,599.1899999999989,371
2026-07-29T19:20:00+00:00,599.1899999999989,599.279999999999,596.0599999999989,596.0599999999989,502
2026-07-29T19:25:00+00:00,596.0599999999989,596.659999999999,594.519999999999,595.379999999999,524
2026-07-29T19:30:00+00:00,595.379999999999,596.4299999999989,593.6699999999989,594.769999999999,579
2026-07-29T19:35:00+00:00,594.769999999999,595.2199999999989,592.769999999999,593.5499999999989,537
2026-07-29T19:40:00+00:00,593.5499999999989,594.2199999999989,590.629999999999,590.8499999999989,561
2026-07-29T19:45:00+00:00,590.8499999999989,591.3599999999989,590.639999999999,591.0399999999989,482
2026-07-29T19:50:00+00:00,591.0399999999989,591.2999999999989,588.6899999999989,589.5899999999989,801
2026-07-29T19:55:00+00:00,589.5899999999989,594.8599999999989,588.639999999999,593.2999999999989,1432
2026-07-30T13:30:00+00:00,593.2999999999989,593.2999999999989,531.2099999999989,538.0799999999989,1595
2026-07-30T13:35:00+00:00,538.0799999999989,542.639999999999,533.909999999999,535.2099999999989,1332
2026-07-30T13:40:00+00:00,535.2099999999989,538.909999999999,534.1799999999989,537.8299999999989,1167
2026-07-30T13:45:00+00:00,537.8299999999989,541.249999999999,536.779999999999,540.5999999999989,1189
2026-07-30T13:50:00+00:00,540.5999999999989,543.7099999999989,536.629999999999,537.6799999999989,1352
2026-07-30T13:55:00+00:00,537.6799999999989,539.0999999999989,537.1099999999989,538.4899999999989,995
2026-07-30T14:00:00+00:00,538.4899999999989,538.4899999999989,533.909999999999,536.399999999999,1212
2026-07-30T14:05:00+00:00,536.399999999999,539.749999999999,535.409999999999,538.519999999999,1034
2026-07-30T14:10:00+00:00,538.519999999999,541.0399999999989,537.5499999999989,540.129999999999,963
2026-07-30T14:15:00+00:00,540.129999999999,540.3199999999989,536.0399999999989,536.1999999999989,953
2026-07-30T14:20:00+00:00,536.1999999999989,539.159999999999,535.0499999999989,538.5699999999989,981
2026-07-30T14:25:00+00:00,538.5699999999989,539.1899999999989,537.409999999999,537.5999999999989,894
2026-07-30T14:30:00+00:00,537.5999999999989,537.759999999999,536.509999999999,536.759999999999,951
2026-07-30T14:35:00+00:00,536.759999999999,539.2399999999989,536.0699999999989,538.889999999999,880
2026-07-30T14:40:00+00:00,538.889999999999,539.869999999999,537.7099999999989,538.9899999999989,829
2026-07-30T14:45:00+00:00,538.9899999999989,540.0799999999989,537.7899999999989,537.7899999999989,818
2026-07-30T14:50:00+00:00,537.7899999999989,539.499999999999,537.7899999999989,539.3599999999989,875
2026-07-30T14:55:00+00:00,539.3599999999989,542.2299999999989,537.409999999999,540.2299999999989,627
2026-07-30T15:00:00+00:00,540.2299999999989,543.6899999999989,539.409999999999,543.4299999999989,810
2026-07-30T15:05:00+00:00,543.4299999999989,545.0999999999989,543.4299999999989,544.519999999999,508
2026-07-30T15:10:00+00:00,544.519999999999,545.139999999999,543.509999999999,543.509999999999,396
2026-07-30T15:15:00+00:00,543.509999999999,544.159999999999,539.909999999999,539.9699999999989,727
2026-07-30T15:20:00+00:00,539.9699999999989,540.999999999999,539.409999999999,540.8299999999989,770
2026-07-30T15:25:00+00:00,540.8299999999989,541.009999999999,538.4299999999989,539.139999999999,792
2026-07-30T15:30:00+00:00,539.139999999999,539.7999999999989,538.909999999999,539.409999999999,660
2026-07-30T15:35:00+00:00,539.409999999999,539.7899999999989,538.8099999999989,539.009999999999,458
2026-07-30T15:40:00+00:00,539.009999999999,539.9299999999989,538.509999999999,539.4199999999989,344
2026-07-30T15:45:00+00:00,539.4199999999989,539.9299999999989,538.909999999999,539.2999999999989,338
2026-07-30T15:50:00+00:00,539.2999999999989,541.1099999999989,538.649999999999,540.7899999999989,531
2026-07-30T15:55:00+00:00,540.7899999999989,541.0899999999989,538.4899999999989,538.519999999999,669
2026-07-30T16:00:00+00:00,538.519999999999,540.3399999999989,538.009999999999,540.129999999999,692
2026-07-30T16:05:00+00:00,540.129999999999,543.2299999999989,540.129999999999,540.879999999999,838
2026-07-30T16:10:00+00:00,540.879999999999,541.409999999999,539.7199999999989,540.7899999999989,624
2026-07-30T16:15:00+00:00,540.7899999999989,540.9599999999989,537.9599999999989,538.7399999999989,724
2026-07-30T16:20:00+00:00,538.7399999999989,538.9699999999989,537.6799999999989,538.0399999999989,651
2026-07-30T16:25:00+00:00,538.0399999999989,539.1799999999989,537.759999999999,537.7899999999989,589
2026-07-30T16:30:00+00:00,537.7899999999989,538.0799999999989,537.019999999999,537.6099999999989,565
2026-07-30T16:35:00+00:00,537.6099999999989,538.0499999999989,536.8399999999989,537.029999999999,575
2026-07-30T16:40:00+00:00,537.029999999999,537.5399999999989,536.159999999999,536.6999999999989,469
2026-07-30T16:45:00+00:00,536.6999999999989,536.779999999999,536.2299999999989,536.4299999999989,443
2026-07-30T16:50:00+00:00,536.4299999999989,537.269999999999,536.1999999999989,536.7299999999989,344
2026-07-30T16:55:00+00:00,536.7299999999989,537.7199999999989,536.7299999999989,537.159999999999,429
2026-07-30T17:00:00+00:00,537.159999999999,537.7399999999989,536.779999999999,537.7399999999989,381
2026-07-30T17:05:00+00:00,537.7399999999989,539.269999999999,537.5699999999989,538.7299999999989,424
2026-07-30T17:10:00+00:00,538.7299999999989,538.909999999999,537.5699999999989,538.159999999999,454
2026-07-30T17:15:00+00:00,538.159999999999,538.869999999999,537.659999999999,538.6899999999989,324
2026-07-30T17:20:00+00:00,538.6899999999989,538.6899999999989,536.9299999999989,538.2299999999989,329
2026-07-30T17:25:00+00:00,538.2299999999989,539.5999999999989,538.2199999999989,539.0699999999989,348
2026-07-30T17:30:00+00:00,539.0699999999989,540.6999999999989,539.0599999999989,539.7399999999989,284
2026-07-30T17:35:00+00:00,539.7399999999989,541.2999999999989,538.9899999999989,539.029999999999,365
2026-07-30T17:40:00+00:00,539.029999999999,539.129999999999,537.9299999999989,538.3599999999989,476
2026-07-30T17:45:00+00:00,538.3599999999989,539.5699999999989,538.3599999999989,539.159999999999,377
2026-07-30T17:50:00+00:00,539.159999999999,539.659999999999,538.4499999999989,538.7099999999989,300
2026-07-30T17:55:00+00:00,538.7099999999989,539.4799999999989,538.4499999999989,539.0599999999989,342
2026-07-30T18:00:00+00:00,539.0599999999989,539.3099999999989,538.4799999999989,538.4799999999989,350
2026-07-30T18:05:00+00:00,538.4799999999989,538.7999999999989,538.029999999999,538.509999999999,417
2026-07-30T18:10:00+00:00,538.509999999999,539.6099999999989,538.409999999999,539.259999999999,387
2026-07-30T18:15:00+00:00,539.259999999999,539.5799999999989,538.899999999999,539.0399999999989,365
2026-07-30T18:20:00+00:00,539.0399999999989,540.3199999999989,538.9199999999989,540.1799999999989,342
2026-07-30T18:25:00+00:00,540.1799999999989,540.4399999999989,538.909999999999,539.3199999999989,368
2026-07-30T18:30:00+00:00,539.3199999999989,539.5399999999989,539.149999999999,539.409999999999,416
2026-07-30T18:35:00+00:00,539.409999999999,540.4899999999989,539.2899999999989,540.369999999999,316
2026-07-30T18:40:00+00:00,540.369999999999,541.0799999999989,539.8499999999989,540.3499999999989,194
2026-07-30T18:45:00+00:00,540.3499999999989,540.4299999999989,538.409999999999,538.779999999999,417
2026-07-30T18:50:00+00:00,538.779999999999,540.139999999999,538.409999999999,539.6899999999989,356
2026-07-30T18:55:00+00:00,539.6899999999989,541.2099999999989,539.5399999999989,540.909999999999,270
2026-07-30T19:00:00+00:00,540.909999999999,541.1699999999989,539.159999999999,539.6999999999989,335
2026-07-30T19:05:00+00:00,539.6999999999989,540.1999999999989,538.4299999999989,539.0999999999989,391
2026-07-30T19:10:00+00:00,539.0999999999989,542.159999999999,539.0999999999989,542.019999999999,304
2026-07-30T19:15:00+00:00,542.019999999999,542.2299999999989,540.499999999999,541.139999999999,265
2026-07-30T19:20:00+00:00,541.139999999999,541.149999999999,539.9799999999989,540.5799999999989,239
2026-07-30T19:25:00+00:00,540.5799999999989,541.8099999999989,540.4399999999989,540.7399999999989,267
2026-07-30T19:30:00+00:00,540.7399999999989,541.5699999999989,539.7199999999989,541.119999999999,309
2026-07-30T19:35:00+00:00,541.119999999999,541.119999999999,539.659999999999,539.6799999999989,380
2026-07-30T19:40:00+00:00,539.6799999999989,541.409999999999,539.519999999999,541.3099999999989,307
2026-07-30T19:45:00+00:00,541.3099999999989,542.999999999999,541.149999999999,542.9399999999989,330
2026-07-30T19:50:00+00:00,542.9399999999989,543.509999999999,541.159999999999,542.6099999999989,600
2026-07-30T19:55:00+00:00,542.6099999999989,546.249999999999,542.6099999999989,545.0899999999989,963
2026-07-31T13:30:00+00:00,545.0899999999989,564.0999999999989,545.0899999999989,561.4299999999989,1376
2026-07-31T13:35:00+00:00,561.4299999999989,561.8299999999989,554.889999999999,555.2399999999989,1126
2026-07-31T13:40:00+00:00,555.2399999999989,557.639999999999,553.409999999999,554.4899999999989,826
2026-07-31T13:45:00+00:00,554.4899999999989,555.2999999999989,551.8099999999989,552.4299999999989,869
2026-07-31T13:50:00+00:00,552.4299999999989,555.4299999999989,551.8099999999989,554.6099999999989,734
2026-07-31T13:55:00+00:00,554.6099999999989,554.999999999999,552.409999999999,552.5699999999989,567
2026-07-31T14:00:00+00:00,552.5699999999989,552.8299999999989,549.6099999999989,550.0399999999989,681
2026-07-31T14:05:00+00:00,550.0399999999989,553.4699999999989,549.159999999999,553.409999999999,749
2026-07-31T14:10:00+00:00,553.409999999999,553.8399999999989,549.909999999999,552.0499999999989,811
2026-07-31T14:15:00+00:00,552.0499999999989,555.5699999999989,552.0499999999989,554.759999999999,846
2026-07-31T14:20:00+00:00,554.759999999999,557.0799999999989,554.5899999999989,555.7999999999989,652
2026-07-31T14:25:00+00:00,555.7999999999989,555.8599999999989,552.409999999999,553.509999999999,608
2026-07-31T14:30:00+00:00,553.509999999999,553.8199999999989,550.8499999999989,551.5599999999989,568
2026-07-31T14:35:00+00:00,551.5599999999989,552.8399999999989,550.409999999999,552.119999999999,535
2026-07-31T14:40:00+00:00,552.119999999999,556.0899999999989,551.869999999999,555.0699999999989,604
2026-07-31T14:45:00+00:00,555.0699999999989,557.6099999999989,554.409999999999,556.9799999999989,399
2026-07-31T14:50:00+00:00,556.9799999999989,558.639999999999,556.879999999999,557.9299999999989,325
2026-07-31T14:55:00+00:00,557.9299999999989,558.139999999999,556.2299999999989,557.409999999999,454
2026-07-31T15:00:00+00:00,557.409999999999,559.3399999999989,556.909999999999,557.519999999999,517
2026-07-31T15:05:00+00:00,557.519999999999,559.2099999999989,555.519999999999,556.259999999999,431
2026-07-31T15:10:00+00:00,556.259999999999,556.4399999999989,553.3099999999989,553.409999999999,586
2026-07-31T15:15:00+00:00,553.409999999999,553.879999999999,551.6799999999989,551.9199999999989,557
2026-07-31T15:20:00+00:00,551.9199999999989,552.379999999999,550.009999999999,550.129999999999,482
2026-07-31T15:25:00+00:00,550.129999999999,550.399999999999,547.1899999999989,547.1999999999989,585
2026-07-31T15:30:00+00:00,547.1999999999989,550.7399999999989,546.629999999999,550.6099999999989,602
2026-07-31T15:35:00+00:00,550.6099999999989,552.7299999999989,550.409999999999,552.499999999999,358
2026-07-31T15:40:00+00:00,552.499999999999,552.639999999999,551.779999999999,552.029999999999,410
2026-07-31T15:45:00+00:00,552.029999999999,552.409999999999,551.0999999999989,551.639999999999,407
2026-07-31T15:50:00+00:00,551.639999999999,553.0899999999989,551.639999999999,552.9199999999989,361
2026-07-31T15:55:00+00:00,552.9199999999989,553.2199999999989,551.7099999999989,552.2199999999989,327
2026-07-31T16:00:00+00:00,552.2199999999989,553.0899999999989,551.7899999999989,552.7999999999989,446
2026-07-31T16:05:00+00:00,552.7999999999989,553.119999999999,552.149999999999,552.499999999999,430
2026-07-31T16:10:00+00:00,552.499999999999,554.0399999999989,552.4799999999989,554.0399999999989,339
2026-07-31T16:15:00+00:00,554.0399999999989,555.249999999999,553.5699999999989,554.409999999999,332
2026-07-31T16:20:00+00:00,554.409999999999,555.4199999999989,554.409999999999,554.9199999999989,336
2026-07-31T16:25:00+00:00,554.9199999999989,555.9199999999989,554.4699999999989,555.529999999999,288
2026-07-31T16:30:00+00:00,555.529999999999,557.3499999999989,555.4199999999989,557.3099999999989,346
2026-07-31T16:35:00+00:00,557.3099999999989,558.3399999999989,556.519999999999,556.7399999999989,440
2026-07-31T16:40:00+00:00,556.7399999999989,558.0499999999989,555.159999999999,556.019999999999,553
2026-07-31T16:45:00+00:00,556.019999999999,556.4399999999989,555.409999999999,555.769999999999,328
2026-07-31T16:50:00+00:00,555.769999999999,556.399999999999,555.159999999999,555.909999999999,303
2026-07-31T16:55:00+00:00,555.909999999999,555.9299999999989,554.909999999999,554.9199999999989,354
2026-07-31T17:00:00+00:00,554.9199999999989,555.999999999999,554.7899999999989,555.5399999999989,360
2026-07-31T17:05:00+00:00,555.5399999999989,556.149999999999,553.9399999999989,554.159999999999,324
2026-07-31T17:10:00+00:00,554.159999999999,554.1999999999989,552.9799999999989,553.2199999999989,275
2026-07-31T17:15:00+00:00,553.2199999999989,554.1999999999989,552.759999999999,553.4499999999989,320
2026-07-31T17:20:00+00:00,553.4499999999989,555.0899999999989,553.4499999999989,554.779999999999,392
2026-07-31T17:25:00+00:00,554.779999999999,556.019999999999,554.649999999999,555.629999999999,363
2026-07-31T17:30:00+00:00,555.629999999999,556.249999999999,554.9199999999989,555.5699999999989,349
2026-07-31T17:35:00+00:00,555.5699999999989,556.0999999999989,554.9199999999989,555.0599999999989,277
2026-07-31T17:40:00+00:00,555.0599999999989,556.2999999999989,554.2099999999989,555.2299999999989,355
2026-07-31T17:45:00+00:00,555.2299999999989,555.649999999999,554.909999999999,555.2099999999989,303
2026-07-31T17:50:00+00:00,555.2099999999989,556.2299999999989,555.2099999999989,555.9499999999989,360
2026-07-31T17:55:00+00:00,555.9499999999989,556.1999999999989,554.999999999999,555.0799999999989,349
2026-07-31T18:00:00+00:00,555.0799999999989,556.249999999999,555.0599999999989,555.4599999999989,365
2026-07-31T18:05:00+00:00,555.4599999999989,556.2899999999989,554.499999999999,554.6799999999989,395
2026-07-31T18:10:00+00:00,554.6799999999989,555.509999999999,553.7199999999989,555.4299999999989,359
2026-07-31T18:15:00+00:00,555.4299999999989,557.379999999999,555.0599999999989,557.379999999999,407
2026-07-31T18:20:00+00:00,557.379999999999,557.9799999999989,557.1099999999989,557.6699999999989,481
2026-07-31T18:25:00+00:00,557.6699999999989,557.7299999999989,555.9199999999989,556.4299999999989,412
2026-07-31T18:30:00+00:00,556.4299999999989,556.9499999999989,555.9199999999989,556.269999999999,323
2026-07-31T18:35:00+00:00,556.269999999999,556.6899999999989,555.5899999999989,555.6899999999989,311
2026-07-31T18:40:00+00:00,555.6899999999989,556.4799999999989,555.5899999999989,556.1799999999989,308
2026-07-31T18:45:00+00:00,556.1799999999989,557.889999999999,556.1799999999989,557.879999999999,325
2026-07-31T18:50:00+00:00,557.879999999999,557.909999999999,557.0399999999989,557.1099999999989,277
2026-07-31T18:55:00+00:00,557.1099999999989,557.6899999999989,556.4199999999989,556.9799999999989,325
2026-07-31T19:00:00+00:00,556.9799999999989,558.619999999999,556.7299999999989,558.1799999999989,395
2026-07-31T19:05:00+00:00,558.1799999999989,558.1899999999989,556.9199999999989,557.159999999999,278
2026-07-31T19:10:00+00:00,557.159999999999,559.6899999999989,557.159999999999,559.529999999999,263
2026-07-31T19:15:00+00:00,559.529999999999,559.529999999999,558.4199999999989,559.2899999999989,321
2026-07-31T19:20:00+00:00,559.2899999999989,560.0599999999989,558.8099999999989,559.4199999999989,306
2026-07-31T19:25:00+00:00,559.4199999999989,559.769999999999,558.9299999999989,558.9299999999989,386
2026-07-31T19:30:00+00:00,558.9299999999989,559.0799999999989,557.6099999999989,559.0699999999989,375
2026-07-31T19:35:00+00:00,559.0699999999989,561.019999999999,558.909999999999,559.6699999999989,426
2026-07-31T19:40:00+00:00,559.6699999999989,559.6699999999989,557.779999999999,558.519999999999,510
2026-07-31T19:45:00+00:00,558.519999999999,559.399999999999,558.3099999999989,558.769999999999,439
2026-07-31T19:50:00+00:00,558.769999999999,562.139999999999,557.4299999999989,562.119999999999,696
2026-07-31T19:55:00+00:00,562.119999999999,564.5899999999989,561.4199999999989,563.2999999999989,1016
2026-08-03T13:30:00+00:00,563.2999999999989,578.6699999999989,563.2999999999989,578.4899999999989,1142
2026-08-03T13:35:00+00:00,578.4899999999989,584.6899999999989,577.7899999999989,582.4799999999989,1257
2026-08-03T13:40:00+00:00,582.4799999999989,588.149999999999,582.4799999999989,586.4499999999989,1074
2026-08-03T13:45:00+00:00,586.4499999999989,593.2899999999989,585.879999999999,591.9399999999989,1226
2026-08-03T13:50:00+00:00,591.9399999999989,597.9299999999989,591.909999999999,597.4199999999989,961
2026-08-03T13:55:00+00:00,597.4199999999989,599.9899999999989,596.4199999999989,596.5499999999989,1056
2026-08-03T14:00:00+00:00,596.5499999999989,597.1999999999989,594.519999999999,595.6899999999989,842
2026-08-03T14:05:00+00:00,595.6899999999989,600.769999999999,595.3399999999989,599.5699999999989,902
2026-08-03T14:10:00+00:00,599.5699999999989,600.009999999999,596.4899999999989,598.6899999999989,774
2026-08-03T14:15:00+00:00,598.6899999999989,599.1999999999989,596.6899999999989,597.2399999999989,813
2026-08-03T14:20:00+00:00,597.2399999999989,597.7999999999989,594.9299999999989,595.129999999999,842
2026-08-03T14:25:00+00:00,595.129999999999,595.9399999999989,592.869999999999,593.139999999999,721
2026-08-03T14:30:00+00:00,593.139999999999,593.9399999999989,588.999999999999,589.6999999999989,706
2026-08-03T14:35:00+00:00,589.6999999999989,592.2999999999989,588.999999999999,591.409999999999,596
2026-08-03T14:40:00+00:00,591.409999999999,594.749999999999,591.409999999999,594.019999999999,539
2026-08-03T14:45:00+00:00,594.019999999999,595.2399999999989,592.769999999999,594.8399999999989,371
2026-08-03T14:50:00+00:00,594.8399999999989,594.9899999999989,592.6099999999989,593.659999999999,544
2026-08-03T14:55:00+00:00,593.659999999999,594.8399999999989,592.879999999999,594.5699999999989,372
2026-08-03T15:00:00+00:00,594.5699999999989,597.6099999999989,594.5699999999989,595.999999999999,448
2026-08-03T15:05:00+00:00,595.999999999999,597.6999999999989,595.9799999999989,597.5999999999989,371
2026-08-03T15:10:00+00:00,597.5999999999989,598.9799999999989,596.899999999999,598.619999999999,396
2026-08-03T15:15:00+00:00,598.619999999999,599.4299999999989,597.4699999999989,597.9599999999989,331
2026-08-03T15:20:00+00:00,597.9599999999989,600.7899999999989,597.8499999999989,600.269999999999,377
2026-08-03T15:25:00+00:00,600.269999999999,600.889999999999,599.409999999999,600.5399999999989,415
2026-08-03T15:30:00+00:00,600.5399999999989,601.1699999999989,599.129999999999,599.6099999999989,475
2026-08-03T15:35:00+00:00,599.6099999999989,600.8499999999989,599.5999999999989,600.7299999999989,396
2026-08-03T15:40:00+00:00,600.7299999999989,600.9799999999989,598.999999999999,599.6999999999989,389
2026-08-03T15:45:00+00:00,599.6999999999989,600.7299999999989,598.4799999999989,600.7299999999989,401
2026-08-03T15:50:00+00:00,600.7299999999989,601.029999999999,599.129999999999,599.509999999999,303
2026-08-03T15:55:00+00:00,599.509999999999,599.639999999999,598.8099999999989,598.8199999999989,232
2026-08-03T16:00:00+00:00,598.8199999999989,599.1899999999989,597.6099999999989,599.139999999999,351
2026-08-03T16:05:00+00:00,599.139999999999,599.9499999999989,598.7899999999989,599.379999999999,258
2026-08-03T16:10:00+00:00,599.379999999999,599.7199999999989,598.5599999999989,599.409999999999,314
2026-08-03T16:15:00+00:00,599.409999999999,600.7399999999989,598.879999999999,600.119999999999,264
2026-08-03T16:20:00+00:00,600.119999999999,600.759999999999,599.659999999999,600.759999999999,314
2026-08-03T16:25:00+00:00,600.759999999999,603.139999999999,600.519999999999,601.8599999999989,450
2026-08-03T16:30:00+00:00,601.8599999999989,603.769999999999,601.4399999999989,603.0999999999989,469
2026-08-03T16:35:00+00:00,603.0999999999989,603.3499999999989,602.159999999999,602.509999999999,296
2026-08-03T16:40:00+00:00,602.509999999999,603.0499999999989,601.8299999999989,601.9299999999989,339
2026-08-03T16:45:00+00:00,601.9299999999989,602.0499999999989,600.409999999999,601.7099999999989,352
2026-08-03T16:50:00+00:00,601.7099999999989,602.1099999999989,600.0599999999989,600.369999999999,230
2026-08-03T16:55:00+00:00,600.369999999999,600.499999999999,599.4499999999989,599.5499999999989,274
2026-08-03T17:00:00+00:00,599.5499999999989,599.5699999999989,598.7199999999989,599.2299999999989,272
2026-08-03T17:05:00+00:00,599.2299999999989,599.3199999999989,597.0699999999989,598.6999999999989,380
2026-08-03T17:10:00+00:00,598.6999999999989,599.9799999999989,598.529999999999,599.7299999999989,307
2026-08-03T17:15:00+00:00,599.7299999999989,600.0399999999989,598.4199999999989,599.3199999999989,255
2026-08-03T17:20:00+00:00,599.3199999999989,600.279999999999,598.4699999999989,599.889999999999,243
2026-08-03T17:25:00+00:00,599.889999999999,600.7299999999989,599.6999999999989,600.009999999999,288
2026-08-03T17:30:00+00:00,600.009999999999,600.009999999999,597.869999999999,598.0899999999989,328
2026-08-03T17:35:00+00:00,598.0899999999989,598.4199999999989,597.0699999999989,597.0699999999989,268
2026-08-03T17:40:00+00:00,597.0699999999989,597.7399999999989,597.0599999999989,597.279999999999,190
2026-08-03T17:45:00+00:00,597.279999999999,597.519999999999,596.5599999999989,597.019999999999,206
2026-08-03T17:50:00+00:00,597.019999999999,597.1099999999989,596.629999999999,596.8299999999989,199
2026-08-03T17:55:00+00:00,596.8299999999989,596.9699999999989,596.0999999999989,596.6699999999989,294
2026-08-03T18:00:00+00:00,596.6699999999989,596.7899999999989,596.4199999999989,596.619999999999,196
2026-08-03T18:05:00+00:00,596.619999999999,597.0899999999989,596.529999999999,596.639999999999,250
2026-08-03T18:10:00+00:00,596.639999999999,596.8099999999989,595.4499999999989,595.8299999999989,276
2026-08-03T18:15:00+00:00,595.8299999999989,596.0799999999989,595.4199999999989,595.499999999999,278
2026-08-03T18:20:00+00:00,595.499999999999,597.499999999999,595.4199999999989,597.499999999999,266
2026-08-03T18:25:00+00:00,597.499999999999,598.0799999999989,596.8499999999989,596.8499999999989,300
2026-08-03T18:30:00+00:00,596.8499999999989,597.379999999999,596.409999999999,596.4899999999989,349
2026-08-03T18:35:00+00:00,596.4899999999989,597.999999999999,596.1099999999989,597.999999999999,327
2026-08-03T18:40:00+00:00,597.999999999999,599.8199999999989,597.519999999999,599.6799999999989,320
2026-08-03T18:45:00+00:00,599.6799999999989,600.1699999999989,599.119999999999,599.909999999999,303
2026-08-03T18:50:00+00:00,599.909999999999,600.2899999999989,599.2299999999989,599.869999999999,252
2026-08-03T18:55:00+00:00,599.869999999999,600.3399999999989,599.4799999999989,599.8099999999989,238
2026-08-03T19:00:00+00:00,599.8099999999989,599.8199999999989,598.9899999999989,599.149999999999,223
2026-08-03T19:05:00+00:00,599.149999999999,600.4799999999989,599.139999999999,599.4399999999989,348
2026-08-03T19:10:00+00:00,599.4399999999989,599.749999999999,598.9899999999989,599.009999999999,236
2026-08-03T19:15:00+00:00,599.009999999999,599.2999999999989,598.5599999999989,598.889999999999,244
2026-08-03T19:20:00+00:00,598.889999999999,599.7299999999989,598.8099999999989,599.409999999999,308
2026-08-03T19:25:00+00:00,599.409999999999,600.1799999999989,598.509999999999,599.759999999999,324
2026-08-03T19:30:00+00:00,599.759999999999,600.369999999999,599.3099999999989,600.369999999999,301
2026-08-03T19:35:00+00:00,600.369999999999,600.4399999999989,598.909999999999,600.0599999999989,241
2026-08-03T19:40:00+00:00,600.0599999999989,600.3199999999989,599.4299999999989,599.519999999999,278
2026-08-03T19:45:00+00:00,599.519999999999,599.6099999999989,598.009999999999,598.7299999999989,322
2026-08-03T19:50:00+00:00,598.7299999999989,599.249999999999,596.909999999999,596.9199999999989,437
2026-08-03T19:55:00+00:00,596.9199999999989,597.879999999999,595.5799999999989,597.0899999999989,1007
2026-08-04T13:30:00+00:00,597.0899999999989,597.0899999999989,585.7299999999989,589.7399999999989,1040
2026-08-04T13:35:00+00:00,589.7399999999989,591.249999999999,587.009999999999,591.249999999999,916
2026-08-04T13:40:00+00:00,591.249999999999,592.4699999999989,589.9599999999989,590.1699999999989,760
2026-08-04T13:45:00+00:00,590.1699999999989,591.9699999999989,589.0499999999989,589.4299999999989,606
2026-08-04T13:50:00+00:00,589.4299999999989,591.3499999999989,588.629999999999,590.5799999999989,580
2026-08-04T13:55:00+00:00,590.5799999999989,591.9299999999989,590.5599999999989,591.3499999999989,408
2026-08-04T14:00:00+00:00,591.3499999999989,591.909999999999,590.3599999999989,590.5599999999989,467
2026-08-04T14:05:00+00:00,590.5599999999989,591.4499999999989,589.4299999999989,589.5399999999989,400
2026-08-04T14:10:00+00:00,589.5399999999989,590.279999999999,588.909999999999,589.7399999999989,414
2026-08-04T14:15:00+00:00,589.7399999999989,591.119999999999,589.4499999999989,590.0699999999989,379
2026-08-04T14:20:00+00:00,590.0699999999989,590.1999999999989,587.7899999999989,588.2999999999989,473
2026-08-04T14:25:00+00:00,588.2999999999989,589.8199999999989,587.9299999999989,589.6099999999989,477
2026-08-04T14:30:00+00:00,589.6099999999989,591.019999999999,588.659999999999,589.629999999999,601
2026-08-04T14:35:00+00:00,589.629999999999,590.0699999999989,588.4799999999989,589.029999999999,466
2026-08-04T14:40:00+00:00,589.029999999999,589.4299999999989,588.0599999999989,589.279999999999,358
2026-08-04T14:45:00+00:00,589.279999999999,589.4599999999989,587.759999999999,587.779999999999,280
2026-08-04T14:50:00+00:00,587.779999999999,588.759999999999,587.5999999999989,588.5699999999989,325
2026-08-04T14:55:00+00:00,588.5699999999989,588.6999999999989,587.7099999999989,587.7099999999989,228
2026-08-04T15:00:00+00:00,587.7099999999989,588.4699999999989,587.7099999999989,587.9799999999989,234
2026-08-04T15:05:00+00:00,587.9799999999989,588.5899999999989,587.4299999999989,588.499999999999,351
2026-08-04T15:10:00+00:00,588.499999999999,588.779999999999,587.5899999999989,587.5899999999989,211
2026-08-04T15:15:00+00:00,587.5899999999989,588.8099999999989,587.5799999999989,588.2999999999989,263
2026-08-04T15:20:00+00:00,588.2999999999989,590.3099999999989,587.909999999999,590.019999999999,280
2026-08-04T15:25:00+00:00,590.019999999999,590.1099999999989,588.749999999999,589.4499999999989,282
2026-08-04T15:30:00+00:00,589.4499999999989,590.3499999999989,589.269999999999,589.6799999999989,318
2026-08-04T15:35:00+00:00,589.6799999999989,589.9199999999989,588.6699999999989,588.7399999999989,250
2026-08-04T15:40:00+00:00,588.7399999999989,589.6999999999989,588.409999999999,588.5799999999989,305
2026-08-04T15:45:00+00:00,588.5799999999989,589.759999999999,588.5599999999989,589.3199999999989,216
2026-08-04T15:50:00+00:00,589.3199999999989,590.5999999999989,589.019999999999,589.7899999999989,259
2026-08-04T15:55:00+00:00,589.7899999999989,590.3399999999989,589.7099999999989,589.9599999999989,257
2026-08-04T16:00:00+00:00,589.9599999999989,590.2399999999989,589.019999999999,590.1999999999989,267
2026-08-04T16:05:00+00:00,590.1999999999989,590.529999999999,589.2899999999989,589.5399999999989,222
2026-08-04T16:10:00+00:00,589.5399999999989,589.9299999999989,589.009999999999,589.019999999999,178
2026-08-04T16:15:00+00:00,589.019999999999,589.3099999999989,588.519999999999,588.5399999999989,201
2026-08-04T16:20:00+00:00,588.5399999999989,588.619999999999,588.029999999999,588.3299999999989,213
2026-08-04T16:25:00+00:00,588.3299999999989,588.4299999999989,587.7299999999989,587.769999999999,187
2026-08-04T16:30:00+00:00,587.769999999999,588.1799999999989,587.769999999999,587.9299999999989,129
2026-08-04T16:35:00+00:00,587.9299999999989,588.389999999999,587.4399999999989,587.4399999999989,196
2026-08-04T16:40:00+00:00,587.4399999999989,587.649999999999,584.639999999999,585.1799999999989,416
2026-08-04T16:45:00+00:00,585.1799999999989,586.029999999999,585.1799999999989,586.029999999999,317
2026-08-04T16:50:00+00:00,586.029999999999,587.4899999999989,585.8199999999989,586.889999999999,308
2026-08-04T16:55:00+00:00,586.889999999999,587.6699999999989,586.8199999999989,587.009999999999,335
2026-08-04T17:00:00+00:00,587.009999999999,590.7099999999989,587.009999999999,590.629999999999,319
2026-08-04T17:05:00+00:00,590.629999999999,593.8299999999989,590.4399999999989,593.259999999999,421
2026-08-04T17:10:00+00:00,593.259999999999,593.5999999999989,591.8499999999989,592.1999999999989,408
2026-08-04T17:15:00+00:00,592.1999999999989,593.019999999999,591.7299999999989,592.009999999999,303
2026-08-04T17:20:00+00:00,592.009999999999,593.8199999999989,591.5499999999989,593.619999999999,253
2026-08-04T17:25:00+00:00,593.619999999999,595.0599999999989,593.509999999999,594.779999999999,286
2026-08-04T17:30:00+00:00,594.779999999999,595.159999999999,594.1099999999989,594.5599999999989,282
2026-08-04T17:35:00+00:00,594.5599999999989,595.749999999999,594.5599999999989,594.9299999999989,358
2026-08-04T17:40:00+00:00,594.9299999999989,595.7999999999989,594.779999999999,595.7999999999989,219
2026-08-04T17:45:00+00:00,595.7999999999989,595.9899999999989,595.1799999999989,595.259999999999,221
2026-08-04T17:50:00+00:00,595.259999999999,595.259999999999,594.3099999999989,594.3099999999989,391
2026-08-04T17:55:00+00:00,594.3099999999989,594.7099999999989,593.749999999999,593.8399999999989,219
2026-08-04T18:00:00+00:00,593.8399999999989,594.259999999999,593.409999999999,593.5599999999989,322
2026-08-04T18:05:00+00:00,593.5599999999989,594.2199999999989,593.409999999999,593.9299999999989,221
2026-08-04T18:10:00+00:00,593.9299999999989,594.9399999999989,593.619999999999,594.8099999999989,202
2026-08-04T18:15:00+00:00,594.8099999999989,595.8199999999989,594.8099999999989,595.6699999999989,208
2026-08-04T18:20:00+00:00,595.6699999999989,596.009999999999,595.1099999999989,595.1099999999989,194
2026-08-04T18:25:00+00:00,595.1099999999989,595.779999999999,594.9599999999989,595.499999999999,236
2026-08-04T18:30:00+00:00,595.499999999999,596.1899999999989,595.4499999999989,595.499999999999,177
2026-08-04T18:35:00+00:00,595.499999999999,595.879999999999,595.2399999999989,595.3099999999989,158
2026-08-04T18:40:00+00:00,595.3099999999989,595.3499999999989,594.7399999999989,594.8399999999989,171
2026-08-04T18:45:00+00:00,594.8399999999989,595.3299999999989,594.759999999999,595.149999999999,225
2026-08-04T18:50:00+00:00,595.149999999999,595.2299999999989,594.529999999999,594.7399999999989,189
2026-08-04T18:55:00+00:00,594.7399999999989,595.119999999999,594.5399999999989,594.629999999999,245
2026-08-04T19:00:00+00:00,594.629999999999,595.2199999999989,594.4899999999989,595.009999999999,204
2026-08-04T19:05:00+00:00,595.009999999999,595.8299999999989,595.009999999999,595.769999999999,294
2026-08-04T19:10:00+00:00,595.769999999999,596.1099999999989,595.4699999999989,595.9899999999989,250
2026-08-04T19:15:00+00:00,595.9899999999989,596.5699999999989,595.7099999999989,596.129999999999,278
2026-08-04T19:20:00+00:00,596.129999999999,596.3099999999989,595.7099999999989,596.159999999999,262
2026-08-04T19:25:00+00:00,596.159999999999,597.149999999999,596.0799999999989,596.759999999999,333
2026-08-04T19:30:00+00:00,596.759999999999,597.5999999999989,596.649999999999,597.499999999999,334
2026-08-04T19:35:00+00:00,597.499999999999,598.159999999999,597.009999999999,597.5499999999989,267
2026-08-04T19:40:00+00:00,597.5499999999989,599.1099999999989,597.0499999999989,598.8099999999989,402
2026-08-04T19:45:00+00:00,598.8099999999989,598.9199999999989,596.529999999999,596.649999999999,464
2026-08-04T19:50:00+00:00,596.649999999999,596.869999999999,594.409999999999,594.4199999999989,609
2026-08-04T19:55:00+00:00,594.4199999999989,594.9599999999989,593.409999999999,594.2399999999989,799
2026-08-05T13:30:00+00:00,594.2399999999989,607.139999999999,594.2399999999989,603.7399999999989,933
2026-08-05T13:35:00+00:00,603.7399999999989,604.0999999999989,597.8399999999989,601.2899999999989,1026
2026-08-05T13:40:00+00:00,601.2899999999989,604.9599999999989,599.889999999999,601.8299999999989,894
2026-08-05T13:45:00+00:00,601.8299999999989,605.159999999999,601.6099999999989,603.1699999999989,680
2026-08-05T13:50:00+00:00,603.1699999999989,605.749999999999,602.5999999999989,604.8099999999989,732
2026-08-05T13:55:00+00:00,604.8099999999989,605.4399999999989,600.4599999999989,600.899999999999,670
2026-08-05T14:00:00+00:00,600.899999999999,601.519999999999,599.3599999999989,601.0699999999989,549
2026-08-05T14:05:00+00:00,601.0699999999989,602.6999999999989,598.7099999999989,599.7299999999989,503
2026-08-05T14:10:00+00:00,599.7299999999989,601.159999999999,599.249999999999,600.6699999999989,484
2026-08-05T14:15:00+00:00,600.6699999999989,601.6099999999989,599.259999999999,599.4299999999989,349
2026-08-05T14:20:00+00:00,599.4299999999989,599.9499999999989,597.509999999999,599.1099999999989,538
2026-08-05T14:25:00+00:00,599.1099999999989,600.3499999999989,598.0999999999989,598.2099999999989,501
2026-08-05T14:30:00+00:00,598.2099999999989,599.3099999999989,597.7099999999989,598.5699999999989,453
2026-08-05T14:35:00+00:00,598.5699999999989,599.129999999999,597.6699999999989,598.0699999999989,440
2026-08-05T14:40:00+00:00,598.0699999999989,598.6099999999989,597.909999999999,598.0899999999989,412
2026-08-05T14:45:00+00:00,598.0899999999989,599.129999999999,597.909999999999,598.269999999999,525
2026-08-05T14:50:00+00:00,598.269999999999,598.7099999999989,596.649999999999,597.019999999999,316
2026-08-05T14:55:00+00:00,597.019999999999,597.3599999999989,596.409999999999,597.1599999999988,319.56555875425283
2026-08-05T15:00:00+00:00,597.1599999999988,598.7599999999987,596.7299999999988,597.5099999999987,369
2026-08-05T15:05:00+00:00,597.5099999999987,597.9999999999987,596.0799999999988,596.0999999999988,453
2026-08-05T15:10:00+00:00,596.0999999999988,596.4399999999988,595.7299999999988,596.0299999999988,261
2026-08-05T15:15:00+00:00,596.0299999999988,596.3899999999988,594.2799999999988,594.3299999999988,274
2026-08-05T15:20:00+00:00,594.3299999999988,594.4499999999988,593.4699999999988,593.9499999999988,565
2026-08-05T15:25:00+00:00,593.9499999999988,594.3599999999988,592.3699999999988,592.3799999999987,493
2026-08-05T15:30:00+00:00,592.3799999999987,593.6299999999987,592.2199999999988,592.8699999999988,389
2026-08-05T15:35:00+00:00,592.8699999999988,592.9499999999988,591.5699999999988,592.0799999999988,244
2026-08-05T15:40:00+00:00,592.0799999999988,592.1899999999988,591.1199999999988,591.1199999999988,319
2026-08-05T15:45:00+00:00,591.1199999999988,591.4499999999988,590.6799999999988,590.6799999999988,246
2026-08-05T15:50:00+00:00,590.6799999999988,590.6799999999988,589.2299999999988,589.2499999999987,416
2026-08-05T15:55:00+00:00,589.2499999999987,589.6899999999988,588.4399999999988,588.4599999999988,438
2026-08-05T16:00:00+00:00,588.4599999999988,588.9399999999988,586.6299999999987,588.6799999999988,411
2026-08-05T16:05:00+00:00,588.6799999999988,589.1499999999988,587.9299999999988,588.4199999999988,466
2026-08-05T16:10:00+00:00,588.4199999999988,588.4199999999988,586.5399999999988,587.9199999999988,477
2026-08-05T16:15:00+00:00,587.9199999999988,590.8599999999988,587.8299999999988,590.6699999999988,499
2026-08-05T16:20:00+00:00,590.6699999999988,591.4799999999988,589.3499999999988,589.3499999999988,416
2026-08-05T16:25:00+00:00,589.3499999999988,589.8999999999988,588.6399999999988,589.3299999999988,440
2026-08-05T16:30:00+00:00,589.3299999999988,589.5399999999988,587.4299999999988,588.5199999999988,467
2026-08-05T16:35:00+00:00,588.5199999999988,589.7499999999987,588.4299999999988,588.7299999999988,293
2026-08-05T16:40:00+00:00,588.7299999999988,589.6599999999988,588.4399999999988,589.6599999999988,253
2026-08-05T16:45:00+00:00,589.6599999999988,590.8299999999988,589.1299999999987,590.6099999999988,462
2026-08-05T16:50:00+00:00,590.6099999999988,591.0499999999988,590.1499999999988,590.7399999999988,337
2026-08-05T16:55:00+00:00,590.7399999999988,591.7999999999988,590.5199999999988,591.4999999999987,253
2026-08-05T17:00:00+00:00,591.4999999999987,591.4999999999987,590.4299999999988,590.4399999999988,168
2026-08-05T17:05:00+00:00,590.4399999999988,591.4399999999988,590.4299999999988,591.0199999999988,168
2026-08-05T17:10:00+00:00,591.0199999999988,591.3299999999988,590.4299999999988,590.7999999999988,241
2026-08-05T17:15:00+00:00,590.7999999999988,591.4399999999988,590.4499999999988,591.1099999999988,225
2026-08-05T17:20:00+00:00,591.1099999999988,591.2799999999988,589.6799999999988,589.7699999999988,295
2026-08-05T17:25:00+00:00,589.7699999999988,590.5899999999988,589.6799999999988,590.0099999999987,215
2026-08-05T17:30:00+00:00,590.0099999999987,590.3699999999988,589.8599999999988,590.2399999999988,146
2026-08-05T17:35:00+00:00,590.2399999999988,590.4699999999988,588.9299999999988,588.9499999999988,226
2026-08-05T17:40:00+00:00,588.9499999999988,589.6999999999988,588.9299999999988,589.6399999999988,224
2026-08-05T17:45:00+00:00,589.6399999999988,590.0399999999988,588.9399999999988,589.4999999999987,228
2026-08-05T17:50:00+00:00,589.4999999999987,590.2899999999988,589.4399999999988,589.9399999999988,183
2026-08-05T17:55:00+00:00,589.9399999999988,590.3199999999988,589.5399999999988,589.6899999999988,160
2026-08-05T18:00:00+00:00,589.6899999999988,590.3999999999988,589.6899999999988,590.3399999999988,198
2026-08-05T18:05:00+00:00,590.3399999999988,590.5599999999988,589.7299999999988,589.7499999999987,207
2026-08-05T18:10:00+00:00,589.7499999999987,590.2599999999987,589.7299999999988,590.1899999999988,173
2026-08-05T18:15:00+00:00,590.1899999999988,590.2099999999988,589.4499999999988,589.8599999999988,185
2026-08-05T18:20:00+00:00,589.8599999999988,589.8599999999988,589.2799999999988,589.5999999999988,184
2026-08-05T18:25:00+00:00,589.5999999999988,589.7699999999988,589.1399999999988,589.2999999999988,177
2026-08-05T18:30:00+00:00,589.2999999999988,589.4899999999988,588.7299999999988,589.1199999999988,210
2026-08-05T18:35:00+00:00,589.1199999999988,589.9999999999987,589.0599999999988,589.8799999999987,140
2026-08-05T18:40:00+00:00,589.8799999999987,590.2499999999987,589.5999999999988,589.7099999999988,223
2026-08-05T18:45:00+00:00,589.7099999999988,590.2699999999988,589.5599999999988,589.9099999999988,214
2026-08-05T18:50:00+00:00,589.9099999999988,590.1499999999988,589.4299999999988,589.4999999999987,182
2026-08-05T18:55:00+00:00,589.4999999999987,589.5999999999988,588.6799999999988,588.6799999999988,181
2026-08-05T19:00:00+00:00,588.6799999999988,589.3199999999988,586.6499999999988,587.9699999999988,455
2026-08-05T19:05:00+00:00,587.9699999999988,589.1999999999988,587.6499999999988,589.1799999999988,275
2026-08-05T19:10:00+00:00,589.1799999999988,590.0999999999988,588.7499999999987,589.7799999999988,190
2026-08-05T19:15:00+00:00,589.7799999999988,593.3199999999988,589.6899999999988,592.9499999999988,639
2026-08-05T19:20:00+00:00,592.9499999999988,594.3299999999988,591.4299999999988,593.7999999999988,806
2026-08-05T19:25:00+00:00,593.7999999999988,595.1499999999988,593.5399999999988,594.8499999999988,478
2026-08-05T19:30:00+00:00,594.8499999999988,595.0399999999988,592.6399999999988,593.4299999999988,428
2026-08-05T19:35:00+00:00,593.4299999999988,594.3199999999988,592.6399999999988,593.5999999999988,458
2026-08-05T19:40:00+00:00,593.5999999999988,593.9799999999988,593.2099999999988,593.3999999999988,361
2026-08-05T19:45:00+00:00,593.3999999999988,594.3799999999987,592.9699999999988,593.3799999999987,309
2026-08-05T19:50:00+00:00,593.3799999999987,595.6799999999988,593.3599999999988,595.4399999999988,415
2026-08-05T19:55:00+00:00,595.4399999999988,596.5699999999988,594.1499999999988,595.7299999999988,964
2026-08-06T13:30:00+00:00,595.7299999999988,598.7999999999987,592.5299999999987,596.9299999999987,1010
2026-08-06T13:35:00+00:00,596.9299999999987,601.2899999999987,596.3099999999987,597.8699999999988,1128
2026-08-06T13:40:00+00:00,597.8699999999988,597.8699999999988,595.1999999999987,596.0099999999987,660
2026-08-06T13:45:00+00:00,596.0099999999987,598.1899999999987,595.8899999999987,596.8999999999987,500
2026-08-06T13:50:00+00:00,596.8999999999987,601.5799999999988,596.5299999999987,600.9999999999987,697
2026-08-06T13:55:00+00:00,600.9999999999987,601.8099999999987,599.9099999999987,599.9099999999987,397
2026-08-06T14:00:00+00:00,599.9099999999987,600.2499999999987,597.1499999999987,599.0399999999987,617
2026-08-06T14:05:00+00:00,599.0399999999987,599.4099999999987,597.2599999999987,597.7199999999988,600
2026-08-06T14:10:00+00:00,597.7199999999988,598.4199999999987,595.0699999999987,595.6299999999987,410
2026-08-06T14:15:00+00:00,595.6299999999987,597.5499999999987,594.8799999999987,596.2399999999988,502
2026-08-06T14:20:00+00:00,596.2399999999988,597.5899999999988,595.5099999999987,596.8899999999987,372
2026-08-06T14:25:00+00:00,596.8899999999987,597.2399999999988,595.9699999999988,596.4799999999988,365
2026-08-06T14:30:00+00:00,596.4799999999988,598.9199999999987,596.1299999999987,598.8599999999988,354
2026-08-06T14:35:00+00:00,598.8599999999988,600.7899999999987,598.6199999999988,600.1399999999987,310
2026-08-06T14:40:00+00:00,600.1399999999987,600.3699999999988,597.5099999999987,597.5099999999987,333
2026-08-06T14:45:00+00:00,597.5099999999987,597.5099999999987,595.8899999999987,596.4799999999988,253
2026-08-06T14:50:00+00:00,596.4799999999988,598.3099999999987,596.1899999999987,598.3099999999987,325
2026-08-06T14:55:00+00:00,598.3099999999987,600.6499999999987,598.1299999999987,599.5399999999987,273
2026-08-06T15:00:00+00:00,599.5399999999987,599.5599999999987,597.8799999999987,598.4899999999988,219
2026-08-06T15:05:00+00:00,598.4899999999988,598.4899999999988,597.4699999999988,597.5799999999988,231
2026-08-06T15:10:00+00:00,597.5799999999988,597.9299999999987,596.4699999999988,596.4699999999988,218
2026-08-06T15:15:00+00:00,596.4699999999988,596.7299999999988,595.8799999999987,595.8799999999987,265
2026-08-06T15:20:00+00:00,595.8799999999987,596.2799999999987,595.4899999999988,595.8899999999987,211
2026-08-06T15:25:00+00:00,595.8899999999987,596.8199999999987,595.4799999999988,596.3899999999987,203
2026-08-06T15:30:00+00:00,596.3899999999987,596.6799999999987,595.8699999999988,596.0699999999987,266
2026-08-06T15:35:00+00:00,596.0699999999987,596.4099999999987,595.6699999999987,596.0599999999987,211
2026-08-06T15:40:00+00:00,596.0599999999987,596.5399999999987,595.8699999999988,596.3699999999988,151
2026-08-06T15:45:00+00:00,596.3699999999988,596.4099999999987,595.4999999999987,595.9099999999987,215
2026-08-06T15:50:00+00:00,595.9099999999987,596.4599999999988,594.9799999999988,594.9999999999987,236
2026-08-06T15:55:00+00:00,594.9999999999987,595.0899999999988,594.0199999999987,594.7099999999988,264
2026-08-06T16:00:00+00:00,594.7099999999988,595.3499999999988,594.4699999999988,594.7699999999987,273
2026-08-06T16:05:00+00:00,594.7699999999987,595.0599999999987,594.0399999999987,594.9199999999987,237
2026-08-06T16:10:00+00:00,594.9199999999987,595.8699999999988,594.9199999999987,595.6699999999987,190
2026-08-06T16:15:00+00:00,595.6699999999987,596.5299999999987,595.6699999999987,595.9899999999988,235
2026-08-06T16:20:00+00:00,595.9899999999988,596.7399999999988,595.6699999999987,596.5499999999987,199
2026-08-06T16:25:00+00:00,596.5499999999987,596.6699999999987,595.8699999999988,596.1799999999987,237
2026-08-06T16:30:00+00:00,596.1799999999987,596.3899999999987,595.8199999999987,596.2799999999987,215
2026-08-06T16:35:00+00:00,596.2799999999987,597.4699999999988,595.8199999999987,597.1499999999987,272
2026-08-06T16:40:00+00:00,597.1499999999987,597.1899999999987,595.1199999999988,595.5999999999988,271
2026-08-06T16:45:00+00:00,595.5999999999988,595.6999999999987,594.9699999999988,595.1199999999988,207
2026-08-06T16:50:00+00:00,595.1199999999988,595.8699999999988,595.1099999999988,595.8199999999987,301
2026-08-06T16:55:00+00:00,595.8199999999987,596.5399999999987,595.5199999999987,596.4299999999987,254
2026-08-06T17:00:00+00:00,596.4299999999987,597.8499999999988,595.8399999999988,596.1399999999987,331
2026-08-06T17:05:00+00:00,596.1399999999987,596.5799999999988,595.5199999999987,595.5399999999987,177
2026-08-06T17:10:00+00:00,595.5399999999987,596.1299999999987,595.5199999999987,595.5699999999987,197
2026-08-06T17:15:00+00:00,595.5699999999987,596.1399999999987,594.9799999999988,594.9899999999988,192
2026-08-06T17:20:00+00:00,594.9899999999988,595.2899999999987,594.7699999999987,594.8899999999987,205
2026-08-06T17:25:00+00:00,594.8899999999987,595.1899999999987,594.6799999999987,594.6799999999987,198
2026-08-06T17:30:00+00:00,594.6799999999987,595.1799999999987,594.0699999999987,595.1699999999987,203
2026-08-06T17:35:00+00:00,595.1699999999987,595.4399999999987,594.6399999999987,595.0299999999987,160
2026-08-06T17:40:00+00:00,595.0299999999987,595.4699999999988,594.8699999999988,595.3699999999988,112
2026-08-06T17:45:00+00:00,595.3699999999988,595.9999999999987,595.0699999999987,595.9299999999987,146
2026-08-06T17:50:00+00:00,595.9299999999987,596.3999999999987,595.6399999999987,596.2599999999987,205
2026-08-06T17:55:00+00:00,596.2599999999987,596.4199999999987,595.9199999999987,596.2199999999988,195
2026-08-06T18:00:00+00:00,596.2199999999988,596.3899999999987,595.0299999999987,595.6899999999987,226
2026-08-06T18:05:00+00:00,595.6899999999987,595.8199999999987,594.9099999999987,595.3699999999988,157
2026-08-06T18:10:00+00:00,595.3699999999988,595.4999999999987,594.9499999999987,595.2699999999987,175
2026-08-06T18:15:00+00:00,595.2699999999987,595.7299999999988,594.8699999999988,595.3999999999987,198
2026-08-06T18:20:00+00:00,595.3999999999987,596.5999999999988,595.3999999999987,596.5499999999987,224
2026-08-06T18:25:00+00:00,596.5499999999987,597.1499999999987,596.1299999999987,596.9499999999987,225
2026-08-06T18:30:00+00:00,596.9499999999987,598.1299999999987,596.5899999999988,597.7199999999988,231
2026-08-06T18:35:00+00:00,597.7199999999988,598.0999999999988,596.2999999999987,596.3199999999987,168
2026-08-06T18:40:00+00:00,596.3199999999987,596.7299999999988,595.8699999999988,596.0399999999987,206
2026-08-06T18:45:00+00:00,596.0399999999987,596.7499999999987,596.0399999999987,596.2199999999988,154
2026-08-06T18:50:00+00:00,596.2199999999988,596.9799999999988,596.2199999999988,596.3399999999988,193
2026-08-06T18:55:00+00:00,596.3399999999988,596.6599999999987,596.1699999999987,596.4499999999987,186
2026-08-06T19:00:00+00:00,596.4499999999987,597.1999999999987,596.3999999999987,596.6999999999987,169
2026-08-06T19:05:00+00:00,596.6999999999987,597.4999999999987,596.4799999999988,597.2899999999987,201
2026-08-06T19:10:00+00:00,597.2899999999987,597.7999999999987,597.0799999999988,597.2599999999987,187
2026-08-06T19:15:00+00:00,597.2599999999987,597.2699999999987,596.3399999999988,596.8999999999987,267
2026-08-06T19:20:00+00:00,596.8999999999987,597.3699999999988,596.3499999999988,597.0199999999987,187
2026-08-06T19:25:00+00:00,597.0199999999987,597.3699999999988,595.9599999999988,595.9599999999988,264
2026-08-06T19:30:00+00:00,595.9599999999988,595.9999999999987,594.8999999999987,595.7099999999988,227
2026-08-06T19:35:00+00:00,595.7099999999988,596.8599999999988,595.7099999999988,596.1699999999987,188
2026-08-06T19:40:00+00:00,596.1699999999987,596.2799999999987,594.1299999999987,594.3599999999988,303
2026-08-06T19:45:00+00:00,594.3599999999988,595.3799999999987,594.1699999999987,595.3399999999988,304
2026-08-06T19:50:00+00:00,595.3399999999988,596.2999999999987,594.4299999999987,595.7299999999988,326
2026-08-06T19:55:00+00:00,595.7299999999988,596.9499999999987,595.4699999999988,596.7199999999988,538
2026-08-07T13:30:00+00:00,596.7199999999988,603.5699999999987,591.4799999999988,598.1699999999987,912
2026-08-07T13:35:00+00:00,598.1699999999987,600.6899999999987,596.0599999999987,596.8699999999988,879
2026-08-07T13:40:00+00:00,596.8699999999988,597.1099999999988,594.1699999999987,596.1799999999987,691
2026-08-07T13:45:00+00:00,596.1799999999987,597.8699999999988,595.6699999999987,597.8299999999988,572
2026-08-07T13:50:00+00:00,597.8299999999988,598.7099999999988,596.8699999999988,597.1699999999987,485
2026-08-07T13:55:00+00:00,597.1699999999987,597.7899999999987,595.8699999999988,595.8799999999987,441
2026-08-07T14:00:00+00:00,595.8799999999987,597.7099999999988,595.2199999999988,597.7099999999988,443
2026-08-07T14:05:00+00:00,597.7099999999988,598.6499999999987,596.4199999999987,596.9999999999987,614
2026-08-07T14:10:00+00:00,596.9999999999987,597.4699999999988,596.0099999999987,596.3599999999988,494
2026-08-07T14:15:00+00:00,596.3599999999988,599.3899999999987,596.0099999999987,599.3899999999987,509
2026-08-07T14:20:00+00:00,599.3899999999987,600.8399999999988,598.2099999999988,599.4399999999987,538
2026-08-07T14:25:00+00:00,599.4399999999987,600.5199999999987,598.8799999999987,599.5099999999987,473
2026-08-07T14:30:00+00:00,599.5099999999987,601.9699999999988,598.8699999999988,601.9699999999988,363
2026-08-07T14:35:00+00:00,601.9699999999988,603.2499999999987,601.0899999999988,602.5899999999988,453
2026-08-07T14:40:00+00:00,602.5899999999988,604.4499999999987,602.5699999999987,603.7399999999988,444
2026-08-07T14:45:00+00:00,603.7399999999988,604.7099999999988,602.9899999999988,603.6999999999987,420
2026-08-07T14:50:00+00:00,603.6999999999987,604.6399999999987,602.6899999999987,604.3399999999988,293
2026-08-07T14:55:00+00:00,604.3399999999988,605.5399999999987,603.9699999999988,605.1599999999987,355
2026-08-07T15:00:00+00:00,605.1599999999987,605.3899999999987,603.5099999999987,604.1099999999988,250
2026-08-07T15:05:00+00:00,604.1099999999988,604.3399999999988,603.3199999999987,603.9299999999987,249
2026-08-07T15:10:00+00:00,603.9299999999987,604.5099999999987,603.1699999999987,603.7799999999987,232
2026-08-07T15:15:00+00:00,603.7799999999987,604.8099999999987,603.4199999999987,603.7499999999987,229
2026-08-07T15:20:00+00:00,603.7499999999987,604.0899999999988,602.7299999999988,602.8499999999988,229
2026-08-07T15:25:00+00:00,602.8499999999988,603.7499999999987,602.4799999999988,602.9799999999988,230
2026-08-07T15:30:00+00:00,602.9799999999988,603.5099999999987,601.8799999999987,601.9999999999987,321
2026-08-07T15:35:00+00:00,601.9999999999987,602.8899999999987,601.4399999999987,602.6499999999987,250
2026-08-07T15:40:00+00:00,602.6499999999987,603.2599999999987,602.5099999999987,603.0699999999987,232
2026-08-07T15:45:00+00:00,603.0699999999987,603.1799999999987,602.1799999999987,602.3899999999987,200
2026-08-07T15:50:00+00:00,602.3899999999987,602.7299999999988,601.5199999999987,601.9999999999987,189
2026-08-07T15:55:00+00:00,601.9999999999987,602.1599999999987,601.2799999999987,601.4799999999988,217
2026-08-07T16:00:00+00:00,601.4799999999988,601.4799999999988,600.6499999999987,601.0799999999988,268
2026-08-07T16:05:00+00:00,601.0799999999988,601.6899999999987,600.9299999999987,601.2699999999987,154
2026-08-07T16:10:00+00:00,601.2699999999987,601.5899999999988,601.0499999999987,601.3999999999987,189
2026-08-07T16:15:00+00:00,601.3999999999987,601.5199999999987,600.9699999999988,601.3199999999987,148
2026-08-07T16:20:00+00:00,601.3199999999987,601.7299999999988,600.8799999999987,601.1399999999987,236
2026-08-07T16:25:00+00:00,601.1399999999987,601.1399999999987,599.3799999999987,599.8699999999988,271
2026-08-07T16:30:00+00:00,599.8699999999988,600.6699999999987,599.4199999999987,600.3399999999988,217
2026-08-07T16:35:00+00:00,600.3399999999988,600.7199999999988,600.0999999999988,600.4899999999988,192
2026-08-07T16:40:00+00:00,600.4899999999988,600.9199999999987,599.9499999999987,600.9099999999987,206
2026-08-07T16:45:00+00:00,600.9099999999987,601.2899999999987,600.2499999999987,600.6499999999987,205
2026-08-07T16:50:00+00:00,600.6499999999987,600.8699999999988,599.9499999999987,600.3799999999987,187
2026-08-07T16:55:00+00:00,600.3799999999987,600.3799999999987,599.0699999999987,599.1899999999987,172
2026-08-07T17:00:00+00:00,599.1899999999987,599.5499999999987,598.8199999999987,598.8199999999987,233
2026-08-07T17:05:00+00:00,598.8199999999987,599.1799999999987,598.4699999999988,598.6299999999987,209
2026-08-07T17:10:00+00:00,598.6299999999987,598.8299999999988,598.0799999999988,598.3599999999988,164
2026-08-07T17:15:00+00:00,598.3599999999988,598.5999999999988,597.8999999999987,597.9999999999987,151
2026-08-07T17:20:00+00:00,597.9999999999987,598.7299999999988,597.6699999999987,597.8299999999988,210
2026-08-07T17:25:00+00:00,597.8299999999988,598.6199999999988,597.6699999999987,598.4299999999987,270
2026-08-07T17:30:00+00:00,598.4299999999987,598.7099999999988,597.9099999999987,598.2799999999987,307
2026-08-07T17:35:00+00:00,598.2799999999987,599.0499999999987,598.2699999999987,599.0099999999987,191
2026-08-07T17:40:00+00:00,599.0099999999987,599.2399999999988,598.8399999999988,598.8899999999987,126
2026-08-07T17:45:00+00:00,598.8899999999987,599.2899999999987,598.7499999999987,599.1499999999987,141
2026-08-07T17:50:00+00:00,599.1499999999987,599.4499999999987,598.9999999999987,599.3299999999988,191
2026-08-07T17:55:00+00:00,599.3299999999988,599.3399999999988,598.9599999999988,599.0999999999988,108
2026-08-07T18:00:00+00:00,599.0999999999988,599.4899999999988,598.9399999999987,599.2199999999988,117
2026-08-07T18:05:00+00:00,599.2199999999988,599.2399999999988,598.5799999999988,598.5799999999988,133
2026-08-07T18:10:00+00:00,598.5799999999988,599.2599999999987,598.5199999999987,598.6099999999988,143
2026-08-07T18:15:00+00:00,598.6099999999988,599.1099999999988,598.6099999999988,599.0599999999987,102
2026-08-07T18:20:00+00:00,599.0599999999987,599.0599999999987,598.6099999999988,598.6399999999987,114
2026-08-07T18:25:00+00:00,598.6399999999987,599.1499999999987,598.4899999999988,599.0099999999987,240
2026-08-07T18:30:00+00:00,599.0099999999987,599.1299999999987,598.3799999999987,598.3899999999987,148
2026-08-07T18:35:00+00:00,598.3899999999987,598.7799999999987,598.0499999999987,598.0699999999987,119
2026-08-07T18:40:00+00:00,598.0699999999987,598.2499999999987,597.6399999999986,597.7299999999987,112
2026-08-07T18:45:00+00:00,597.7299999999987,597.7299999999987,596.8899999999986,597.1899999999987,183
2026-08-07T18:50:00+00:00,597.1899999999987,597.5499999999987,597.0099999999986,597.0299999999986,189
2026-08-07T18:55:00+00:00,597.0299999999986,598.1499999999986,596.9599999999987,598.1499999999986,222
2026-08-07T19:00:00+00:00,598.1499999999986,598.3399999999987,597.8399999999987,598.0799999999987,229
2026-08-07T19:05:00+00:00,598.0799999999987,599.3799999999986,598.0299999999986,599.2299999999987,199
2026-08-07T19:10:00+00:00,599.2299999999987,599.9499999999987,599.1399999999986,599.9499999999987,249
2026-08-07T19:15:00+00:00,599.9499999999987,600.3299999999987,599.3499999999987,599.4399999999987,233
2026-08-07T19:20:00+00:00,599.4399999999987,600.0699999999987,599.3499999999987,599.8499999999987,163
2026-08-07T19:25:00+00:00,599.8499999999987,600.0099999999986,598.9699999999987,599.3199999999987,169
2026-08-07T19:30:00+00:00,599.3199999999987,599.4299999999987,598.8499999999987,598.8499999999987,302
2026-08-07T19:35:00+00:00,598.8499999999987,599.1199999999986,598.3799999999986,598.8099999999987,222
2026-08-07T19:40:00+00:00,598.8099999999987,599.6999999999987,598.4899999999986,599.6299999999986,246
2026-08-07T19:45:00+00:00,599.6299999999986,600.4899999999986,599.2299999999987,600.2399999999986,271
2026-08-07T19:50:00+00:00,600.2399999999986,602.2399999999986,599.6599999999986,601.6899999999987,429
2026-08-07T19:55:00+00:00,601.6899999999987,601.8799999999986,597.8399999999987,599.2299999999987,748
2026-08-10T13:30:00+00:00,599.2299999999987,611.1399999999986,599.2299999999987,604.8599999999986,1189
2026-08-10T13:35:00+00:00,604.8599999999986,605.3599999999986,601.9699999999987,604.7899999999986,1115
2026-08-10T13:40:00+00:00,604.7899999999986,606.2599999999986,602.5599999999987,603.2399999999986,721
2026-08-10T13:45:00+00:00,603.2399999999986,604.4799999999987,600.8699999999986,601.0599999999987,579
2026-08-10T13:50:00+00:00,601.0599999999987,603.1199999999986,600.4099999999986,603.1199999999986,365
2026-08-10T13:55:00+00:00,603.1199999999986,604.5299999999986,602.3899999999986,603.4099999999986,477
2026-08-10T14:00:00+00:00,603.4099999999986,604.2199999999987,601.8399999999987,603.4599999999987,427
2026-08-10T14:05:00+00:00,603.4599999999987,605.1999999999987,602.8399999999987,605.0499999999987,469
2026-08-10T14:10:00+00:00,605.0499999999987,606.1499999999986,603.9399999999987,605.3499999999987,637
2026-08-10T14:15:00+00:00,605.3499999999987,607.6299999999986,603.3399999999987,607.1999999999987,716
2026-08-10T14:20:00+00:00,607.1999999999987,610.0299999999986,607.1999999999987,609.2399999999986,693
2026-08-10T14:25:00+00:00,609.2399999999986,610.3799999999986,608.3399999999987,610.3399999999987,471
2026-08-10T14:30:00+00:00,610.3399999999987,610.9799999999987,608.8399999999987,609.7799999999986,725
2026-08-10T14:35:00+00:00,609.7799999999986,611.7299999999987,609.7299999999987,611.2499999999986,745
2026-08-10T14:40:00+00:00,611.2499999999986,614.6399999999986,610.5599999999987,614.4799999999987,732
2026-08-10T14:45:00+00:00,614.4799999999987,614.9499999999987,612.2799999999986,612.6499999999986,763
2026-08-10T14:50:00+00:00,612.6499999999986,612.9899999999986,609.8499999999987,610.7199999999987,522
2026-08-10T14:55:00+00:00,610.7199999999987,611.2499999999986,609.0399999999986,609.4699999999987,580
2026-08-10T15:00:00+00:00,609.4699999999987,609.7199999999987,608.3399999999987,608.3599999999986,358
2026-08-10T15:05:00+00:00,608.3599999999986,609.3499999999987,608.3399999999987,608.3599999999986,291
2026-08-10T15:10:00+00:00,608.3599999999986,608.5399999999986,606.8499999999987,606.8499999999987,399
2026-08-10T15:15:00+00:00,606.8499999999987,606.8899999999986,605.2999999999987,605.5699999999987,250
2026-08-10T15:20:00+00:00,605.5699999999987,606.4099999999986,605.1599999999986,606.2999999999987,286
2026-08-10T15:25:00+00:00,606.2999999999987,606.2999999999987,605.1399999999986,605.9799999999987,210
2026-08-10T15:30:00+00:00,605.9799999999987,606.5899999999987,605.1399999999986,605.6099999999986,231
2026-08-10T15:35:00+00:00,605.6099999999986,606.4099999999986,605.5899999999987,606.0799999999987,223
2026-08-10T15:40:00+00:00,606.0799999999987,606.7899999999986,605.8399999999987,606.2199999999987,192
2026-08-10T15:45:00+00:00,606.2199999999987,606.8199999999987,606.2099999999987,606.3599999999986,173
2026-08-10T15:50:00+00:00,606.3599999999986,606.9699999999987,606.1099999999986,606.3599999999986,193
2026-08-10T15:55:00+00:00,606.3599999999986,607.0999999999987,606.1099999999986,606.4399999999987,337
2026-08-10T16:00:00+00:00,606.4399999999987,606.9699999999987,605.1599999999986,606.6799999999987,369
2026-08-10T16:05:00+00:00,606.6799999999987,606.7899999999986,605.8599999999986,606.3099999999987,337
2026-08-10T16:10:00+00:00,606.3099999999987,606.8399999999987,606.1999999999987,606.2599999999986,211
2026-08-10T16:15:00+00:00,606.2599999999986,606.4299999999987,605.3399999999987,605.4199999999986,359
2026-08-10T16:20:00+00:00,605.4199999999986,605.7299999999987,604.3699999999986,604.3799999999986,243
2026-08-10T16:25:00+00:00,604.3799999999986,604.5799999999987,603.3399999999987,603.9699999999987,350
2026-08-10T16:30:00+00:00,603.9699999999987,604.0999999999987,602.4399999999987,602.8499999999987,406
2026-08-10T16:35:00+00:00,602.8499999999987,602.8999999999986,601.8399999999987,602.1399999999986,350
2026-08-10T16:40:00+00:00,602.1399999999986,602.2199999999987,599.3799999999986,599.6899999999987,415
2026-08-10T16:45:00+00:00,599.6899999999987,600.2199999999987,599.1199999999986,600.2099999999987,357
2026-08-10T16:50:00+00:00,600.2099999999987,600.4299999999987,599.8999999999986,600.3099999999987,292
2026-08-10T16:55:00+00:00,600.3099999999987,600.8599999999986,600.3099999999987,600.6499999999986,303
2026-08-10T17:00:00+00:00,600.6499999999986,600.8599999999986,599.9799999999987,599.9999999999986,283
2026-08-10T17:05:00+00:00,599.9999999999986,600.3699999999986,599.3399999999987,600.2299999999987,242
2026-08-10T17:10:00+00:00,600.2299999999987,600.4299999999987,599.9199999999986,600.4099999999986,183
2026-08-10T17:15:00+00:00,600.4099999999986,600.6999999999987,600.0499999999987,600.3699999999986,163
2026-08-10T17:20:00+00:00,600.3699999999986,600.7399999999986,600.0599999999987,600.7399999999986,154
2026-08-10T17:25:00+00:00,600.7399999999986,601.4599999999987,600.5599999999987,601.4199999999986,173
2026-08-10T17:30:00+00:00,601.4199999999986,601.6399999999986,600.8399999999987,601.3999999999986,258
2026-08-10T17:35:00+00:00,601.3999999999986,601.5899999999987,600.8399999999987,601.1099999999986,233
2026-08-10T17:40:00+00:00,601.1099999999986,601.1699999999986,600.3199999999987,600.6499999999986,220
2026-08-10T17:45:00+00:00,600.6499999999986,600.8099999999987,600.3399999999987,600.4399999999987,170
2026-08-10T17:50:00+00:00,600.4399999999987,600.6699999999986,599.5899999999987,599.6599999999986,320
2026-08-10T17:55:00+00:00,599.6599999999986,600.5899999999987,599.6399999999986,600.3599999999986,289
2026-08-10T18:00:00+00:00,600.3599999999986,600.6499999999986,599.6699999999986,599.7499999999986,284
2026-08-10T18:05:00+00:00,599.7499999999986,600.4599999999987,599.7199999999987,600.1999999999987,218
2026-08-10T18:10:00+00:00,600.1999999999987,600.4199999999986,599.8399999999987,600.1999999999987,157
2026-08-10T18:15:00+00:00,600.1999999999987,600.3999999999986,599.9299999999987,600.1799999999987,160
2026-08-10T18:20:00+00:00,600.1799999999987,600.4199999999986,599.7399999999986,599.7399999999986,228
2026-08-10T18:25:00+00:00,599.7399999999986,599.9699999999987,599.4899999999986,599.6199999999986,195
2026-08-10T18:30:00+00:00,599.6199999999986,600.4799999999987,599.3499999999987,600.3499999999987,204
2026-08-10T18:35:00+00:00,600.3499999999987,600.6899999999987,599.8399999999987,599.9199999999986,222
2026-08-10T18:40:00+00:00,599.9199999999986,601.1199999999986,599.9199999999986,600.8699999999986,232
2026-08-10T18:45:00+00:00,600.8699999999986,601.3799999999986,600.6899999999987,600.9499999999987,204
2026-08-10T18:50:00+00:00,600.9499999999987,601.4399999999987,600.9299999999987,601.3799999999986,157
2026-08-10T18:55:00+00:00,601.3799999999986,601.9299999999987,601.3599999999986,601.5299999999986,197
2026-08-10T19:00:00+00:00,601.5299999999986,601.9499999999987,601.3399999999987,601.4899999999986,168
2026-08-10T19:05:00+00:00,601.4899999999986,601.4899999999986,600.5399999999986,600.8699999999986,189
2026-08-10T19:10:00+00:00,600.8699999999986,600.8699999999986,599.8399999999987,600.0699999999987,187
2026-08-10T19:15:00+00:00,600.0699999999987,600.1899999999987,599.4399999999987,599.4599999999987,206
2026-08-10T19:20:00+00:00,599.4599999999987,599.9399999999987,599.3399999999987,599.6399999999986,186
2026-08-10T19:25:00+00:00,599.6399999999986,599.8599999999986,598.8499999999987,599.1499999999986,242
2026-08-10T19:30:00+00:00,599.1499999999986,600.1599999999986,598.9999999999986,599.7099999999987,222
2026-08-10T19:35:00+00:00,599.7099999999987,600.0099999999986,599.0299999999986,600.0099999999986,247
2026-08-10T19:40:00+00:00,600.0099999999986,600.8199999999987,599.6199999999986,600.6599999999986,285
2026-08-10T19:45:00+00:00,600.6599999999986,600.9799999999987,600.3399999999987,600.3399999999987,291
2026-08-10T19:50:00+00:00,600.3399999999987,601.1599999999986,599.8399999999987,600.6299999999986,469
2026-08-10T19:55:00+00:00,600.6299999999986,602.2599999999986,600.5199999999986,601.6399999999986,845
2026-08-11T13:30:00+00:00,601.6399999999986,605.8499999999987,600.2399999999986,602.6799999999987,674
2026-08-11T13:35:00+00:00,602.6799999999987,603.9699999999987,600.3899999999986,602.9799999999987,636
2026-08-11T13:40:00+00:00,602.9799999999987,605.1899999999987,601.2099999999987,601.8499999999987,684
2026-08-11T13:45:00+00:00,601.8499999999987,602.3399999999987,600.5899999999987,601.8499999999987,587
2026-08-11T13:50:00+00:00,601.8499999999987,605.2399999999986,601.3399999999987,604.6599999999986,545
2026-08-11T13:55:00+00:00,604.6599999999986,610.0599999999987,604.3699999999986,609.3599999999986,741
2026-08-11T14:00:00+00:00,609.3599999999986,614.2699999999986,609.3599999999986,613.7999999999987,748
2026-08-11T14:05:00+00:00,613.7999999999987,616.2599999999986,613.6199999999986,615.7199999999987,768
2026-08-11T14:10:00+00:00,615.7199999999987,616.6599999999986,614.2299999999987,616.0099999999986,601
2026-08-11T14:15:00+00:00,616.0099999999986,618.9699999999987,616.0099999999986,618.0199999999986,815
2026-08-11T14:20:00+00:00,618.0199999999986,619.0499999999987,615.0599999999987,615.3399999999987,666
2026-08-11T14:25:00+00:00,615.3399999999987,616.4999999999986,615.0899999999987,615.6099999999986,502
2026-08-11T14:30:00+00:00,615.6099999999986,616.8199999999987,615.1099999999986,615.8899999999986,436
2026-08-11T14:35:00+00:00,615.8899999999986,616.3499999999987,615.3299999999987,615.7599999999986,305
2026-08-11T14:40:00+00:00,615.7599999999986,616.6399999999986,615.0399999999986,615.2799999999986,337
2026-08-11T14:45:00+00:00,615.2799999999986,618.1499999999986,615.2699999999986,617.2599999999986,532
2026-08-11T14:50:00+00:00,617.2599999999986,617.3399999999987,616.0299999999986,616.6199999999986,292
2026-08-11T14:55:00+00:00,616.6199999999986,617.5199999999986,616.0399999999986,616.4399999999987,319
2026-08-11T15:00:00+00:00,616.4399999999987,617.4499999999987,614.8799999999986,615.0599999999987,247
2026-08-11T15:05:00+00:00,615.0599999999987,615.7999999999987,613.8399999999987,614.0499999999987,326
2026-08-11T15:10:00+00:00,614.0499999999987,614.2099999999987,612.9599999999987,613.2799999999986,418
2026-08-11T15:15:00+00:00,613.2799999999986,615.1299999999986,613.0899999999987,614.7399999999986,478
2026-08-11T15:20:00+00:00,614.7399999999986,617.3699999999986,614.7299999999987,616.7199999999987,438
2026-08-11T15:25:00+00:00,616.7199999999987,617.6799999999987,616.2499999999986,616.2999999999987,347
2026-08-11T15:30:00+00:00,616.2999999999987,616.3699999999986,614.3399999999987,614.3399999999987,356
2026-08-11T15:35:00+00:00,614.3399999999987,614.5699999999987,612.0399999999986,613.3899999999986,261
2026-08-11T15:40:00+00:00,613.3899999999986,613.5499999999987,611.8599999999986,612.5499999999987,302
2026-08-11T15:45:00+00:00,612.5499999999987,612.7999999999987,611.8999999999986,612.1999999999987,185
2026-08-11T15:50:00+00:00,612.1999999999987,612.6999999999987,611.6599999999986,611.6699999999986,166
2026-08-11T15:55:00+00:00,611.6699999999986,612.3499999999987,611.5499999999987,611.9799999999987,149
2026-08-11T16:00:00+00:00,611.9799999999987,613.1299999999986,611.5599999999987,612.7799999999986,283
2026-08-11T16:05:00+00:00,612.7799999999986,613.5699999999987,611.9899999999986,613.4699999999987,148
2026-08-11T16:10:00+00:00,613.4699999999987,613.4699999999987,612.1799999999987,612.3599999999986,198
2026-08-11T16:15:00+00:00,612.3599999999986,612.4699999999987,611.5499999999987,611.9199999999986,132
2026-08-11T16:20:00+00:00,611.9199999999986,612.2799999999986,611.3999999999986,611.4199999999986,156
2026-08-11T16:25:00+00:00,611.4199999999986,611.4499999999987,610.5699999999987,611.4099999999986,204
2026-08-11T16:30:00+00:00,611.4099999999986,611.4099999999986,610.0999999999987,610.6299999999986,144
2026-08-11T16:35:00+00:00,610.6299999999986,610.9599999999987,610.3399999999987,610.5399999999986,142
2026-08-11T16:40:00+00:00,610.5399999999986,610.7399999999986,610.3399999999987,610.3999999999986,144
2026-08-11T16:45:00+00:00,610.3999999999986,610.6199999999986,609.9699999999987,610.5899999999987,163
2026-08-11T16:50:00+00:00,610.5899999999987,611.1799999999987,610.3799999999986,610.5899999999987,183
2026-08-11T16:55:00+00:00,610.5899999999987,610.8299999999987,610.3499999999987,610.4799999999987,160
2026-08-11T17:00:00+00:00,610.4799999999987,610.7399999999986,609.8399999999987,609.8399999999987,160
2026-08-11T17:05:00+00:00,609.8399999999987,610.5799999999987,609.8399999999987,610.2499999999986,131
2026-08-11T17:10:00+00:00,610.2499999999986,610.4099999999986,609.6699999999986,609.7199999999987,150
2026-08-11T17:15:00+00:00,609.7199999999987,610.8099999999987,609.6699999999986,609.8599999999986,179
2026-08-11T17:20:00+00:00,609.8599999999986,610.5699999999987,609.8399999999987,610.5599999999987,157
2026-08-11T17:25:00+00:00,610.5599999999987,611.2799999999986,610.2999999999987,611.0999999999987,140
2026-08-11T17:30:00+00:00,611.0999999999987,611.7299999999987,611.0899999999987,611.7299999999987,123
2026-08-11T17:35:00+00:00,611.7299999999987,612.4299999999987,611.0699999999987,611.6399999999986,222
2026-08-11T17:40:00+00:00,611.6399999999986,612.4899999999986,611.3599999999986,612.0999999999987,122
2026-08-11T17:45:00+00:00,612.0999999999987,612.1099999999986,611.3699999999986,611.3699999999986,78
2026-08-11T17:50:00+00:00,611.3699999999986,611.8299999999987,611.3399999999987,611.4899999999986,116
2026-08-11T17:55:00+00:00,611.4899999999986,611.6199999999986,610.9199999999986,611.0599999999987,143
2026-08-11T18:00:00+00:00,611.0599999999987,611.0599999999987,610.5199999999986,610.8499999999987,110
2026-08-11T18:05:00+00:00,610.8499999999987,610.8699999999986,609.6399999999986,609.8799999999986,145
2026-08-11T18:10:00+00:00,609.8799999999986,611.6099999999986,609.7199999999987,611.3999999999986,151
2026-08-11T18:15:00+00:00,611.3999999999986,611.4499999999987,610.8899999999986,611.2699999999986,137
2026-08-11T18:20:00+00:00,611.2699999999986,611.2799999999986,609.6399999999986,609.8299999999987,192
2026-08-11T18:25:00+00:00,609.8299999999987,610.4099999999986,609.3399999999987,609.4399999999987,169
2026-08-11T18:30:00+00:00,609.4399999999987,609.7799999999986,609.3399999999987,609.3999999999986,181
2026-08-11T18:35:00+00:00,609.3999999999986,609.9399999999987,609.3599999999986,609.4699999999987,157
2026-08-11T18:40:00+00:00,609.4699999999987,609.7499999999986,609.3599999999986,609.6899999999987,116
2026-08-11T18:45:00+00:00,609.6899999999987,610.0199999999986,609.3799999999986,609.8299999999987,142
2026-08-11T18:50:00+00:00,609.8299999999987,610.3399999999987,609.6699999999986,610.2099999999987,168
2026-08-11T18:55:00+00:00,610.2099999999987,610.2199999999987,609.3799999999986,609.3799999999986,188
2026-08-11T19:00:00+00:00,609.3799999999986,609.6599999999986,608.4599999999987,608.8999999999986,218
2026-08-11T19:05:00+00:00,608.8999999999986,609.2299999999987,608.2799999999986,608.6499999999986,280
2026-08-11T19:10:00+00:00,608.6499999999986,609.0199999999986,608.3899999999986,608.8499999999987,170
2026-08-11T19:15:00+00:00,608.8499999999987,608.8599999999986,607.5599999999987,607.5699999999987,242
2026-08-11T19:20:00+00:00,607.5699999999987,608.0799999999987,607.1399999999986,607.4499999999987,227
2026-08-11T19:25:00+00:00,607.4499999999987,608.2299999999987,607.3399999999987,608.1599999999986,218
2026-08-11T19:30:00+00:00,608.1599999999986,608.9399999999987,608.0599999999987,608.5099999999986,283
2026-08-11T19:35:00+00:00,608.5099999999986,609.2699999999986,608.3399999999987,608.3999999999986,223
2026-08-11T19:40:00+00:00,608.3999999999986,608.3999999999986,607.1399999999986,607.5099999999986,214
2026-08-11T19:45:00+00:00,607.5099999999986,607.5199999999986,606.6399999999986,607.0399999999986,287
2026-08-11T19:50:00+00:00,607.0399999999986,607.0399999999986,605.3399999999987,605.9999999999986,467
2026-08-11T19:55:00+00:00,605.9999999999986,606.4699999999987,604.8599999999986,605.8799999999986,650
2026-08-12T13:30:00+00:00,605.8799999999986,610.6399999999986,603.9499999999987,606.8399999999987,839
2026-08-12T13:35:00+00:00,606.8399999999987,606.8599999999986,603.3499999999987,603.8499999999987,944
2026-08-12T13:40:00+00:00,603.8499999999987,604.0599999999987,600.9899999999986,601.7999999999987,768
2026-08-12T13:45:00+00:00,601.7999999999987,602.2399999999986,600.7399999999986,600.8399999999987,569
2026-08-12T13:50:00+00:00,600.8399999999987,601.0999999999987,597.8399999999987,597.9299999999987,566
2026-08-12T13:55:00+00:00,597.9299999999987,598.2499999999986,595.9999999999986,596.8399999999987,504
2026-08-12T14:00:00+00:00,596.8399999999987,596.8899999999986,594.1099999999986,594.1299999999986,673
2026-08-12T14:05:00+00:00,594.1299999999986,597.3599999999986,593.6599999999986,596.6999999999987,420
2026-08-12T14:10:00+00:00,596.6999999999987,596.8599999999986,594.4399999999987,594.4499999999987,409
2026-08-12T14:15:00+00:00,594.4499999999987,594.4599999999987,593.0999999999987,593.3599999999986,418
2026-08-12T14:20:00+00:00,593.3599999999986,594.7699999999986,592.9499999999987,594.7299999999987,499
2026-08-12T14:25:00+00:00,594.7299999999987,595.0799999999987,594.0899999999987,594.3599999999986,282
2026-08-12T14:30:00+00:00,594.3599999999986,594.6099999999986,592.0899999999987,592.0899999999987,409
2026-08-12T14:35:00+00:00,592.0899999999987,593.0299999999986,591.4099999999986,592.6599999999986,557
2026-08-12T14:40:00+00:00,592.6599999999986,593.0599999999987,591.6699999999986,592.8499999999987,462
2026-08-12T14:45:00+00:00,592.8499999999987,592.8599999999986,591.2499999999986,591.6399999999986,281
2026-08-12T14:50:00+00:00,591.6399999999986,592.3099999999987,590.8999999999986,591.9399999999987,332
2026-08-12T14:55:00+00:00,591.9399999999987,592.6099999999985,591.6399999999986,592.5899999999986,308.02429932348474
2026-08-12T15:00:00+00:00,592.5899999999986,593.4599999999986,592.4599999999986,592.6799999999985,269
2026-08-12T15:05:00+00:00,592.6799999999985,592.8699999999985,591.8499999999985,592.3399999999986,254
2026-08-12T15:10:00+00:00,592.3399999999986,592.6699999999985,591.9599999999986,592.5499999999985,145
2026-08-12T15:15:00+00:00,592.5499999999985,592.8799999999985,591.9599999999986,592.5099999999985,330
2026-08-12T15:20:00+00:00,592.5099999999985,592.6099999999985,591.0999999999985,591.1099999999985,366
2026-08-12T15:25:00+00:00,591.1099999999985,591.1599999999985,590.3599999999985,590.8999999999985,297
2026-08-12T15:30:00+00:00,590.8999999999985,591.0099999999985,589.5499999999985,589.7299999999985,305
2026-08-12T15:35:00+00:00,589.7299999999985,590.0399999999985,588.7299999999985,588.7599999999985,366
2026-08-12T15:40:00+00:00,588.7599999999985,589.9799999999985,588.4599999999986,589.4199999999985,278
2026-08-12T15:45:00+00:00,589.4199999999985,589.8499999999985,588.9499999999986,589.2199999999985,291
2026-08-12T15:50:00+00:00,589.2199999999985,589.4199999999985,588.4299999999985,588.4299999999985,268
2026-08-12T15:55:00+00:00,588.4299999999985,588.5099999999985,587.9799999999985,588.0299999999985,480
2026-08-12T16:00:00+00:00,588.0299999999985,589.2099999999986,588.0099999999985,588.5699999999986,350
2026-08-12T16:05:00+00:00,588.5699999999986,588.8799999999985,588.1499999999985,588.3699999999985,222
2026-08-12T16:10:00+00:00,588.3699999999985,588.9399999999986,587.5599999999986,588.7299999999985,355
2026-08-12T16:15:00+00:00,588.7299999999985,589.1799999999985,588.3499999999985,588.7199999999985,291
2026-08-12T16:20:00+00:00,588.7199999999985,589.3499999999985,588.3899999999985,589.0999999999985,263
2026-08-12T16:25:00+00:00,589.0999999999985,589.1999999999986,588.3899999999985,589.0499999999985,266
2026-08-12T16:30:00+00:00,589.0499999999985,589.1599999999985,587.9299999999985,588.1899999999986,300
2026-08-12T16:35:00+00:00,588.1899999999986,589.5699999999986,588.1899999999986,589.5499999999985,273
2026-08-12T16:40:00+00:00,589.5499999999985,589.7399999999985,589.1799999999985,589.4999999999985,201
2026-08-12T16:45:00+00:00,589.4999999999985,589.6699999999985,588.5999999999985,589.2599999999985,392
2026-08-12T16:50:00+00:00,589.2599999999985,589.5999999999985,588.6599999999985,588.6599999999985,264
2026-08-12T16:55:00+00:00,588.6599999999985,589.4999999999985,588.4899999999985,588.7599999999985,292
2026-08-12T17:00:00+00:00,588.7599999999985,589.2599999999985,588.7499999999985,589.0599999999986,338
2026-08-12T17:05:00+00:00,589.0599999999986,589.1999999999986,588.7299999999985,588.8599999999985,198
2026-08-12T17:10:00+00:00,588.8599999999985,589.0099999999985,588.5499999999985,588.8699999999985,213
2026-08-12T17:15:00+00:00,588.8699999999985,588.9799999999985,588.2699999999985,588.5699999999986,218
2026-08-12T17:20:00+00:00,588.5699999999986,588.8999999999985,588.0999999999985,588.2999999999985,213
2026-08-12T17:25:00+00:00,588.2999999999985,588.4199999999985,588.0999999999985,588.4099999999985,240
2026-08-12T17:30:00+00:00,588.4099999999985,588.7099999999986,588.0699999999986,588.6599999999985,219
2026-08-12T17:35:00+00:00,588.6599999999985,588.7199999999985,587.5799999999986,587.5799999999986,247
2026-08-12T17:40:00+00:00,587.5799999999986,587.6299999999985,585.0499999999985,585.5599999999986,558
2026-08-12T17:45:00+00:00,585.5599999999986,585.8599999999985,585.0999999999985,585.5199999999985,344
2026-08-12T17:50:00+00:00,585.5199999999985,586.0399999999985,585.4399999999986,585.7099999999986,294
2026-08-12T17:55:00+00:00,585.7099999999986,585.8099999999986,585.2099999999986,585.5599999999986,260
2026-08-12T18:00:00+00:00,585.5599999999986,587.9099999999985,585.3499999999985,587.8599999999985,348
2026-08-12T18:05:00+00:00,587.8599999999985,588.1099999999985,586.9799999999985,586.9899999999985,287
2026-08-12T18:10:00+00:00,586.9899999999985,587.9299999999985,586.9899999999985,587.5899999999986,219
2026-08-12T18:15:00+00:00,587.5899999999986,587.6699999999985,587.1999999999986,587.2199999999985,232
2026-08-12T18:20:00+00:00,587.2199999999985,587.8799999999985,586.7299999999985,587.7399999999985,259
2026-08-12T18:25:00+00:00,587.7399999999985,588.1099999999985,587.5999999999985,588.0699999999986,259
2026-08-12T18:30:00+00:00,588.0699999999986,588.9699999999985,588.0499999999985,588.9599999999986,287
2026-08-12T18:35:00+00:00,588.9599999999986,589.7799999999985,588.9099999999985,589.5799999999986,270
2026-08-12T18:40:00+00:00,589.5799999999986,590.3699999999985,589.3999999999985,589.9999999999985,352
2026-08-12T18:45:00+00:00,589.9999999999985,590.4399999999986,589.2999999999985,589.2999999999985,335
2026-08-12T18:50:00+00:00,589.2999999999985,589.5599999999986,587.8499999999985,587.8899999999985,301
2026-08-12T18:55:00+00:00,587.8899999999985,587.8899999999985,586.2499999999985,586.5899999999986,305
2026-08-12T19:00:00+00:00,586.5899999999986,587.0299999999985,585.8499999999985,586.7299999999985,389
2026-08-12T19:05:00+00:00,586.7299999999985,586.8299999999986,586.1199999999985,586.2099999999986,220
2026-08-12T19:10:00+00:00,586.2099999999986,586.6799999999985,585.8499999999985,586.6799999999985,249
2026-08-12T19:15:00+00:00,586.6799999999985,587.2299999999985,586.4999999999985,587.0999999999985,210
2026-08-12T19:20:00+00:00,587.0999999999985,587.9299999999985,586.5499999999985,586.8699999999985,296
2026-08-12T19:25:00+00:00,586.8699999999985,587.4199999999985,586.8499999999985,587.3099999999986,189
2026-08-12T19:30:00+00:00,587.3099999999986,587.6899999999986,586.8499999999985,586.9799999999985,235
2026-08-12T19:35:00+00:00,586.9799999999985,587.8099999999986,586.9599999999986,587.4599999999986,278
2026-08-12T19:40:00+00:00,587.4599999999986,588.4499999999986,587.1799999999985,588.2999999999985,217
2026-08-12T19:45:00+00:00,588.2999999999985,588.9399999999986,587.8799999999985,588.4199999999985,217
2026-08-12T19:50:00+00:00,588.4199999999985,588.4199999999985,586.4799999999985,586.6199999999985,543
2026-08-12T19:55:00+00:00,586.6199999999985,586.7399999999985,584.8999999999985,585.7799999999985,925
2026-08-13T13:30:00+00:00,585.7799999999985,593.4499999999986,585.7799999999985,592.4299999999985,690
2026-08-13T13:35:00+00:00,592.4299999999985,595.2599999999985,591.8699999999985,595.0399999999985,563
2026-08-13T13:40:00+00:00,595.0399999999985,596.4299999999985,593.8599999999985,594.1999999999986,615
2026-08-13T13:45:00+00:00,594.1999999999986,595.0199999999985,591.3799999999985,594.8199999999986,729
2026-08-13T13:50:00+00:00,594.8199999999986,596.4999999999985,594.4099999999985,596.1599999999985,547
2026-08-13T13:55:00+00:00,596.1599999999985,596.2999999999985,594.3499999999985,594.8799999999985,433
2026-08-13T14:00:00+00:00,594.8799999999985,596.5499999999985,594.8699999999985,595.2499999999985,397
2026-08-13T14:05:00+00:00,595.2499999999985,596.2499999999985,594.8499999999985,595.2699999999985,295
2026-08-13T14:10:00+00:00,595.2699999999985,596.2799999999985,595.2499999999985,595.9799999999985,223
2026-08-13T14:15:00+00:00,595.9799999999985,597.2699999999985,595.3899999999985,597.2399999999985,262
2026-08-13T14:20:00+00:00,597.2399999999985,597.2399999999985,595.8899999999985,596.1899999999986,249
2026-08-13T14:25:00+00:00,596.1899999999986,596.5499999999985,594.0999999999985,594.5599999999986,308
2026-08-13T14:30:00+00:00,594.5599999999986,597.2699999999985,594.4999999999985,597.1099999999985,266
2026-08-13T14:35:00+00:00,597.1099999999985,597.6099999999985,596.5999999999985,596.5999999999985,292
2026-08-13T14:40:00+00:00,596.5999999999985,596.8499999999985,595.8699999999985,596.0799999999986,237
2026-08-13T14:45:00+00:00,596.0799999999986,596.4099999999985,595.0999999999985,595.8399999999986,265
2026-08-13T14:50:00+00:00,595.8399999999986,596.1899999999986,595.2199999999985,595.8199999999986,216
2026-08-13T14:55:00+00:00,595.8199999999986,597.5799999999986,595.8199999999986,597.5499999999985,201
2026-08-13T15:00:00+00:00,597.5499999999985,597.7999999999985,595.6299999999985,595.6399999999985,287
2026-08-13T15:05:00+00:00,595.6399999999985,596.0599999999986,594.9699999999985,595.8999999999985,216
2026-08-13T15:10:00+00:00,595.8999999999985,596.0699999999986,595.0499999999985,595.4299999999985,211
2026-08-13T15:15:00+00:00,595.4299999999985,595.6799999999985,594.7499999999985,594.8799999999985,195
2026-08-13T15:20:00+00:00,594.8799999999985,594.9299999999985,593.9599999999986,594.5699999999986,204
2026-08-13T15:25:00+00:00,594.5699999999986,594.6699999999985,592.4199999999985,592.8999999999985,363
2026-08-13T15:30:00+00:00,592.8999999999985,593.5699999999986,592.3899999999985,593.3099999999986,260
2026-08-13T15:35:00+00:00,593.3099999999986,593.6199999999985,592.3299999999986,593.3199999999986,279
2026-08-13T15:40:00+00:00,593.3199999999986,593.3199999999986,592.4399999999986,592.5699999999986,203
2026-08-13T15:45:00+00:00,592.5699999999986,592.5699999999986,591.7799999999985,591.9599999999986,165
2026-08-13T15:50:00+00:00,591.9599999999986,592.2399999999985,591.5999999999985,592.0099999999985,231
2026-08-13T15:55:00+00:00,592.0099999999985,593.3799999999985,591.9399999999986,593.1899999999986,164
2026-08-13T16:00:00+00:00,593.1899999999986,593.1899999999986,591.9599999999986,592.8299999999986,294
2026-08-13T16:05:00+00:00,592.8299999999986,593.6399999999985,592.5999999999985,593.4699999999985,166
2026-08-13T16:10:00+00:00,593.4699999999985,593.9999999999985,593.2799999999985,593.4399999999986,215
2026-08-13T16:15:00+00:00,593.4399999999986,593.5599999999986,592.8899999999985,593.2899999999985,178
2026-08-13T16:20:00+00:00,593.2899999999985,593.6099999999985,592.7299999999985,593.5399999999985,201
2026-08-13T16:25:00+00:00,593.5399999999985,593.8299999999986,593.3499999999985,593.8199999999986,192
2026-08-13T16:30:00+00:00,593.8199999999986,594.3499999999985,593.5499999999985,594.1499999999985,262
2026-08-13T16:35:00+00:00,594.1499999999985,594.1499999999985,593.6599999999985,593.8399999999986,120
2026-08-13T16:40:00+00:00,593.8399999999986,595.0599999999986,593.7399999999985,595.0499999999985,159
2026-08-13T16:45:00+00:00,595.0499999999985,595.3799999999985,594.5599999999986,595.0099999999985,127
2026-08-13T16:50:00+00:00,595.0099999999985,595.4999999999985,594.5399999999985,594.7799999999985,227
2026-08-13T16:55:00+00:00,594.7799999999985,594.7799999999985,594.1099999999985,594.6099999999985,104
2026-08-13T17:00:00+00:00,594.6099999999985,595.3499999999985,594.5199999999985,595.0899999999986,138
2026-08-13T17:05:00+00:00,595.0899999999986,595.6399999999985,595.0799999999986,595.4299999999985,155
2026-08-13T17:10:00+00:00,595.4299999999985,595.9999999999985,595.2499999999985,595.5599999999986,208
2026-08-13T17:15:00+00:00,595.5599999999986,595.8599999999985,595.1999999999986,595.5899999999986,160
2026-08-13T17:20:00+00:00,595.5899999999986,595.7399999999985,594.6099999999985,594.9899999999985,189
2026-08-13T17:25:00+00:00,594.9899999999985,595.3999999999985,594.8499999999985,595.1099999999985,130
2026-08-13T17:30:00+00:00,595.1099999999985,595.4099999999985,594.6999999999986,594.7799999999985,125
2026-08-13T17:35:00+00:00,594.7799999999985,595.1099999999985,594.6999999999986,595.0799999999986,129
2026-08-13T17:40:00+00:00,595.0799999999986,595.4999999999985,594.3599999999985,595.4399999999986,120
2026-08-13T17:45:00+00:00,595.4399999999986,596.2699999999985,595.4399999999986,595.6699999999985,113
2026-08-13T17:50:00+00:00,595.6699999999985,595.9599999999986,595.0999999999985,595.0999999999985,98
2026-08-13T17:55:00+00:00,595.0999999999985,595.3799999999985,594.9099999999985,595.1899999999986,136
2026-08-13T18:00:00+00:00,595.1899999999986,595.5999999999985,594.8499999999985,595.5699999999986,137
2026-08-13T18:05:00+00:00,595.5699999999986,596.3399999999986,595.5699999999986,596.2599999999985,207
2026-08-13T18:10:00+00:00,596.2599999999985,597.0699999999986,596.1099999999985,596.8699999999985,139
2026-08-13T18:15:00+00:00,596.8699999999985,596.8699999999985,595.9799999999985,596.1399999999985,169
2026-08-13T18:20:00+00:00,596.1399999999985,596.3899999999985,595.9799999999985,595.9899999999985,115
2026-08-13T18:25:00+00:00,595.9899999999985,596.4899999999985,595.9899999999985,596.4699999999985,112
2026-08-13T18:30:00+00:00,596.4699999999985,596.6699999999985,595.9799999999985,596.0999999999985,131
2026-08-13T18:35:00+00:00,596.0999999999985,596.9499999999986,596.0599999999986,596.5699999999986,169
2026-08-13T18:40:00+00:00,596.5699999999986,597.8099999999986,596.5399999999985,597.4199999999985,148
2026-08-13T18:45:00+00:00,597.4199999999985,597.6299999999985,597.1099999999985,597.1399999999985,116
2026-08-13T18:50:00+00:00,597.1399999999985,599.4399999999986,597.1399999999985,599.1199999999985,240
2026-08-13T18:55:00+00:00,599.1199999999985,600.0099999999985,598.9099999999985,599.4999999999985,173
2026-08-13T19:00:00+00:00,599.4999999999985,600.9999999999985,598.8499999999985,600.9699999999985,232
2026-08-13T19:05:00+00:00,600.9699999999985,602.0999999999985,600.6899999999986,601.6599999999985,238
2026-08-13T19:10:00+00:00,601.6599999999985,601.8299999999986,600.2399999999985,600.9099999999985,277
2026-08-13T19:15:00+00:00,600.9099999999985,601.3599999999985,600.3399999999986,600.3399999999986,209
2026-08-13T19:20:00+00:00,600.3399999999986,601.3499999999985,600.2999999999985,601.3499999999985,249
2026-08-13T19:25:00+00:00,601.3499999999985,602.2699999999985,601.3499999999985,601.9899999999985,214
2026-08-13T19:30:00+00:00,601.9899999999985,602.4299999999985,600.8499999999985,601.0699999999986,234
2026-08-13T19:35:00+00:00,601.0699999999986,601.0699999999986,600.1499999999985,600.6699999999985,237
2026-08-13T19:40:00+00:00,600.6699999999985,601.4099999999985,600.6499999999985,601.3399999999986,161
2026-08-13T19:45:00+00:00,601.3399999999986,601.8599999999985,600.7699999999985,601.4199999999985,230
2026-08-13T19:50:00+00:00,601.4199999999985,602.2399999999985,600.6499999999985,602.0499999999985,350
2026-08-13T19:55:00+00:00,602.0499999999985,602.6199999999985,600.5299999999985,601.7399999999985,730
2026-08-14T13:30:00+00:00,601.7399999999985,608.1899999999986,601.3499999999985,606.8499999999985,755
2026-08-14T13:35:00+00:00,606.8499999999985,607.4799999999985,604.2199999999985,605.9599999999986,656
2026-08-14T13:40:00+00:00,605.9599999999986,605.9599999999986,601.9399999999986,602.1199999999985,641
2026-08-14T13:45:00+00:00,602.1199999999985,604.4999999999985,602.0999999999985,603.8199999999986,605
2026-08-14T13:50:00+00:00,603.8199999999986,605.0399999999985,602.9599999999986,604.8699999999985,384
2026-08-14T13:55:00+00:00,604.8699999999985,605.3099999999986,603.6899999999986,604.1899999999986,350
2026-08-14T14:00:00+00:00,604.1899999999986,605.9799999999985,604.1899999999986,605.2199999999985,395
2026-08-14T14:05:00+00:00,605.2199999999985,605.8799999999985,604.3299999999986,604.4299999999985,348
2026-08-14T14:10:00+00:00,604.4299999999985,605.8999999999985,604.3499999999985,604.4499999999986,313
2026-08-14T14:15:00+00:00,604.4499999999986,606.6899999999986,604.4499999999986,604.7799999999985,357
2026-08-14T14:20:00+00:00,604.7799999999985,604.7799999999985,602.9599999999986,602.9799999999985,479
2026-08-14T14:25:00+00:00,602.9799999999985,603.6699999999985,602.2199999999985,602.5699999999986,351
2026-08-14T14:30:00+00:00,602.5699999999986,603.5299999999985,601.4499999999986,601.4999999999985,473
2026-08-14T14:35:00+00:00,601.4999999999985,602.1599999999985,601.2699999999985,602.0899999999986,322
2026-08-14T14:40:00+00:00,602.0899999999986,602.2499999999985,600.8499999999985,600.9999999999985,165
2026-08-14T14:45:00+00:00,600.9999999999985,602.0699999999986,600.8899999999985,601.1799999999985,209
2026-08-14T14:50:00+00:00,601.1799999999985,601.3799999999985,600.0299999999985,600.3499999999985,299
2026-08-14T14:55:00+00:00,600.3499999999985,600.7899999999985,599.8299999999984,599.9499999999985,266.2898466033601
2026-08-14T15:00:00+00:00,599.9499999999985,600.3799999999984,599.1399999999984,600.2399999999984,351
2026-08-14T15:05:00+00:00,600.2399999999984,601.0999999999984,599.8599999999984,600.4299999999984,429
2026-08-14T15:10:00+00:00,600.4299999999984,600.8399999999984,599.8599999999984,600.1599999999984,212
2026-08-14T15:15:00+00:00,600.1599999999984,600.7399999999984,599.8599999999984,600.4599999999984,196
2026-08-14T15:20:00+00:00,600.4599999999984,601.1099999999984,599.9999999999984,600.6599999999984,196
2026-08-14T15:25:00+00:00,600.6599999999984,601.0199999999984,598.5199999999984,599.5399999999984,373
2026-08-14T15:30:00+00:00,599.5399999999984,600.2699999999984,599.5199999999984,600.1099999999984,270
2026-08-14T15:35:00+00:00,600.1099999999984,600.6599999999984,599.7699999999984,600.1699999999984,171
2026-08-14T15:40:00+00:00,600.1699999999984,601.6099999999984,600.1499999999984,601.4999999999984,283
2026-08-14T15:45:00+00:00,601.4999999999984,601.8599999999984,601.0199999999984,601.0599999999985,246
2026-08-14T15:50:00+00:00,601.0599999999985,601.5399999999984,600.8499999999984,601.3099999999985,186
2026-08-14T15:55:00+00:00,601.3099999999985,601.5299999999984,600.9399999999985,601.3199999999985,115
2026-08-14T16:00:00+00:00,601.3199999999985,601.4199999999984,600.1499999999984,600.3599999999984,156
2026-08-14T16:05:00+00:00,600.3599999999984,600.4199999999984,599.6099999999984,599.8599999999984,246
2026-08-14T16:10:00+00:00,599.8599999999984,600.7099999999984,599.8499999999984,600.5099999999984,195
2026-08-14T16:15:00+00:00,600.5099999999984,600.6199999999984,598.5199999999984,598.7699999999984,276
2026-08-14T16:20:00+00:00,598.7699999999984,599.1799999999984,598.5299999999984,598.8799999999984,177
2026-08-14T16:25:00+00:00,598.8799999999984,599.2599999999984,598.6999999999985,599.0399999999984,179
2026-08-14T16:30:00+00:00,599.0399999999984,599.2499999999984,598.3999999999984,598.3999999999984,225
2026-08-14T16:35:00+00:00,598.3999999999984,598.7099999999984,598.3599999999984,598.6999999999985,160
2026-08-14T16:40:00+00:00,598.6999999999985,599.0299999999984,598.4499999999985,598.5199999999984,193
2026-08-14T16:45:00+00:00,598.5199999999984,598.5799999999984,597.8499999999984,597.9399999999985,242
2026-08-14T16:50:00+00:00,597.9399999999985,598.3399999999984,597.6699999999984,598.2399999999984,159
2026-08-14T16:55:00+00:00,598.2399999999984,598.7599999999984,598.1499999999984,598.4499999999985,188
2026-08-14T17:00:00+00:00,598.4499999999985,598.9699999999984,598.3499999999984,598.9099999999984,112
2026-08-14T17:05:00+00:00,598.9099999999984,599.2399999999984,598.1499999999984,598.1499999999984,182
2026-08-14T17:10:00+00:00,598.1499999999984,598.6899999999985,597.9199999999984,598.6899999999985,176
2026-08-14T17:15:00+00:00,598.6899999999985,598.7399999999984,598.2699999999984,598.5799999999984,103
2026-08-14T17:20:00+00:00,598.5799999999984,598.7099999999984,598.3699999999984,598.4399999999985,93
2026-08-14T17:25:00+00:00,598.4399999999985,598.4899999999984,597.8599999999984,598.1099999999984,99
2026-08-14T17:30:00+00:00,598.1099999999984,598.1999999999985,597.7599999999984,597.9499999999985,111
2026-08-14T17:35:00+00:00,597.9499999999985,597.9499999999985,597.5099999999984,597.6199999999984,138
2026-08-14T17:40:00+00:00,597.6199999999984,597.8999999999984,597.5999999999984,597.6999999999985,128
2026-08-14T17:45:00+00:00,597.6999999999985,598.0199999999984,597.4999999999984,597.5099999999984,153
2026-08-14T17:50:00+00:00,597.5099999999984,597.9699999999984,597.4999999999984,597.7599999999984,128
2026-08-14T17:55:00+00:00,597.7599999999984,598.4599999999984,597.6899999999985,598.2699999999984,162
2026-08-14T18:00:00+00:00,598.2699999999984,598.4499999999985,597.9099999999984,598.1399999999984,160
2026-08-14T18:05:00+00:00,598.1399999999984,598.4699999999984,598.0599999999985,598.1699999999984,108
2026-08-14T18:10:00+00:00,598.1699999999984,598.5999999999984,598.0799999999984,598.3999999999984,153
2026-08-14T18:15:00+00:00,598.3999999999984,598.5899999999984,597.9099999999984,598.2399999999984,193
2026-08-14T18:20:00+00:00,598.2399999999984,598.7599999999984,598.1499999999984,598.5099999999984,101
2026-08-14T18:25:00+00:00,598.5099999999984,598.6599999999984,598.0499999999984,598.1499999999984,96
2026-08-14T18:30:00+00:00,598.1499999999984,598.5199999999984,598.0499999999984,598.0599999999985,110
2026-08-14T18:35:00+00:00,598.0599999999985,598.2399999999984,597.7999999999984,597.7999999999984,111
2026-08-14T18:40:00+00:00,597.7999999999984,598.4299999999984,597.7999999999984,598.3499999999984,83
2026-08-14T18:45:00+00:00,598.3499999999984,598.6399999999984,598.1499999999984,598.2599999999984,200
2026-08-14T18:50:00+00:00,598.2599999999984,598.6799999999984,598.1599999999984,598.5999999999984,143
2026-08-14T18:55:00+00:00,598.5999999999984,598.7999999999984,598.4499999999985,598.5299999999984,108
2026-08-14T19:00:00+00:00,598.5299999999984,598.6499999999984,598.3399999999984,598.3599999999984,119
2026-08-14T19:05:00+00:00,598.3599999999984,598.4599999999984,597.8499999999984,598.3499999999984,151
2026-08-14T19:10:00+00:00,598.3499999999984,598.3699999999984,597.7499999999984,597.8999999999984,145
2026-08-14T19:15:00+00:00,597.8999999999984,598.0799999999984,597.5499999999984,597.7199999999984,158
2026-08-14T19:20:00+00:00,597.7199999999984,597.8899999999984,597.4399999999985,597.8899999999984,148
2026-08-14T19:25:00+00:00,597.8899999999984,598.3399999999984,597.8499999999984,598.0199999999984,132
2026-08-14T19:30:00+00:00,598.0199999999984,598.4899999999984,597.9999999999984,598.2499999999984,156
2026-08-14T19:35:00+00:00,598.2499999999984,598.3099999999985,596.9299999999984,597.0999999999984,200
2026-08-14T19:40:00+00:00,597.0999999999984,597.6199999999984,596.9299999999984,597.4199999999984,184
2026-08-14T19:45:00+00:00,597.4199999999984,597.9599999999984,597.1299999999984,597.3599999999984,233
2026-08-14T19:50:00+00:00,597.3599999999984,597.3599999999984,596.6499999999984,596.6899999999985,395
2026-08-14T19:55:00+00:00,596.6899999999985,597.2999999999984,595.8599999999984,596.4799999999984,650
2026-08-17T13:30:00+00:00,589.36,589.45,578.33,578.82,838
2026-08-17T13:35:00+00:00,578.82,582.55,577.83,580.54,817
2026-08-17T13:40:00+00:00,580.54,581.76,579.79,579.85,464
2026-08-17T13:45:00+00:00,579.85,581.22,579.54,580.48,486
2026-08-17T13:50:00+00:00,580.48,580.8,579.74,580.29,498
2026-08-17T13:55:00+00:00,580.29,580.42,579.13,579.54,407
2026-08-17T14:00:00+00:00,579.54,579.77,578.33,579.26,541
2026-08-17T14:05:00+00:00,579.26,579.99,578.04,579.99,406
2026-08-17T14:10:00+00:00,579.99,580.21,579.14,579.85,299
2026-08-17T14:15:00+00:00,579.85,580.45,578.63,579.18,381
2026-08-17T14:20:00+00:00,579.18,579.39,578.13,578.14,385
2026-08-17T14:25:00+00:00,578.14,578.49,577.43,577.74,398
2026-08-17T14:30:00+00:00,577.74,577.75,576.24,576.24,343
2026-08-17T14:35:00+00:00,576.24,576.56,575.31,575.67,456
2026-08-17T14:40:00+00:00,575.67,576.02,574.51,574.57,505
2026-08-17T14:45:00+00:00,574.57,574.71,572.97,574.51,581
2026-08-17T14:50:00+00:00,574.51,574.56,573.53,573.81,305
2026-08-17T14:55:00+00:00,573.81,574.05,573.07,573.84,451
2026-08-17T15:00:00+00:00,573.84,574,572.64,572.94,304
2026-08-17T15:05:00+00:00,572.94,573.82,572.58,573.79,343
2026-08-17T15:10:00+00:00,573.79,573.86,573.09,573.4,262
2026-08-17T15:15:00+00:00,573.4,574.08,573.28,573.71,271
2026-08-17T15:20:00+00:00,573.71,574.73,573.7,574.25,312
2026-08-17T15:25:00+00:00,574.25,574.75,573.95,574.63,199
2026-08-17T15:30:00+00:00,574.63,574.76,572.89,572.89,348
2026-08-17T15:35:00+00:00,572.89,573.49,572.83,573.23,269
2026-08-17T15:40:00+00:00,573.23,574.13,573.23,573.95,223
2026-08-17T15:45:00+00:00,573.95,574.14,573.23,573.26,236
2026-08-17T15:50:00+00:00,573.26,573.93,572.87,572.87,219
2026-08-17T15:55:00+00:00,572.87,573.55,572.54,573.47,281
2026-08-17T16:00:00+00:00,573.47,573.47,572.39,572.44,318
2026-08-17T16:05:00+00:00,572.44,572.67,571.16,571.18,383
2026-08-17T16:10:00+00:00,571.18,572.32,570.73,571.31,373
2026-08-17T16:15:00+00:00,571.31,571.54,569.77,570.94,458
2026-08-17T16:20:00+00:00,570.94,571.09,569.03,569.05,418
2026-08-17T16:25:00+00:00,569.05,569.38,568.77,569.25,433
2026-08-17T16:30:00+00:00,569.25,569.41,568.68,568.91,376
2026-08-17T16:35:00+00:00,568.91,569.18,567.58,567.75,464
2026-08-17T16:40:00+00:00,567.75,567.75,566.39,566.83,427
2026-08-17T16:45:00+00:00,566.83,567.18,566.33,566.93,372
2026-08-17T16:50:00+00:00,566.93,567.69,566.43,567.52,343
2026-08-17T16:55:00+00:00,567.52,568.65,567.45,568.59,447
2026-08-17T17:00:00+00:00,568.59,568.59,566.49,566.83,425
2026-08-17T17:05:00+00:00,566.83,566.85,566.07,566.53,340
2026-08-17T17:10:00+00:00,566.53,567.3,566.49,567.03,339
2026-08-17T17:15:00+00:00,567.03,567.19,566.18,566.42,289
2026-08-17T17:20:00+00:00,566.42,567.28,566.37,567.15,304
2026-08-17T17:25:00+00:00,567.15,567.23,565.89,566.15,351
2026-08-17T17:30:00+00:00,566.15,566.55,565.34,565.34,356
2026-08-17T17:35:00+00:00,565.34,565.94,565.19,565.24,398
2026-08-17T17:40:00+00:00,565.24,565.74,564.78,565.54,400
2026-08-17T17:45:00+00:00,565.54,565.54,564.83,564.83,388
2026-08-17T17:50:00+00:00,564.83,565.09,564.46,564.52,435
2026-08-17T17:55:00+00:00,564.52,565.24,564.47,565.24,360
2026-08-17T18:00:00+00:00,565.24,565.83,565.23,565.38,312
2026-08-17T18:05:00+00:00,565.38,565.82,565.37,565.57,222
2026-08-17T18:10:00+00:00,565.57,566.48,565.55,565.95,341
2026-08-17T18:15:00+00:00,565.95,566.92,565.73,566.64,404
2026-08-17T18:20:00+00:00,566.64,567.47,566.5,566.94,354
2026-08-17T18:25:00+00:00,566.94,567.35,566.09,566.88,285
2026-08-17T18:30:00+00:00,566.88,567.2,566.53,566.63,245
2026-08-17T18:35:00+00:00,566.63,567.17,566.58,567.02,208
2026-08-17T18:40:00+00:00,567.02,567.5,567.02,567.15,192
2026-08-17T18:45:00+00:00,567.15,567.49,566.63,566.95,214
2026-08-17T18:50:00+00:00,566.95,567.2,566.73,567.04,178
2026-08-17T18:55:00+00:00,567.04,567.14,566.73,566.85,211
2026-08-17T19:00:00+00:00,566.85,567.7,566.53,567.7,231
2026-08-17T19:05:00+00:00,567.7,568.54,567.66,568.34,222
2026-08-17T19:10:00+00:00,568.34,569.1,568.24,568.86,326
2026-08-17T19:15:00+00:00,568.86,569.66,568.74,569.51,395
2026-08-17T19:20:00+00:00,569.51,569.68,569.08,569.34,282
2026-08-17T19:25:00+00:00,569.34,569.46,568.78,569.03,272
2026-08-17T19:30:00+00:00,569.03,569.28,568.23,568.23,357
2026-08-17T19:35:00+00:00,568.23,568.49,567.53,567.58,392
2026-08-17T19:40:00+00:00,567.58,567.97,567.4,567.79,386
2026-08-17T19:45:00+00:00,567.79,568.66,567.53,568.41,371
2026-08-17T19:50:00+00:00,568.41,568.56,567.48,567.95,778
2026-08-17T19:55:00+00:00,567.95,569.04,567.74,568.84,1164
2026-08-18T13:30:00+00:00,568.84,568.84,549.5,550.23,1087
2026-08-18T13:35:00+00:00,550.23,553.31,548.93,549.76,939
2026-08-18T13:40:00+00:00,549.76,550.36,546.82,548.28,882
2026-08-18T13:45:00+00:00,548.28,548.55,546.34,548.42,670
2026-08-18T13:50:00+00:00,548.42,549.45,546.76,549.33,687
2026-08-18T13:55:00+00:00,549.33,549.47,547.41,547.47,578
2026-08-18T14:00:00+00:00,547.47,548.19,546.66,548.04,545
2026-08-18T14:05:00+00:00,548.04,548.11,547.03,547.3,512
2026-08-18T14:10:00+00:00,547.3,547.88,546.53,547.3,692
2026-08-18T14:15:00+00:00,547.3,547.71,546.91,547.3,512
2026-08-18T14:20:00+00:00,547.3,548.44,546.42,548.44,598
2026-08-18T14:25:00+00:00,548.44,549.33,547.29,547.55,582
2026-08-18T14:30:00+00:00,547.55,547.75,545.18,545.18,547
2026-08-18T14:35:00+00:00,545.18,549.03,545.18,548.66,506
2026-08-18T14:40:00+00:00,548.66,548.83,546.47,546.64,413
2026-08-18T14:45:00+00:00,546.64,548.11,546.63,548,420
2026-08-18T14:50:00+00:00,548,548.66,547.48,548.18,374
2026-08-18T14:55:00+00:00,548.18,549.73,547.74,549.23,407
2026-08-18T15:00:00+00:00,549.23,551.2,549.23,551.04,495
2026-08-18T15:05:00+00:00,551.04,552.8,550.53,552.63,459
2026-08-18T15:10:00+00:00,552.63,553.11,551.81,552.09,482
2026-08-18T15:15:00+00:00,552.09,552.93,551.48,551.73,436
2026-08-18T15:20:00+00:00,551.73,552.45,551.32,552.25,375
2026-08-18T15:25:00+00:00,552.25,552.49,551.77,551.87,268
2026-08-18T15:30:00+00:00,551.87,552.31,550.99,551.28,304
2026-08-18T15:35:00+00:00,551.28,553.46,551.27,553.43,371
2026-08-18T15:40:00+00:00,553.43,554.59,552.85,553.06,391
2026-08-18T15:45:00+00:00,553.06,554.47,552.52,553.81,469
2026-08-18T15:50:00+00:00,553.81,554.35,553.11,554.05,356
2026-08-18T15:55:00+00:00,554.05,555.3,553.83,554.18,371
2026-08-18T16:00:00+00:00,554.18,554.73,553.89,554.35,266
2026-08-18T16:05:00+00:00,554.35,554.97,553.89,553.95,380
2026-08-18T16:10:00+00:00,553.95,554.65,553.49,553.51,378
2026-08-18T16:15:00+00:00,553.51,553.71,552.45,552.63,342
2026-08-18T16:20:00+00:00,552.63,553.35,552.52,553.29,307
2026-08-18T16:25:00+00:00,553.29,553.38,551.41,551.41,380
2026-08-18T16:30:00+00:00,551.41,551.64,550.02,550.74,382
2026-08-18T16:35:00+00:00,550.74,551.02,550.24,550.65,321
2026-08-18T16:40:00+00:00,550.65,550.82,549.95,550.45,270
2026-08-18T16:45:00+00:00,550.45,551.44,550.23,550.96,299
2026-08-18T16:50:00+00:00,550.96,551.29,549.88,550.67,407
2026-08-18T16:55:00+00:00,550.67,550.9,550.05,550.1,401
2026-08-18T17:00:00+00:00,550.1,551,549.93,550.74,367
2026-08-18T17:05:00+00:00,550.74,550.85,550.08,550.41,286
2026-08-18T17:10:00+00:00,550.41,550.97,550.13,550.44,362
2026-08-18T17:15:00+00:00,550.44,550.65,549.33,549.75,399
2026-08-18T17:20:00+00:00,549.75,550.11,548.53,548.55,385
2026-08-18T17:25:00+00:00,548.55,548.9,548.03,548.6,359
2026-08-18T17:30:00+00:00,548.6,548.84,548.1,548.44,311
2026-08-18T17:35:00+00:00,548.44,548.6,546.86,547.24,397
2026-08-18T17:40:00+00:00,547.24,547.52,546.08,546.25,352
2026-08-18T17:45:00+00:00,546.25,547.08,546.25,546.87,349
2026-08-18T17:50:00+00:00,546.87,547.99,546.77,547.81,303
2026-08-18T17:55:00+00:00,547.81,547.92,546.73,546.94,320
2026-08-18T18:00:00+00:00,546.94,548.04,546.51,547.55,328
2026-08-18T18:05:00+00:00,547.55,548.36,547.23,548.23,317
2026-08-18T18:10:00+00:00,548.23,549.04,548.01,548.62,283
2026-08-18T18:15:00+00:00,548.62,549,547.81,547.91,361
2026-08-18T18:20:00+00:00,547.91,548,547.03,547.13,288
2026-08-18T18:25:00+00:00,547.13,547.42,546.84,546.92,267
2026-08-18T18:30:00+00:00,546.92,547.04,546.43,546.8,280
2026-08-18T18:35:00+00:00,546.8,547.09,546.43,546.44,285
2026-08-18T18:40:00+00:00,546.44,546.89,545.83,545.95,301
2026-08-18T18:45:00+00:00,545.95,545.99,545.03,545.34,389
2026-08-18T18:50:00+00:00,545.34,546.01,544.94,545.11,362
2026-08-18T18:55:00+00:00,545.11,545.5,544.78,544.92,235
2026-08-18T19:00:00+00:00,544.92,545.25,544.09,544.1,278
2026-08-18T19:05:00+00:00,544.1,544.53,543.63,544.46,397
2026-08-18T19:10:00+00:00,544.46,544.62,543.79,544.62,431
2026-08-18T19:15:00+00:00,544.62,545.15,543.98,544.77,343
2026-08-18T19:20:00+00:00,544.77,544.77,544.07,544.54,313
2026-08-18T19:25:00+00:00,544.54,545.04,544.28,544.81,312
2026-08-18T19:30:00+00:00,544.81,545.21,544.2,544.31,369
2026-08-18T19:35:00+00:00,544.31,545.92,544.03,545.92,412
2026-08-18T19:40:00+00:00,545.92,545.95,544.73,545.11,338
2026-08-18T19:45:00+00:00,545.11,545.33,544.37,544.98,423
2026-08-18T19:50:00+00:00,544.98,544.98,543.52,543.65,666
2026-08-18T19:55:00+00:00,543.65,544.49,542.93,543.52,1076
2026-08-19T13:30:00+00:00,543.52,543.52,537.01,539.29,1154
2026-08-19T13:35:00+00:00,539.29,541.93,538,540.41,907
2026-08-19T13:40:00+00:00,540.41,542.14,540,541.43,751
2026-08-19T13:45:00+00:00,541.43,543.1,540.98,542.88,659
2026-08-19T13:50:00+00:00,542.88,545.48,541.85,545.45,800
2026-08-19T13:55:00+00:00,545.45,545.96,543.42,544.43,694
2026-08-19T14:00:00+00:00,544.43,545.5,543.94,545.07,539
2026-08-19T14:05:00+00:00,545.07,545.87,544.23,545.71,560
2026-08-19T14:10:00+00:00,545.71,546.35,544.93,545.3,474
2026-08-19T14:15:00+00:00,545.3,546.77,545.3,545.72,656
2026-08-19T14:20:00+00:00,545.72,547.7,545.57,546.1,547
2026-08-19T14:25:00+00:00,546.1,547.45,545.89,546.88,345
2026-08-19T14:30:00+00:00,546.88,547.72,546.53,547.11,342
2026-08-19T14:35:00+00:00,547.11,547.59,546.53,546.53,325
2026-08-19T14:40:00+00:00,546.53,547.74,546.43,546.74,425
2026-08-19T14:45:00+00:00,546.74,548.32,546.43,548.21,341
2026-08-19T14:50:00+00:00,548.21,549.52,548.16,548.9,387
2026-08-19T14:55:00+00:00,548.9,556.4499999999985,548.74,555.8299999999984,395.5105206573491
2026-08-19T15:00:00+00:00,548.62,549.23,547.89,548.75,283
2026-08-19T15:05:00+00:00,548.75,549.49,547.83,547.84,373
2026-08-19T15:10:00+00:00,547.84,548.44,546.61,546.63,380
2026-08-19T15:15:00+00:00,546.63,548.37,546.61,548.27,312
2026-08-19T15:20:00+00:00,548.27,549.13,547.93,548.8,271
2026-08-19T15:25:00+00:00,548.8,550.28,548.8,549.77,383
2026-08-19T15:30:00+00:00,549.77,551.72,549.74,551.72,338
2026-08-19T15:35:00+00:00,551.72,551.97,550.73,550.96,337
2026-08-19T15:40:00+00:00,550.96,551.46,550.77,551.42,221
2026-08-19T15:45:00+00:00,551.42,553.08,551.42,552.25,278
2026-08-19T15:50:00+00:00,552.25,552.32,551.42,551.94,235
2026-08-19T15:55:00+00:00,551.94,552.07,551.34,551.69,276
2026-08-19T16:00:00+00:00,551.69,553.71,551.69,553.43,318
2026-08-19T16:05:00+00:00,553.43,553.65,552.73,553.09,189
2026-08-19T16:10:00+00:00,553.09,553.47,552.73,552.9,273
2026-08-19T16:15:00+00:00,552.9,553.49,552.73,552.83,238
2026-08-19T16:20:00+00:00,552.83,552.96,551.73,552.13,308
2026-08-19T16:25:00+00:00,552.13,552.25,551.34,551.98,209
2026-08-19T16:30:00+00:00,551.98,552.01,550.83,551.11,307
2026-08-19T16:35:00+00:00,551.11,551.18,550.77,550.77,183
2026-08-19T16:40:00+00:00,550.77,551.44,550.77,551.17,188
2026-08-19T16:45:00+00:00,551.17,551.86,551.04,551.82,170
2026-08-19T16:50:00+00:00,551.82,552.62,551.52,552.53,236
2026-08-19T16:55:00+00:00,552.53,552.77,552.23,552.6,185
2026-08-19T17:00:00+00:00,552.6,553.26,552.53,552.76,193
2026-08-19T17:05:00+00:00,552.76,552.99,552.09,552.38,288
2026-08-19T17:10:00+00:00,552.38,552.81,552.23,552.53,155
2026-08-19T17:15:00+00:00,552.53,552.75,551.96,551.99,193
2026-08-19T17:20:00+00:00,551.99,552.24,551.33,551.55,246
2026-08-19T17:25:00+00:00,551.55,552.97,551.34,552.9,294
2026-08-19T17:30:00+00:00,552.9,553.1,551.86,551.87,197
2026-08-19T17:35:00+00:00,551.87,551.96,551.33,551.64,160
2026-08-19T17:40:00+00:00,551.64,552.31,551.41,552.22,183
2026-08-19T17:45:00+00:00,552.22,552.46,551.73,551.93,127
2026-08-19T17:50:00+00:00,551.93,552.1,551.47,551.74,188
2026-08-19T17:55:00+00:00,551.74,552.06,551.73,551.75,159
2026-08-19T18:00:00+00:00,551.75,552.58,551.74,552.22,193
2026-08-19T18:05:00+00:00,552.22,552.34,550.61,550.73,268
2026-08-19T18:10:00+00:00,550.73,551.58,550.7,551.4,241
2026-08-19T18:15:00+00:00,551.4,551.43,549.48,549.58,274
2026-08-19T18:20:00+00:00,549.58,550.54,549.23,549.97,285
2026-08-19T18:25:00+00:00,549.97,550.44,549.73,549.75,269
2026-08-19T18:30:00+00:00,549.75,550.18,549.28,549.71,242
2026-08-19T18:35:00+00:00,549.71,550.45,549.54,549.99,265
2026-08-19T18:40:00+00:00,549.99,550.48,549.73,549.84,211
2026-08-19T18:45:00+00:00,549.84,550.42,549.73,550.42,238
2026-08-19T18:50:00+00:00,550.42,550.63,550.03,550.51,194
2026-08-19T18:55:00+00:00,550.51,551.26,550.39,550.95,240
2026-08-19T19:00:00+00:00,550.95,551.54,550.09,550.09,237
2026-08-19T19:05:00+00:00,550.09,550.69,550.09,550.45,204
2026-08-19T19:10:00+00:00,550.45,550.58,550.06,550.23,228
2026-08-19T19:15:00+00:00,550.23,550.41,549.98,550.17,193
2026-08-19T19:20:00+00:00,550.17,550.24,549.6,550.17,261
2026-08-19T19:25:00+00:00,550.17,550.28,547.88,548.16,310
2026-08-19T19:30:00+00:00,548.16,548.27,547.1,547.38,328
2026-08-19T19:35:00+00:00,547.38,547.54,546.03,546.33,325
2026-08-19T19:40:00+00:00,546.33,547.75,546.31,546.79,278
2026-08-19T19:45:00+00:00,546.79,546.98,545.73,545.96,321
2026-08-19T19:50:00+00:00,545.96,547.03,545.11,546.25,441
2026-08-19T19:55:00+00:00,546.25,546.37,544.77,546.16,1105
2026-08-20T13:30:00+00:00,546.16,546.46,543.33,544.54,843
2026-08-20T13:35:00+00:00,544.54,548.37,543.83,545.38,1023
2026-08-20T13:40:00+00:00,545.38,548.54,545.38,547.08,572
2026-08-20T13:45:00+00:00,547.08,549.36,546.49,546.74,610
2026-08-20T13:50:00+00:00,546.74,547.77,546.09,546.39,374
2026-08-20T13:55:00+00:00,546.39,547.59,546.39,547.14,442
2026-08-20T14:00:00+00:00,547.14,547.15,544.93,544.98,434
2026-08-20T14:05:00+00:00,544.98,546.5,543.88,545,563
2026-08-20T14:10:00+00:00,545,546.32,543.93,544.04,505
2026-08-20T14:15:00+00:00,544.04,544.69,542.83,543.29,450
2026-08-20T14:20:00+00:00,543.29,544.65,543.13,544.57,451
2026-08-20T14:25:00+00:00,544.57,544.67,543.37,544.04,413
2026-08-20T14:30:00+00:00,544.04,544.92,543.74,544.43,369
2026-08-20T14:35:00+00:00,544.43,546.77,544.43,546.42,400
2026-08-20T14:40:00+00:00,546.42,546.61,545.87,545.87,316
2026-08-20T14:45:00+00:00,545.87,546.54,544.91,545.22,330
2026-08-20T14:50:00+00:00,545.22,545.54,544.83,544.83,330
2026-08-20T14:55:00+00:00,544.83,545.49,544.48,544.58,265
2026-08-20T15:00:00+00:00,544.58,544.98,544.08,544.34,392
2026-08-20T15:05:00+00:00,544.34,544.4,541.95,542.28,426
2026-08-20T15:10:00+00:00,542.28,543.4,542.23,543.13,379
2026-08-20T15:15:00+00:00,543.13,543.45,541.61,543.2,657
2026-08-20T15:20:00+00:00,543.2,543.75,542.69,543.06,484
2026-08-20T15:25:00+00:00,543.06,543.76,542.98,543.54,425
2026-08-20T15:30:00+00:00,543.54,543.54,542.63,542.68,414
2026-08-20T15:35:00+00:00,542.68,542.76,541.95,542.6,269
2026-08-20T15:40:00+00:00,542.6,543.05,542.23,543.05,283
2026-08-20T15:45:00+00:00,543.05,543.61,542.89,543.61,374
2026-08-20T15:50:00+00:00,543.61,543.67,542.57,542.89,294
2026-08-20T15:55:00+00:00,542.89,543.09,542.28,542.33,331
2026-08-20T16:00:00+00:00,542.33,542.78,541.39,542.09,353
2026-08-20T16:05:00+00:00,542.09,542.98,541.98,542.76,231
2026-08-20T16:10:00+00:00,542.76,542.93,541.96,542,293
2026-08-20T16:15:00+00:00,542,542.31,541.73,542.08,204
2026-08-20T16:20:00+00:00,542.08,542.21,541.31,542.12,187
2026-08-20T16:25:00+00:00,542.12,543.11,542.12,542.82,218
2026-08-20T16:30:00+00:00,542.82,544.78,542.73,544.7,240
2026-08-20T16:35:00+00:00,544.7,545.45,544.43,545.23,215
2026-08-20T16:40:00+00:00,545.23,545.41,544.93,545.09,210
2026-08-20T16:45:00+00:00,545.09,545.32,543.61,543.61,262
2026-08-20T16:50:00+00:00,543.61,543.92,543.25,543.75,177
2026-08-20T16:55:00+00:00,543.75,543.85,542.82,542.99,214
2026-08-20T17:00:00+00:00,542.99,543,542.16,542.16,229
2026-08-20T17:05:00+00:00,542.16,543.28,541.96,543.28,248
2026-08-20T17:10:00+00:00,543.28,543.42,541.86,541.93,209
2026-08-20T17:15:00+00:00,541.93,541.94,541.03,541.16,230
2026-08-20T17:20:00+00:00,541.16,542.23,541.04,542.03,246
2026-08-20T17:25:00+00:00,542.03,542.03,541.68,541.84,222
2026-08-20T17:30:00+00:00,541.84,542.95,541.74,542.3,270
2026-08-20T17:35:00+00:00,542.3,542.3,541.53,541.61,241
2026-08-20T17:40:00+00:00,541.61,541.88,541.23,541.4,315
2026-08-20T17:45:00+00:00,541.4,542.17,541.26,542,220
2026-08-20T17:50:00+00:00,542,542.25,540.23,540.24,298
2026-08-20T17:55:00+00:00,540.24,540.85,539.96,540.18,306
2026-08-20T18:00:00+00:00,540.18,540.28,539.4,539.94,332
2026-08-20T18:05:00+00:00,539.94,540.05,539.55,539.73,277
2026-08-20T18:10:00+00:00,539.73,540.49,539.06,540.13,339
2026-08-20T18:15:00+00:00,540.13,540.58,539.73,540.39,272
2026-08-20T18:20:00+00:00,540.39,540.58,539.94,539.94,271
2026-08-20T18:25:00+00:00,539.94,540.65,539.93,540.61,226
2026-08-20T18:30:00+00:00,540.61,540.61,540.13,540.14,206
2026-08-20T18:35:00+00:00,540.14,540.61,540.13,540.46,249
2026-08-20T18:40:00+00:00,540.46,540.79,540.13,540.71,255
2026-08-20T18:45:00+00:00,540.71,540.71,540.13,540.44,358
2026-08-20T18:50:00+00:00,540.44,540.7,540.05,540.33,300
2026-08-20T18:55:00+00:00,540.33,540.65,539.93,539.95,299
2026-08-20T19:00:00+00:00,539.95,540.85,539.93,540.64,236
2026-08-20T19:05:00+00:00,540.64,540.79,540.5,540.65,278
2026-08-20T19:10:00+00:00,540.65,541.67,540.65,541.63,263
2026-08-20T19:15:00+00:00,541.63,542.06,541.24,541.24,241
2026-08-20T19:20:00+00:00,541.24,542.25,541.24,542.24,282
2026-08-20T19:25:00+00:00,542.24,542.51,541.73,542.23,329
2026-08-20T19:30:00+00:00,542.23,543.1,542.21,542.57,388
2026-08-20T19:35:00+00:00,542.57,543.32,542.55,542.94,329
2026-08-20T19:40:00+00:00,542.94,543.15,542.28,542.73,266
2026-08-20T19:45:00+00:00,542.73,544.85,542.47,544.67,319
2026-08-20T19:50:00+00:00,544.67,546.92,543.73,546.85,446
2026-08-20T19:55:00+00:00,546.85,547.49,544.25,545.62,964
2026-08-21T13:30:00+00:00,545.62,546.57,542.74,545.9,698
2026-08-21T13:35:00+00:00,545.9,549.41,545.8,548.94,691
2026-08-21T13:40:00+00:00,548.94,550.61,548.55,548.57,578
2026-08-21T13:45:00+00:00,548.57,551.04,548.13,551.04,458
2026-08-21T13:50:00+00:00,551.04,552.25,550.23,550.23,558
2026-08-21T13:55:00+00:00,550.23,550.25,548.73,549.45,382
2026-08-21T14:00:00+00:00,549.45,550.13,548.73,550.04,390
2026-08-21T14:05:00+00:00,550.04,550.9,549.23,550.43,444
2026-08-21T14:10:00+00:00,550.43,551.37,549.51,550.04,385
2026-08-21T14:15:00+00:00,550.04,550.52,549.73,549.83,236
2026-08-21T14:20:00+00:00,549.83,549.87,548.73,549.59,367
2026-08-21T14:25:00+00:00,549.59,550.13,549.04,549.05,219
2026-08-21T14:30:00+00:00,549.05,549.74,548.93,549.7,291
2026-08-21T14:35:00+00:00,549.7,550.41,549.21,549.43,299
2026-08-21T14:40:00+00:00,549.43,550.23,549.42,549.97,278
2026-08-21T14:45:00+00:00,549.97,550.21,549.23,549.83,251
2026-08-21T14:50:00+00:00,549.83,550.7,549.83,550.61,315
2026-08-21T14:55:00+00:00,550.61,559.5799999999984,550.61,559.3299999999984,409
2026-08-21T15:00:00+00:00,552.12,553.22,551.88,553.1,346
2026-08-21T15:05:00+00:00,553.1,553.52,550.74,550.81,314
2026-08-21T15:10:00+00:00,550.81,551.14,549.73,549.86,309
2026-08-21T15:15:00+00:00,549.86,550.25,549.12,550.25,281
2026-08-21T15:20:00+00:00,550.25,550.58,548.88,548.88,343
2026-08-21T15:25:00+00:00,548.88,549.39,548.54,549.24,293
2026-08-21T15:30:00+00:00,549.24,549.65,548.94,549.56,232
2026-08-21T15:35:00+00:00,549.56,549.6,548.73,548.78,237
2026-08-21T15:40:00+00:00,548.78,549.56,548.39,548.39,252
2026-08-21T15:45:00+00:00,548.39,548.51,547.59,547.62,222
2026-08-21T15:50:00+00:00,547.62,550.14,547.62,549.86,211
2026-08-21T15:55:00+00:00,549.86,550.38,549.38,549.5,216
2026-08-21T16:00:00+00:00,549.5,549.75,548.96,549.11,191
2026-08-21T16:05:00+00:00,549.11,549.44,548.61,549.28,231
2026-08-21T16:10:00+00:00,549.28,549.91,549.05,549.91,140
2026-08-21T16:15:00+00:00,549.91,550.04,549.55,549.58,216
2026-08-21T16:20:00+00:00,549.58,550.26,549.34,549.34,267
2026-08-21T16:25:00+00:00,549.34,550.71,549.34,550.25,249
2026-08-21T16:30:00+00:00,550.25,551.06,549.88,551.04,268
2026-08-21T16:35:00+00:00,551.04,552.13,550.86,551.87,181
2026-08-21T16:40:00+00:00,551.87,552.76,551.84,552.7,225
2026-08-21T16:45:00+00:00,552.7,552.7,552.23,552.31,208
2026-08-21T16:50:00+00:00,552.31,552.45,551.23,551.37,280
2026-08-21T16:55:00+00:00,551.37,551.85,550.85,551.74,283
2026-08-21T17:00:00+00:00,551.74,552.41,551.73,552.1,287
2026-08-21T17:05:00+00:00,552.1,552.5,551.73,552.22,211
2026-08-21T17:10:00+00:00,552.22,552.94,552.08,552.79,218
2026-08-21T17:15:00+00:00,552.79,553.16,552.54,552.57,211
2026-08-21T17:20:00+00:00,552.57,552.9,552.43,552.43,195
2026-08-21T17:25:00+00:00,552.43,552.69,551.76,551.76,218
2026-08-21T17:30:00+00:00,551.76,551.89,550.57,550.57,284
2026-08-21T17:35:00+00:00,550.57,550.57,549.36,549.44,328
2026-08-21T17:40:00+00:00,549.44,550.12,549.43,549.89,255
2026-08-21T17:45:00+00:00,549.89,550.14,549.62,549.63,212
2026-08-21T17:50:00+00:00,549.63,549.77,549.04,549.38,224
2026-08-21T17:55:00+00:00,549.38,549.85,549.3,549.34,199
2026-08-21T18:00:00+00:00,549.34,549.59,549.3,549.45,213
2026-08-21T18:05:00+00:00,549.45,549.51,548.65,548.91,283
2026-08-21T18:10:00+00:00,548.91,549.43,548.85,549.43,207
2026-08-21T18:15:00+00:00,549.43,549.43,548.73,549,201
2026-08-21T18:20:00+00:00,549,549.33,548.73,549.1,203
2026-08-21T18:25:00+00:00,549.1,549.14,548.74,548.75,230
2026-08-21T18:30:00+00:00,548.75,548.91,548.62,548.75,229
2026-08-21T18:35:00+00:00,548.75,549.04,548.73,548.9,178
2026-08-21T18:40:00+00:00,548.9,549.64,548.86,549.49,229
2026-08-21T18:45:00+00:00,549.49,549.95,549.37,549.84,211
2026-08-21T18:50:00+00:00,549.84,550.95,549.83,550.82,177
2026-08-21T18:55:00+00:00,550.82,551.28,550.63,550.85,230
2026-08-21T19:00:00+00:00,550.85,551.02,549.86,549.95,209
2026-08-21T19:05:00+00:00,549.95,550.11,549.13,549.43,276
2026-08-21T19:10:00+00:00,549.43,549.59,549.04,549.04,200
2026-08-21T19:15:00+00:00,549.04,549.75,548.93,549.73,208
2026-08-21T19:20:00+00:00,549.73,550.04,549.43,550.03,169
2026-08-21T19:25:00+00:00,550.03,550.8,549.97,550.28,306
2026-08-21T19:30:00+00:00,550.28,550.61,549.43,549.57,310
2026-08-21T19:35:00+00:00,549.57,549.87,549.23,549.56,207
2026-08-21T19:40:00+00:00,549.56,550.47,549.54,550.28,222
2026-08-21T19:45:00+00:00,550.28,550.8,550.13,550.53,234
2026-08-21T19:50:00+00:00,550.53,550.66,549.61,549.63,362
2026-08-21T19:55:00+00:00,549.63,550.1,548.74,549.6,626
2026-08-24T13:30:00+00:00,549.6,552.17,547.5,550.72,909
2026-08-24T13:35:00+00:00,550.72,551.89,549.75,551.04,772
2026-08-24T13:40:00+00:00,551.04,553.01,547.17,547.18,804
2026-08-24T13:45:00+00:00,547.18,551.08,546.05,549.54,680
2026-08-24T13:50:00+00:00,549.54,551.38,549,550.44,466
2026-08-24T13:55:00+00:00,550.44,551.68,549.43,551.27,402
2026-08-24T14:00:00+00:00,551.27,553.88,551,552.9,507
2026-08-24T14:05:00+00:00,552.9,552.97,549.73,550.6,377
2026-08-24T14:10:00+00:00,550.6,553.18,550.33,552.9,460
2026-08-24T14:15:00+00:00,552.9,553.05,551.46,551.91,369
2026-08-24T14:20:00+00:00,551.91,552.56,550.74,551.18,314
2026-08-24T14:25:00+00:00,551.18,552.38,550.73,551.46,336
2026-08-24T14:30:00+00:00,551.46,551.49,549.24,549.95,451
2026-08-24T14:35:00+00:00,549.95,550.53,549.65,550.24,290
2026-08-24T14:40:00+00:00,550.24,551.99,550.03,551.98,290
2026-08-24T14:45:00+00:00,551.98,553.09,551.67,552.74,310
2026-08-24T14:50:00+00:00,552.74,553.51,552.03,552.92,312
2026-08-24T14:55:00+00:00,552.92,553.64,552.05,552.75,287
2026-08-24T15:00:00+00:00,552.75,552.75,551.75,551.84,244
2026-08-24T15:05:00+00:00,551.84,553.43,551.84,553.35,220
2026-08-24T15:10:00+00:00,553.35,554.52,552.8,552.8,360
2026-08-24T15:15:00+00:00,552.8,553.99,552.5,553.48,215
2026-08-24T15:20:00+00:00,553.48,554.34,553.21,554.09,232
2026-08-24T15:25:00+00:00,554.09,556.21,554.07,555.79,451
2026-08-24T15:30:00+00:00,555.79,556.08,554.93,554.93,309
2026-08-24T15:35:00+00:00,554.93,556.62,554.6,556.3,297
2026-08-24T15:40:00+00:00,556.3,557.08,555.61,555.82,378
2026-08-24T15:45:00+00:00,555.82,555.82,554.43,554.88,213
2026-08-24T15:50:00+00:00,554.88,555.77,554.88,555.24,244
2026-08-24T15:55:00+00:00,555.24,555.77,554.92,555.02,237
2026-08-24T16:00:00+00:00,555.02,556.02,554.98,555.75,310
2026-08-24T16:05:00+00:00,555.75,556.27,555,555,244
2026-08-24T16:10:00+00:00,555,555.46,554.98,555.21,171
2026-08-24T16:15:00+00:00,555.21,555.47,554.88,555.34,208
2026-08-24T16:20:00+00:00,555.34,555.35,554.74,555.11,162
2026-08-24T16:25:00+00:00,555.11,555.37,554.58,554.96,200
2026-08-24T16:30:00+00:00,554.96,555.19,554.73,555.03,179
2026-08-24T16:35:00+00:00,555.03,555.08,554.51,554.55,211
2026-08-24T16:40:00+00:00,554.55,555.33,554.43,555.08,268
2026-08-24T16:45:00+00:00,555.08,556.88,555.07,556.76,271
2026-08-24T16:50:00+00:00,556.76,557.75,556.44,557.43,403
2026-08-24T16:55:00+00:00,557.43,557.71,556.75,557.44,298
2026-08-24T17:00:00+00:00,557.44,557.9,556.54,556.7,337
2026-08-24T17:05:00+00:00,556.7,558.09,556.69,557.88,324
2026-08-24T17:10:00+00:00,557.88,558.57,557.77,558.42,341
2026-08-24T17:15:00+00:00,558.42,558.67,557.88,558.26,341
2026-08-24T17:20:00+00:00,558.26,558.26,557.03,557.03,415
2026-08-24T17:25:00+00:00,557.03,557.5,556.73,557.38,298
2026-08-24T17:30:00+00:00,557.38,557.64,556.8,557.34,248
2026-08-24T17:35:00+00:00,557.34,558.35,557.07,558.34,271
2026-08-24T17:40:00+00:00,558.34,558.41,557.28,557.32,181
2026-08-24T17:45:00+00:00,557.32,557.55,557.18,557.25,190
2026-08-24T17:50:00+00:00,557.25,557.38,555.73,555.76,226
2026-08-24T17:55:00+00:00,555.76,556.52,555.73,555.78,222
2026-08-24T18:00:00+00:00,555.78,556.83,555.73,556.58,190
2026-08-24T18:05:00+00:00,556.58,557.59,556.49,557.54,211
2026-08-24T18:10:00+00:00,557.54,558.96,557.39,558.75,239
2026-08-24T18:15:00+00:00,558.75,559.07,558.01,558.89,253
2026-08-24T18:20:00+00:00,558.89,560.53,558.89,559.97,419
2026-08-24T18:25:00+00:00,559.97,560.31,559.29,559.85,313
2026-08-24T18:30:00+00:00,559.85,560.46,559.73,559.89,304
2026-08-24T18:35:00+00:00,559.89,560.23,559.53,559.86,278
2026-08-24T18:40:00+00:00,559.86,560.55,559.78,560.29,269
2026-08-24T18:45:00+00:00,560.29,560.29,559.83,560.06,265
2026-08-24T18:50:00+00:00,560.06,560.47,559.79,560.41,241
2026-08-24T18:55:00+00:00,560.41,560.42,559.74,559.82,228
2026-08-24T19:00:00+00:00,559.82,559.95,558.82,558.86,243
2026-08-24T19:05:00+00:00,558.86,559.9,558.84,559.74,285
2026-08-24T19:10:00+00:00,559.74,560.1,559.53,560.02,220
2026-08-24T19:15:00+00:00,560.02,560.15,558.58,558.74,252
2026-08-24T19:20:00+00:00,558.74,559.74,558.32,559.31,295
2026-08-24T19:25:00+00:00,559.31,559.75,559.16,559.34,231
2026-08-24T19:30:00+00:00,559.34,559.8,559.11,559.28,221
2026-08-24T19:35:00+00:00,559.28,559.77,558.73,559.44,279
2026-08-24T19:40:00+00:00,559.44,559.58,558.97,559.34,271
2026-08-24T19:45:00+00:00,559.34,560.41,559.23,560.27,285
2026-08-24T19:50:00+00:00,560.27,561.12,559.74,560.06,556
2026-08-24T19:55:00+00:00,560.06,560.06,558.44,559.15,773
2026-08-25T13:30:00+00:00,559.15,567.64,559.15,564.08,831
2026-08-25T13:35:00+00:00,564.08,568.09,564.06,566.51,1013
2026-08-25T13:40:00+00:00,566.51,567.71,565.74,566.81,587
2026-08-25T13:45:00+00:00,566.81,567.6,565.24,566.82,573
2026-08-25T13:50:00+00:00,566.82,567.34,564.74,564.79,407
2026-08-25T13:55:00+00:00,564.79,565.87,564.07,564.75,442
2026-08-25T14:00:00+00:00,564.75,565.03,562.37,562.41,385
2026-08-25T14:05:00+00:00,562.41,563.27,562.04,562.92,422
2026-08-25T14:10:00+00:00,562.92,563.82,562.77,563.48,324
2026-08-25T14:15:00+00:00,563.48,564.14,562.94,563.26,292
2026-08-25T14:20:00+00:00,563.26,563.53,561.88,562.43,363
2026-08-25T14:25:00+00:00,562.43,562.89,562.12,562.68,253
2026-08-25T14:30:00+00:00,562.68,564.45,561.43,563.78,546
2026-08-25T14:35:00+00:00,563.78,565.15,563.72,564.9,332
2026-08-25T14:40:00+00:00,564.9,565.04,563.97,564.48,282
2026-08-25T14:45:00+00:00,564.48,565.48,564.29,564.84,381
2026-08-25T14:50:00+00:00,564.84,565.04,564.42,564.73,253
2026-08-25T14:55:00+00:00,564.73,564.75,563.61,563.75,196
2026-08-25T15:00:00+00:00,563.75,563.87,563.04,563.48,273
2026-08-25T15:05:00+00:00,563.48,563.6,562.82,563.18,236
2026-08-25T15:10:00+00:00,563.18,563.18,561.13,562.21,336
2026-08-25T15:15:00+00:00,562.21,563.06,561.98,562.59,261
2026-08-25T15:20:00+00:00,562.59,563.07,561.97,562.1,250
2026-08-25T15:25:00+00:00,562.1,563.31,562.05,562.9,203
2026-08-25T15:30:00+00:00,562.9,563.46,562.83,563.23,286
2026-08-25T15:35:00+00:00,563.23,565.52,563.06,565.29,412
2026-08-25T15:40:00+00:00,565.29,565.88,565.1,565.49,326
2026-08-25T15:45:00+00:00,565.49,565.58,564.57,565.09,244
2026-08-25T15:50:00+00:00,565.09,565.88,564.94,565.74,215
2026-08-25T15:55:00+00:00,565.74,565.88,564.73,565.08,247
2026-08-25T16:00:00+00:00,565.08,565.36,564.27,564.66,166
2026-08-25T16:05:00+00:00,564.66,564.9,564.29,564.49,235
2026-08-25T16:10:00+00:00,564.49,564.88,564.29,564.75,237
2026-08-25T16:15:00+00:00,564.75,564.99,564.51,564.79,205
2026-08-25T16:20:00+00:00,564.79,565.82,564.36,565.48,180
2026-08-25T16:25:00+00:00,565.48,565.73,565.29,565.4,198
2026-08-25T16:30:00+00:00,565.4,565.4,563.83,564.76,224
2026-08-25T16:35:00+00:00,564.76,566.47,564.73,566.25,240
2026-08-25T16:40:00+00:00,566.25,566.59,564.85,565.04,217
2026-08-25T16:45:00+00:00,565.04,566.38,565.03,566.25,197
2026-08-25T16:50:00+00:00,566.25,566.85,565.53,566.38,209
2026-08-25T16:55:00+00:00,566.38,567.23,566.23,566.91,222
2026-08-25T17:00:00+00:00,566.91,567.16,566.24,566.99,204
2026-08-25T17:05:00+00:00,566.99,567.04,565.83,566.17,188
2026-08-25T17:10:00+00:00,566.17,566.23,565.39,565.8,184
2026-08-25T17:15:00+00:00,565.8,566.14,565.39,565.69,155
2026-08-25T17:20:00+00:00,565.69,565.78,565.33,565.33,158
2026-08-25T17:25:00+00:00,565.33,565.36,564.75,565.02,151
2026-08-25T17:30:00+00:00,565.02,565.48,564.74,564.74,268
2026-08-25T17:35:00+00:00,564.74,564.94,564.34,564.65,179
2026-08-25T17:40:00+00:00,564.65,564.82,564.23,564.35,138
2026-08-25T17:45:00+00:00,564.35,564.57,564.06,564.1,115
2026-08-25T17:50:00+00:00,564.1,564.27,563.48,564.09,184
2026-08-25T17:55:00+00:00,564.09,565.14,563.96,564.84,153
2026-08-25T18:00:00+00:00,564.84,565.52,564.81,565.52,108
2026-08-25T18:05:00+00:00,565.52,565.6,564.5,564.64,145
2026-08-25T18:10:00+00:00,564.64,564.98,564.58,564.58,115
2026-08-25T18:15:00+00:00,564.58,564.83,564.09,564.37,191
2026-08-25T18:20:00+00:00,564.37,564.83,563.98,564,105
2026-08-25T18:25:00+00:00,564,564.86,563.98,564.61,179
2026-08-25T18:30:00+00:00,564.61,565.15,564.34,564.78,103
2026-08-25T18:35:00+00:00,564.78,564.78,564.34,564.73,120
2026-08-25T18:40:00+00:00,564.73,565.02,564.53,564.99,139
2026-08-25T18:45:00+00:00,564.99,566,564.95,565.8,132
2026-08-25T18:50:00+00:00,565.8,565.86,565.26,565.54,140
2026-08-25T18:55:00+00:00,565.54,566.23,565.52,566.12,136
2026-08-25T19:00:00+00:00,566.12,566.59,565.84,565.89,162
2026-08-25T19:05:00+00:00,565.89,566.23,565.72,565.81,154
2026-08-25T19:10:00+00:00,565.81,565.86,565.42,565.62,159
2026-08-25T19:15:00+00:00,565.62,565.78,565.28,565.51,134
2026-08-25T19:20:00+00:00,565.51,565.85,565.26,565.49,189
2026-08-25T19:25:00+00:00,565.49,566.15,565.49,565.93,175
2026-08-25T19:30:00+00:00,565.93,567.08,565.93,567.08,235
2026-08-25T19:35:00+00:00,567.08,567.94,566.96,567.92,220
2026-08-25T19:40:00+00:00,567.92,570.42,567.83,569.53,518
2026-08-25T19:45:00+00:00,569.53,570.32,568.79,569.43,340
2026-08-25T19:50:00+00:00,569.43,569.43,567.98,568.49,314
2026-08-25T19:55:00+00:00,568.49,570.27,568.13,569.59,871
2026-08-26T13:30:00+00:00,569.59,592.56,569.59,582.19,1999
2026-08-26T13:35:00+00:00,582.19,582.42,564.15,565.42,2345
2026-08-26T13:40:00+00:00,565.42,568.41,561.48,563.52,2191
2026-08-26T13:45:00+00:00,563.52,569.09,562.93,568.73,1289
2026-08-26T13:50:00+00:00,568.73,569.84,565.53,565.87,1203
2026-08-26T13:55:00+00:00,565.87,572.37,565.78,572.06,1042
2026-08-26T14:00:00+00:00,572.06,575.1,571.78,574.8,1057
2026-08-26T14:05:00+00:00,574.8,575.48,570.89,570.94,885
2026-08-26T14:10:00+00:00,570.94,571.24,566.73,566.96,1014
2026-08-26T14:15:00+00:00,566.96,568.07,564.04,564.73,722
2026-08-26T14:20:00+00:00,564.73,569.84,564.42,569.75,636
2026-08-26T14:25:00+00:00,569.75,573.74,569.34,573.74,856
2026-08-26T14:30:00+00:00,573.74,574.04,570.53,572.49,797
2026-08-26T14:35:00+00:00,572.49,575.2,571.94,573.75,615
2026-08-26T14:40:00+00:00,573.75,576.53,573.42,576.35,775
2026-08-26T14:45:00+00:00,576.35,579.27,576.22,579.27,775
2026-08-26T14:50:00+00:00,579.27,587.12,579.19,583.05,1079
2026-08-26T14:55:00+00:00,583.05,592.5699999999985,581.93,591.7399999999984,841
2026-08-26T15:00:00+00:00,584.53,587.6,583.96,586.68,813
2026-08-26T15:05:00+00:00,586.68,588.42,586.45,587.12,841
2026-08-26T15:10:00+00:00,587.12,587.12,583.13,584.8,1012
2026-08-26T15:15:00+00:00,584.8,585.39,582.41,582.42,538
2026-08-26T15:20:00+00:00,582.42,583.82,581.25,581.46,554
2026-08-26T15:25:00+00:00,581.46,583.27,581.23,582.26,580
2026-08-26T15:30:00+00:00,582.26,582.57,579.93,580.48,522
2026-08-26T15:35:00+00:00,580.48,580.63,578.54,579.18,561
2026-08-26T15:40:00+00:00,579.18,581.53,578.53,578.73,591
2026-08-26T15:45:00+00:00,578.73,581.99,578.21,580.68,486
2026-08-26T15:50:00+00:00,580.68,581.2,577.28,577.55,530
2026-08-26T15:55:00+00:00,577.55,577.65,574.85,575.68,539
2026-08-26T16:00:00+00:00,575.68,577.31,573.93,577.06,439
2026-08-26T16:05:00+00:00,577.06,578.33,576.72,577.94,365
2026-08-26T16:10:00+00:00,577.94,578.74,577.33,577.35,306
2026-08-26T16:15:00+00:00,577.35,577.59,576.48,576.9,279
2026-08-26T16:20:00+00:00,576.9,577.29,575.09,575.85,350
2026-08-26T16:25:00+00:00,575.85,577.04,575.75,576.37,254
2026-08-26T16:30:00+00:00,576.37,577.52,576.24,577.13,268
2026-08-26T16:35:00+00:00,577.13,577.22,575.39,575.62,291
2026-08-26T16:40:00+00:00,575.62,576.11,575.07,575.53,309
2026-08-26T16:45:00+00:00,575.53,576.01,575.07,575.25,225
2026-08-26T16:50:00+00:00,575.25,575.3,574.53,575.08,254
2026-08-26T16:55:00+00:00,575.08,576.32,574.97,575.34,346
2026-08-26T17:00:00+00:00,575.34,576.01,574.36,575.34,280
2026-08-26T17:05:00+00:00,575.34,575.83,574.86,575.51,247
2026-08-26T17:10:00+00:00,575.51,576.41,574.73,575.8,266
2026-08-26T17:15:00+00:00,575.8,576.78,575.75,576.05,295
2026-08-26T17:20:00+00:00,576.05,577.43,575.88,577.24,306
2026-08-26T17:25:00+00:00,577.24,578.75,576.9,577.83,314
2026-08-26T17:30:00+00:00,577.83,578.23,576.91,577.01,279
2026-08-26T17:35:00+00:00,577.01,577.91,576.73,577.33,282
2026-08-26T17:40:00+00:00,577.33,578.44,577.24,578.03,198
2026-08-26T17:45:00+00:00,578.03,578.49,577.69,577.86,242
2026-08-26T17:50:00+00:00,577.86,578.55,577.73,578.55,178
2026-08-26T17:55:00+00:00,578.55,578.59,577.15,577.75,241
2026-08-26T18:00:00+00:00,577.75,578.73,577.7,578.1,216
2026-08-26T18:05:00+00:00,578.1,578.45,577.34,577.34,174
2026-08-26T18:10:00+00:00,577.34,577.58,576.09,576.45,305
2026-08-26T18:15:00+00:00,576.45,578.13,576.28,577.5,280
2026-08-26T18:20:00+00:00,577.5,578.46,576.73,576.73,260
2026-08-26T18:25:00+00:00,576.73,577.51,576.52,577.29,251
2026-08-26T18:30:00+00:00,577.29,578.11,577.27,577.82,210
2026-08-26T18:35:00+00:00,577.82,578.3,577.73,577.75,200
2026-08-26T18:40:00+00:00,577.75,579.31,577.63,579.1,282
2026-08-26T18:45:00+00:00,579.1,580.57,579.04,579.47,523
2026-08-26T18:50:00+00:00,579.47,579.65,578.84,579.53,345
2026-08-26T18:55:00+00:00,579.53,579.99,578.38,578.51,333
2026-08-26T19:00:00+00:00,578.51,580.37,578.21,580.31,362
2026-08-26T19:05:00+00:00,580.31,580.52,579.23,579.34,204
2026-08-26T19:10:00+00:00,579.34,579.34,577.48,577.56,322
2026-08-26T19:15:00+00:00,577.56,577.76,576.98,577.25,308
2026-08-26T19:20:00+00:00,577.25,577.45,576.69,577.06,282
2026-08-26T19:25:00+00:00,577.06,577.37,576.53,576.66,282
2026-08-26T19:30:00+00:00,576.66,577.44,576.12,577.23,435
2026-08-26T19:35:00+00:00,577.23,577.48,575.81,576.09,351
2026-08-26T19:40:00+00:00,576.09,576.36,575.53,576.29,296
2026-08-26T19:45:00+00:00,576.29,576.56,575.74,576.48,267
2026-08-26T19:50:00+00:00,576.48,577.06,575.73,575.9,506
2026-08-26T19:55:00+00:00,575.9,578.31,575.02,575.8,1035
2026-08-27T13:30:00+00:00,575.8,575.8,567.16,570.16,1072
2026-08-27T13:35:00+00:00,570.16,572.64,569.3,569.76,1025
2026-08-27T13:40:00+00:00,569.76,576.88,568.23,576.74,1022
2026-08-27T13:45:00+00:00,576.74,582.43,576.4,579.75,1318
2026-08-27T13:50:00+00:00,579.75,581.05,577.3,579.94,896
2026-08-27T13:55:00+00:00,579.94,582.55,579.73,581.93,760
2026-08-27T14:00:00+00:00,581.93,582.94,580.24,582.94,752
2026-08-27T14:05:00+00:00,582.94,586.22,582.58,585.96,934
2026-08-27T14:10:00+00:00,585.96,587.92,581.74,582.78,1033
2026-08-27T14:15:00+00:00,582.78,584.18,581.73,582,729
2026-08-27T14:20:00+00:00,582,582.57,578.82,579.27,703
2026-08-27T14:25:00+00:00,579.27,579.48,577.89,577.97,610
2026-08-27T14:30:00+00:00,577.97,578.25,574,574.9,722
2026-08-27T14:35:00+00:00,574.9,575.15,573.01,573.07,580
2026-08-27T14:40:00+00:00,573.07,573.07,570.87,571.87,556
2026-08-27T14:45:00+00:00,571.87,572.7,570.83,572.45,458
2026-08-27T14:50:00+00:00,572.45,572.52,570.16,570.73,464
2026-08-27T14:55:00+00:00,570.73,574.11,570.64,573.21,493
2026-08-27T15:00:00+00:00,573.21,573.26,570.93,571.84,505
2026-08-27T15:05:00+00:00,571.84,572.56,570.63,571.49,454
2026-08-27T15:10:00+00:00,571.49,571.93,571.14,571.65,327
2026-08-27T15:15:00+00:00,571.65,572.75,571.35,572.58,304
2026-08-27T15:20:00+00:00,572.58,572.58,570.63,570.63,360
2026-08-27T15:25:00+00:00,570.63,571.84,570.28,571.02,324
2026-08-27T15:30:00+00:00,571.02,571.15,570.05,570.87,323
2026-08-27T15:35:00+00:00,570.87,572.04,570.48,570.67,246
2026-08-27T15:40:00+00:00,570.67,571.63,570.54,570.95,235
2026-08-27T15:45:00+00:00,570.95,572.26,570.85,571.75,240
2026-08-27T15:50:00+00:00,571.75,573.2,571.73,573.02,225
2026-08-27T15:55:00+00:00,573.02,573.16,572.23,572.73,229
2026-08-27T16:00:00+00:00,572.73,573.24,572.25,572.79,206
2026-08-27T16:05:00+00:00,572.79,573.32,572.79,573.1,158
2026-08-27T16:10:00+00:00,573.1,573.5,572.74,573.33,163
2026-08-27T16:15:00+00:00,573.33,573.91,573.17,573.75,164
2026-08-27T16:20:00+00:00,573.75,573.75,572.74,573.24,190
2026-08-27T16:25:00+00:00,573.24,573.29,572.45,572.56,185
2026-08-27T16:30:00+00:00,572.56,572.58,571.93,572.1,255
2026-08-27T16:35:00+00:00,572.1,572.18,570.43,571.56,285
2026-08-27T16:40:00+00:00,571.56,572.05,569.42,570.57,271
2026-08-27T16:45:00+00:00,570.57,571.38,570.56,571.15,223
2026-08-27T16:50:00+00:00,571.15,571.15,570.73,570.86,192
2026-08-27T16:55:00+00:00,570.86,570.91,570.25,570.59,207
2026-08-27T17:00:00+00:00,570.59,571.59,570.48,571.19,222
2026-08-27T17:05:00+00:00,571.19,571.33,570.03,570.45,230
2026-08-27T17:10:00+00:00,570.45,571.25,570.18,571.12,260
2026-08-27T17:15:00+00:00,571.12,571.45,570.73,570.81,186
2026-08-27T17:20:00+00:00,570.81,571.05,570.38,570.48,153
2026-08-27T17:25:00+00:00,570.48,571.23,570.48,570.8,187
2026-08-27T17:30:00+00:00,570.8,570.8,570.43,570.61,157
2026-08-27T17:35:00+00:00,570.61,571.02,570.29,570.84,194
2026-08-27T17:40:00+00:00,570.84,571.46,570.74,571.04,203
2026-08-27T17:45:00+00:00,571.04,571.47,570.45,570.58,207
2026-08-27T17:50:00+00:00,570.58,570.78,569.48,569.88,315
2026-08-27T17:55:00+00:00,569.88,569.88,569.23,569.78,241
2026-08-27T18:00:00+00:00,569.78,570.13,569.23,569.73,235
2026-08-27T18:05:00+00:00,569.73,569.94,569,569.38,187
2026-08-27T18:10:00+00:00,569.38,569.41,568.48,568.67,255
2026-08-27T18:15:00+00:00,568.67,569.4,568.62,569.4,196
2026-08-27T18:20:00+00:00,569.4,569.53,568.91,569.07,187
2026-08-27T18:25:00+00:00,569.07,569.14,567.74,568.77,283
2026-08-27T18:30:00+00:00,568.77,569.45,568.28,568.91,250
2026-08-27T18:35:00+00:00,568.91,569.23,568.48,569.03,160
2026-08-27T18:40:00+00:00,569.03,569.57,569.03,569.4,191
2026-08-27T18:45:00+00:00,569.4,569.4,568.64,568.82,227
2026-08-27T18:50:00+00:00,568.82,569,568.53,568.64,217
2026-08-27T18:55:00+00:00,568.64,569.37,568.53,569.05,193
2026-08-27T19:00:00+00:00,569.05,569.27,568.83,569.17,171
2026-08-27T19:05:00+00:00,569.17,569.87,568.79,569.61,199
2026-08-27T19:10:00+00:00,569.61,570.47,569.54,570.2,253
2026-08-27T19:15:00+00:00,570.2,570.35,569.38,569.54,220
2026-08-27T19:20:00+00:00,569.54,569.54,568.35,568.53,264
2026-08-27T19:25:00+00:00,568.53,569.07,568.35,569.06,330
2026-08-27T19:30:00+00:00,569.06,569.56,568.73,568.9,375
2026-08-27T19:35:00+00:00,568.9,568.97,568.44,568.67,327
2026-08-27T19:40:00+00:00,568.67,569.14,568.47,568.95,223
2026-08-27T19:45:00+00:00,568.95,569.27,568.73,569.05,299
2026-08-27T19:50:00+00:00,569.05,570.38,568.43,570.19,361
2026-08-27T19:55:00+00:00,570.19,571.5,569.81,570.86,1048
2026-08-28T13:30:00+00:00,570.86,578.46,570.24,576.8,916
2026-08-28T13:35:00+00:00,576.8,580.14,575.87,578.88,905
2026-08-28T13:40:00+00:00,578.88,583.82,578.45,583.36,678
2026-08-28T13:45:00+00:00,583.36,583.36,578.53,578.86,794
2026-08-28T13:50:00+00:00,578.86,581.15,577.96,578.81,617
2026-08-28T13:55:00+00:00,578.81,581.54,578.8,580.1,474
2026-08-28T14:00:00+00:00,580.1,582.99,578.98,580.94,691
2026-08-28T14:05:00+00:00,580.94,581.39,578.63,579.66,754
2026-08-28T14:10:00+00:00,579.66,580.41,578.64,579.01,455
2026-08-28T14:15:00+00:00,579.01,579.62,578.48,579.15,488
2026-08-28T14:20:00+00:00,579.15,580.56,578.73,579.05,477
2026-08-28T14:25:00+00:00,579.05,579.05,575.76,576.74,618
2026-08-28T14:30:00+00:00,576.74,576.83,574.23,574.66,580
2026-08-28T14:35:00+00:00,574.66,577.85,573.94,576.57,642
2026-08-28T14:40:00+00:00,576.57,580.38,576.55,580.34,431
2026-08-28T14:45:00+00:00,580.34,585.34,579.98,585.34,592
2026-08-28T14:50:00+00:00,585.34,588.78,584.87,587.38,761
2026-08-28T14:55:00+00:00,587.38,587.75,584.22,584.34,610
2026-08-28T15:00:00+00:00,584.34,586.24,583.44,586.23,549
2026-08-28T15:05:00+00:00,586.23,587.27,584.99,585.57,472
2026-08-28T15:10:00+00:00,585.57,586.04,583.28,583.29,369
2026-08-28T15:15:00+00:00,583.29,584.54,582.95,582.96,619
2026-08-28T15:20:00+00:00,582.96,584.42,582.94,583.98,403
2026-08-28T15:25:00+00:00,583.98,585.74,583.81,584.27,388
2026-08-28T15:30:00+00:00,584.27,584.69,583.57,583.78,386
2026-08-28T15:35:00+00:00,583.78,584.02,582.23,582.41,432
2026-08-28T15:40:00+00:00,582.41,583,579.93,580.09,587
2026-08-28T15:45:00+00:00,580.09,580.35,577.74,577.95,426
2026-08-28T15:50:00+00:00,577.95,578.23,575.39,576.09,482
2026-08-28T15:55:00+00:00,576.09,576.3,574.75,574.98,412
2026-08-28T16:00:00+00:00,574.98,576.09,574.13,575.25,480
2026-08-28T16:05:00+00:00,575.25,576.47,575.1,575.25,322
2026-08-28T16:10:00+00:00,575.25,576.13,574.75,575.74,403
2026-08-28T16:15:00+00:00,575.74,576.17,574.53,574.84,411
2026-08-28T16:20:00+00:00,574.84,575.3,572.98,573.23,371
2026-08-28T16:25:00+00:00,573.23,574.87,572.98,574.72,256
2026-08-28T16:30:00+00:00,574.72,575.85,574.23,574.49,299
2026-08-28T16:35:00+00:00,574.49,575.86,574.49,575.03,241
2026-08-28T16:40:00+00:00,575.03,575.67,574.53,574.75,185
2026-08-28T16:45:00+00:00,574.75,576.1,574.74,575.58,294
2026-08-28T16:50:00+00:00,575.58,575.59,574.48,574.5,215
2026-08-28T16:55:00+00:00,574.5,575.11,574.48,574.81,182
2026-08-28T17:00:00+00:00,574.81,575.21,573.76,574.89,306
2026-08-28T17:05:00+00:00,574.89,575.29,574.38,574.49,197
2026-08-28T17:10:00+00:00,574.49,575.27,574.35,575.07,160
2026-08-28T17:15:00+00:00,575.07,575.5,574.68,575.06,233
2026-08-28T17:20:00+00:00,575.06,576.2,574.36,576.08,277
2026-08-28T17:25:00+00:00,576.08,576.49,575.17,575.37,260
2026-08-28T17:30:00+00:00,575.37,576.44,575.37,576.35,264
2026-08-28T17:35:00+00:00,576.35,576.36,574.94,574.94,179
2026-08-28T17:40:00+00:00,574.94,575.81,574.93,575.55,180
2026-08-28T17:45:00+00:00,575.55,575.7,574.95,575.5,167
2026-08-28T17:50:00+00:00,575.5,575.6,575.05,575.36,216
2026-08-28T17:55:00+00:00,575.36,575.47,574.73,575.39,163
2026-08-28T18:00:00+00:00,575.39,576.58,575.39,576.06,223
2026-08-28T18:05:00+00:00,576.06,576.82,575.99,576.52,294
2026-08-28T18:10:00+00:00,576.52,576.87,575.6,575.6,212
2026-08-28T18:15:00+00:00,575.6,575.77,574.53,574.65,226
2026-08-28T18:20:00+00:00,574.65,574.93,573.75,574.53,207
2026-08-28T18:25:00+00:00,574.53,574.75,573.75,574.21,265
2026-08-28T18:30:00+00:00,574.21,575.44,573.89,575.16,208
2026-08-28T18:35:00+00:00,575.16,576.88,574.94,576.46,246
2026-08-28T18:40:00+00:00,576.46,576.89,575.98,576.8,282
2026-08-28T18:45:00+00:00,576.8,577.09,574.73,574.73,298
2026-08-28T18:50:00+00:00,574.73,574.73,573.98,574.3,244
2026-08-28T18:55:00+00:00,574.3,574.47,573.53,573.53,179
2026-08-28T19:00:00+00:00,573.53,575.88,573.53,575.55,299
2026-08-28T19:05:00+00:00,575.55,577.27,575.42,577.26,280
2026-08-28T19:10:00+00:00,577.26,577.34,576.29,576.48,254
2026-08-28T19:15:00+00:00,576.48,576.75,575.49,575.5,250
2026-08-28T19:20:00+00:00,575.5,577.19,575.49,576.66,204
2026-08-28T19:25:00+00:00,576.66,577.08,576.49,576.93,185
2026-08-28T19:30:00+00:00,576.93,577.05,576.23,576.24,223
2026-08-28T19:35:00+00:00,576.24,577.04,576.17,577,168
2026-08-28T19:40:00+00:00,577,577.03,575.56,575.81,224
2026-08-28T19:45:00+00:00,575.81,575.89,575.01,575.26,348
2026-08-28T19:50:00+00:00,575.26,577.5,575.26,577.41,414
2026-08-28T19:55:00+00:00,577.41,578.55,576.58,578,833
2026-08-31T13:30:00+00:00,578,578,571.73,572.06,836
2026-08-31T13:35:00+00:00,572.06,575.54,571.33,574.93,679
2026-08-31T13:40:00+00:00,574.93,575.16,570.73,571.34,593
2026-08-31T13:45:00+00:00,571.34,574.15,571.07,572.88,507
2026-08-31T13:50:00+00:00,572.88,574.33,572.39,573.1,428
2026-08-31T13:55:00+00:00,573.1,573.66,571.53,572,389
2026-08-31T14:00:00+00:00,572,572.08,570.37,570.41,504
2026-08-31T14:05:00+00:00,570.41,570.64,568.94,569.12,401
2026-08-31T14:10:00+00:00,569.12,571.04,568.73,570.58,389
2026-08-31T14:15:00+00:00,570.58,571.96,570.31,571.74,372
2026-08-31T14:20:00+00:00,571.74,571.93,570.03,570.25,382
2026-08-31T14:25:00+00:00,570.25,570.73,569.41,569.75,302
2026-08-31T14:30:00+00:00,569.75,570.43,569.61,569.79,281
2026-08-31T14:35:00+00:00,569.79,570.81,569.43,570.6,272
2026-08-31T14:40:00+00:00,570.6,571.39,570.48,570.56,300
2026-08-31T14:45:00+00:00,570.56,570.89,570.23,570.43,258
2026-08-31T14:50:00+00:00,570.43,570.46,569.03,569.18,279
2026-08-31T14:55:00+00:00,569.18,571.47,569.15,570.88,313
2026-08-31T15:00:00+00:00,570.88,572.03,570.53,571.82,254
2026-08-31T15:05:00+00:00,571.82,572.11,570.93,571.49,252
2026-08-31T15:10:00+00:00,571.49,572.81,571.49,572.02,245
2026-08-31T15:15:00+00:00,572.02,572.46,571.73,571.81,198
2026-08-31T15:20:00+00:00,571.81,572.48,571.73,572.36,206
2026-08-31T15:25:00+00:00,572.36,572.46,571.23,571.25,229
2026-08-31T15:30:00+00:00,571.25,571.26,570.24,570.84,244
2026-08-31T15:35:00+00:00,570.84,571.38,570.68,570.98,193
2026-08-31T15:40:00+00:00,570.98,571.7,570.89,571.51,163
2026-08-31T15:45:00+00:00,571.51,571.79,571.09,571.11,140
2026-08-31T15:50:00+00:00,571.11,571.95,571.11,571.68,195
2026-08-31T15:55:00+00:00,571.68,571.73,570.74,570.76,171
2026-08-31T16:00:00+00:00,570.76,570.76,570.26,570.34,191
2026-08-31T16:05:00+00:00,570.34,570.65,570.03,570.64,204
2026-08-31T16:10:00+00:00,570.64,571.18,570.43,570.91,153
2026-08-31T16:15:00+00:00,570.91,571.32,570.58,570.9,199
2026-08-31T16:20:00+00:00,570.9,571.18,570.43,570.45,150
2026-08-31T16:25:00+00:00,570.45,570.8,570.38,570.44,177
2026-08-31T16:30:00+00:00,570.44,570.66,570.24,570.39,165
2026-08-31T16:35:00+00:00,570.39,571.4,570.3,570.53,186
2026-08-31T16:40:00+00:00,570.53,571.18,570.43,570.76,106
2026-08-31T16:45:00+00:00,570.76,571.13,570.66,570.66,153
2026-08-31T16:50:00+00:00,570.66,570.91,570.51,570.64,129
2026-08-31T16:55:00+00:00,570.64,571.15,570.6,571.07,183
2026-08-31T17:00:00+00:00,571.07,571.18,570.75,571.12,160
2026-08-31T17:05:00+00:00,571.12,571.68,570.02,570.23,236
2026-08-31T17:10:00+00:00,570.23,571.1,570.23,571.05,140
2026-08-31T17:15:00+00:00,571.05,571.51,570.91,571.21,241
2026-08-31T17:20:00+00:00,571.21,571.43,570.88,571.37,225
2026-08-31T17:25:00+00:00,571.37,571.43,570.51,570.59,213
2026-08-31T17:30:00+00:00,570.59,570.91,570.49,570.87,204
2026-08-31T17:35:00+00:00,570.87,571.59,570.86,571.48,234
2026-08-31T17:40:00+00:00,571.48,571.72,571.31,571.49,138
2026-08-31T17:45:00+00:00,571.49,571.59,571.23,571.36,115
2026-08-31T17:50:00+00:00,571.36,571.98,571.36,571.6,182
2026-08-31T17:55:00+00:00,571.6,571.73,571.12,571.36,111
2026-08-31T18:00:00+00:00,571.36,571.63,570.74,571.34,176
2026-08-31T18:05:00+00:00,571.34,571.65,570.73,571.53,220
2026-08-31T18:10:00+00:00,571.53,571.55,570.96,571.32,153
2026-08-31T18:15:00+00:00,571.32,573.82,571.31,572.84,373
2026-08-31T18:20:00+00:00,572.84,572.84,571.54,571.55,182
2026-08-31T18:25:00+00:00,571.55,571.67,570.85,571.35,226
2026-08-31T18:30:00+00:00,571.35,571.38,570.75,571.04,181
2026-08-31T18:35:00+00:00,571.04,571.58,570.99,571.28,154
2026-08-31T18:40:00+00:00,571.28,571.32,570.8,571.03,141
2026-08-31T18:45:00+00:00,571.03,571.04,570.33,570.62,151
2026-08-31T18:50:00+00:00,570.62,570.99,570.33,570.76,151
2026-08-31T18:55:00+00:00,570.76,571.53,570.69,571.04,227
2026-08-31T19:00:00+00:00,571.04,574.57,571.02,573.41,723
2026-08-31T19:05:00+00:00,573.41,575.83,573.03,575.35,361
2026-08-31T19:10:00+00:00,575.35,575.7,573.63,573.82,235
2026-08-31T19:15:00+00:00,573.82,574.33,572.53,572.56,208
2026-08-31T19:20:00+00:00,572.56,572.57,571.84,572.01,219
2026-08-31T19:25:00+00:00,572.01,572.62,571.85,572.5,187
2026-08-31T19:30:00+00:00,572.5,572.63,571.73,572.13,192
2026-08-31T19:35:00+00:00,572.13,572.47,571.73,572.16,267
2026-08-31T19:40:00+00:00,572.16,573.06,571.93,572.8,266
2026-08-31T19:45:00+00:00,572.8,573.7,572.29,573.69,343
2026-08-31T19:50:00+00:00,573.69,574.78,573.04,573.78,487
2026-08-31T19:55:00+00:00,573.78,573.85,570.94,571.92,946
2026-09-01T13:30:00+00:00,571.92,571.92,555.83,562.22,1203
2026-09-01T13:35:00+00:00,562.22,563.35,561.5,561.78,752
2026-09-01T13:40:00+00:00,561.78,565.88,561.21,565.37,704
2026-09-01T13:45:00+00:00,565.37,567.28,564.73,566.38,658
2026-09-01T13:50:00+00:00,566.38,566.95,565.77,566.76,348
2026-09-01T13:55:00+00:00,566.76,567.91,566.08,566.25,395
2026-09-01T14:00:00+00:00,566.25,567.83,565.23,565.73,483
2026-09-01T14:05:00+00:00,565.73,567.47,565.59,567.03,304
2026-09-01T14:10:00+00:00,567.03,567.34,566.53,567.07,316
2026-09-01T14:15:00+00:00,567.07,568.07,566.79,568.03,353
2026-09-01T14:20:00+00:00,568.03,569.27,567.73,569.1,348
2026-09-01T14:25:00+00:00,569.1,569.88,568.73,569.25,372
2026-09-01T14:30:00+00:00,569.25,572.75,569.23,572.63,375
2026-09-01T14:35:00+00:00,572.63,574.77,572.17,573.83,480
2026-09-01T14:40:00+00:00,573.83,575.27,573.83,574.59,346
2026-09-01T14:45:00+00:00,574.59,576.2,574.08,575.82,416
2026-09-01T14:50:00+00:00,575.82,577.2,575.32,576.73,481
2026-09-01T14:55:00+00:00,576.73,579.14,576.25,577.65,530
2026-09-01T15:00:00+00:00,577.65,579.08,576.86,577.34,628
2026-09-01T15:05:00+00:00,577.34,577.62,575.5,576.18,451
2026-09-01T15:10:00+00:00,576.18,580.49,576.11,579.61,529
2026-09-01T15:15:00+00:00,579.61,580.89,578.67,578.68,469
2026-09-01T15:20:00+00:00,578.68,579.56,577.86,578.6,321
2026-09-01T15:25:00+00:00,578.6,578.71,577.53,578.15,260
2026-09-01T15:30:00+00:00,578.15,579.9,578.01,579.62,357
2026-09-01T15:35:00+00:00,579.62,581.33,579.51,581.32,348
2026-09-01T15:40:00+00:00,581.32,581.35,578.73,578.84,301
2026-09-01T15:45:00+00:00,578.84,581.19,578.83,580.85,368
2026-09-01T15:50:00+00:00,580.85,582.47,580.23,582.1,474
2026-09-01T15:55:00+00:00,582.1,582.6,581.18,582.39,406
2026-09-01T16:00:00+00:00,582.39,583.08,580.23,580.28,338
2026-09-01T16:05:00+00:00,580.28,581.21,579.22,579.22,315
2026-09-01T16:10:00+00:00,579.22,579.39,578.13,578.13,212
2026-09-01T16:15:00+00:00,578.13,578.29,577.73,577.96,155
2026-09-01T16:20:00+00:00,577.96,581.13,577.73,578.85,427
2026-09-01T16:25:00+00:00,578.85,580.16,578.57,579.73,331
2026-09-01T16:30:00+00:00,579.73,580.83,579.48,580.33,253
2026-09-01T16:35:00+00:00,580.33,580.98,579.97,580.5,247
2026-09-01T16:40:00+00:00,580.5,580.88,578.46,578.64,208
2026-09-01T16:45:00+00:00,578.64,579.82,578.09,579.74,213
2026-09-01T16:50:00+00:00,579.74,580.42,579.06,579.55,194
2026-09-01T16:55:00+00:00,579.55,581.06,579.53,580.21,157
2026-09-01T17:00:00+00:00,580.21,580.59,579.62,579.63,253
2026-09-01T17:05:00+00:00,579.63,580.14,579.53,579.87,165
2026-09-01T17:10:00+00:00,579.87,581,579.61,580.61,205
2026-09-01T17:15:00+00:00,580.61,581.9,580.12,580.64,384
2026-09-01T17:20:00+00:00,580.64,581.28,579.99,580.38,170
2026-09-01T17:25:00+00:00,580.38,580.44,579.23,579.75,263
2026-09-01T17:30:00+00:00,579.75,580.91,579.67,580.39,190
2026-09-01T17:35:00+00:00,580.39,580.92,580.18,580.73,168
2026-09-01T17:40:00+00:00,580.73,581.84,580.44,581.54,205
2026-09-01T17:45:00+00:00,581.54,581.77,580.14,580.4,142
2026-09-01T17:50:00+00:00,580.4,581.91,580.39,581.89,225
2026-09-01T17:55:00+00:00,581.89,583.93,581.8,583.92,355
2026-09-01T18:00:00+00:00,583.92,584.35,582.76,583.42,249
2026-09-01T18:05:00+00:00,583.42,583.7,581.8,581.81,246
2026-09-01T18:10:00+00:00,581.81,582.04,581.26,582.03,313
2026-09-01T18:15:00+00:00,582.03,582.46,581.45,581.97,204
2026-09-01T18:20:00+00:00,581.97,582.83,581.73,582.83,234
2026-09-01T18:25:00+00:00,582.83,582.83,580.24,580.91,233
2026-09-01T18:30:00+00:00,580.91,581.25,580.31,580.69,231
2026-09-01T18:35:00+00:00,580.69,580.89,578.15,578.23,296
2026-09-01T18:40:00+00:00,578.23,578.5,576.77,576.77,223
2026-09-01T18:45:00+00:00,576.77,577.29,575.85,577.22,272
2026-09-01T18:50:00+00:00,577.22,577.43,575.96,576.44,212
2026-09-01T18:55:00+00:00,576.44,577.75,576.43,577.08,297
2026-09-01T19:00:00+00:00,577.08,577.43,575.85,576.48,237
2026-09-01T19:05:00+00:00,576.48,577.55,576.46,577.3,238
2026-09-01T19:10:00+00:00,577.3,577.53,576.73,577.18,205
2026-09-01T19:15:00+00:00,577.18,578.59,576.9,578.59,244
2026-09-01T19:20:00+00:00,578.59,580.12,578.06,580,262
2026-09-01T19:25:00+00:00,580,580.52,579.27,580.43,206
2026-09-01T19:30:00+00:00,580.43,580.58,577.75,579.25,320
2026-09-01T19:35:00+00:00,579.25,580.1,578.8,579.31,293
2026-09-01T19:40:00+00:00,579.31,579.75,577.75,578.78,279
2026-09-01T19:45:00+00:00,578.78,579.57,578.12,578.99,271
2026-09-01T19:50:00+00:00,578.99,580.02,577.88,579.19,468
2026-09-01T19:55:00+00:00,579.19,579.31,576.74,578.11,929
2026-09-02T13:30:00+00:00,578.11,587.86,575.96,587.16,1088
2026-09-02T13:35:00+00:00,587.16,588.83,585.08,585.39,1148
2026-09-02T13:40:00+00:00,585.39,587.68,585.24,586.72,785
2026-09-02T13:45:00+00:00,586.72,590.95,586.47,590.43,834
2026-09-02T13:50:00+00:00,590.43,593.71,590.42,590.69,706
2026-09-02T13:55:00+00:00,590.69,593.5,590.24,593.5,745
2026-09-02T14:00:00+00:00,593.5,597.5,591.4,596.53,966
2026-09-02T14:05:00+00:00,596.53,598.91,595.94,597.75,740
2026-09-02T14:10:00+00:00,597.75,599.79,596.74,598.3,743
2026-09-02T14:15:00+00:00,598.3,598.54,593.14,593.54,651
2026-09-02T14:20:00+00:00,593.54,595.9,592.34,594.57,561
2026-09-02T14:25:00+00:00,594.57,595.42,593.74,594.66,512
2026-09-02T14:30:00+00:00,594.66,596.19,594.18,595.94,629
2026-09-02T14:35:00+00:00,595.94,597.41,595.02,595.55,552
2026-09-02T14:40:00+00:00,595.55,597.19,595.14,596.87,438
2026-09-02T14:45:00+00:00,596.87,598.63,596.84,598.16,447
2026-09-02T14:50:00+00:00,598.16,598.57,595.56,595.78,510
2026-09-02T14:55:00+00:00,595.78,596.88,595.55,596.3,302
2026-09-02T15:00:00+00:00,595.55,595.69,594.53,595.01,349
2026-09-02T15:05:00+00:00,595.01,595.86,593.73,594.03,316
2026-09-02T15:10:00+00:00,594.03,594.49,593.18,593.91,294
2026-09-02T15:15:00+00:00,593.91,595.24,592.89,594.96,387
2026-09-02T15:20:00+00:00,594.96,595.57,593.65,595.44,359
2026-09-02T15:25:00+00:00,595.44,596.8,595.23,596.53,331
2026-09-02T15:30:00+00:00,596.53,596.66,594.73,594.81,326
2026-09-02T15:35:00+00:00,594.81,595.23,593.01,593.4,325
2026-09-02T15:40:00+00:00,593.4,593.47,592.77,592.85,411
2026-09-02T15:45:00+00:00,592.85,592.85,591.44,591.69,416
2026-09-02T15:50:00+00:00,591.69,592.7,591.61,591.73,323
2026-09-02T15:55:00+00:00,591.73,592.68,591.6,592.14,215
2026-09-02T16:00:00+00:00,592.14,593.04,591.68,593.03,297
2026-09-02T16:05:00+00:00,593.03,593.12,592.33,592.34,372
2026-09-02T16:10:00+00:00,592.34,593.59,592.11,593.31,306
2026-09-02T16:15:00+00:00,593.31,593.74,592.95,593.57,344
2026-09-02T16:20:00+00:00,593.57,593.66,590.91,591.73,410
2026-09-02T16:25:00+00:00,591.73,591.92,591.34,591.79,239
2026-09-02T16:30:00+00:00,591.79,592.81,591.77,592.48,273
2026-09-02T16:35:00+00:00,592.48,593.19,592.17,592.7,183
2026-09-02T16:40:00+00:00,592.7,592.89,592.12,592.59,322
2026-09-02T16:45:00+00:00,592.59,593.75,592.51,593.66,268
2026-09-02T16:50:00+00:00,593.66,595.45,593.55,594.86,318
2026-09-02T16:55:00+00:00,594.86,595.2,593.91,594.48,233
2026-09-02T17:00:00+00:00,594.48,595.15,594.24,594.46,233
2026-09-02T17:05:00+00:00,594.46,594.69,591.88,592,274
2026-09-02T17:10:00+00:00,592,592.17,591.45,591.91,306
2026-09-02T17:15:00+00:00,591.91,592.71,591.87,591.94,282
2026-09-02T17:20:00+00:00,591.94,593.16,591.93,593.03,151
2026-09-02T17:25:00+00:00,593.03,593.21,592.16,592.24,229
2026-09-02T17:30:00+00:00,592.24,592.8,591.74,591.79,218
2026-09-02T17:35:00+00:00,591.79,592.29,591.73,591.97,171
2026-09-02T17:40:00+00:00,591.97,592.28,591.73,592.28,193
2026-09-02T17:45:00+00:00,592.28,592.42,591.81,592.01,320
2026-09-02T17:50:00+00:00,592.01,592.16,591.33,591.77,212
2026-09-02T17:55:00+00:00,591.77,592.29,591.33,591.95,252
2026-09-02T18:00:00+00:00,591.95,592.07,591.13,591.27,226
2026-09-02T18:05:00+00:00,591.27,592.87,591.15,592.87,279
2026-09-02T18:10:00+00:00,592.87,592.94,591.87,592.07,190
2026-09-02T18:15:00+00:00,592.07,594.22,592.06,593.61,285
2026-09-02T18:20:00+00:00,593.61,593.94,592.81,592.9,210
2026-09-02T18:25:00+00:00,592.9,593.01,591.79,592.62,246
2026-09-02T18:30:00+00:00,592.62,592.81,592.04,592.04,186
2026-09-02T18:35:00+00:00,592.04,592.3,591.17,591.6,207
2026-09-02T18:40:00+00:00,591.6,591.77,590.84,591.75,203
2026-09-02T18:45:00+00:00,591.75,591.9,590.47,591.1,234
2026-09-02T18:50:00+00:00,591.1,591.22,590.55,590.8,282
2026-09-02T18:55:00+00:00,590.8,591.21,590.65,590.78,213
2026-09-02T19:00:00+00:00,590.78,594.81,590.44,593.38,542
2026-09-02T19:05:00+00:00,593.38,594.65,592.11,594.57,398
2026-09-02T19:10:00+00:00,594.57,596.07,593.93,595.98,382
2026-09-02T19:15:00+00:00,595.98,596.25,594.98,595.64,358
2026-09-02T19:20:00+00:00,595.64,595.79,594.56,594.64,287
2026-09-02T19:25:00+00:00,594.64,595.39,594.01,594.03,313
2026-09-02T19:30:00+00:00,594.03,594.05,592.73,592.97,289
2026-09-02T19:35:00+00:00,592.97,592.97,592.16,592.16,306
2026-09-02T19:40:00+00:00,592.16,593.04,591.96,592.67,401
2026-09-02T19:45:00+00:00,592.67,593.97,592.23,593.66,397
2026-09-02T19:50:00+00:00,593.66,593.66,591.23,591.27,335
2026-09-02T19:55:00+00:00,591.27,593,590.88,592.89,716
2026-09-03T13:30:00+00:00,592.89,618.42,592.89,615.29,1613
2026-09-03T13:35:00+00:00,615.29,618.99,614.07,617.87,1187
2026-09-03T13:40:00+00:00,617.87,618.32,614.15,616.89,711
2026-09-03T13:45:00+00:00,616.89,618.83,614.91,615.16,734
2026-09-03T13:50:00+00:00,615.16,617.57,614.73,616.09,619
2026-09-03T13:55:00+00:00,616.09,616.33,611.73,613.21,701
2026-09-03T14:00:00+00:00,613.21,614.6,611.4,611.74,640
2026-09-03T14:05:00+00:00,611.74,613.53,610.84,611,542
2026-09-03T14:10:00+00:00,611,611.4,609.51,611.27,510
2026-09-03T14:15:00+00:00,611.27,611.92,609.98,610.29,427
2026-09-03T14:20:00+00:00,610.29,611.18,610.29,610.38,487
2026-09-03T14:25:00+00:00,610.38,612.02,609.88,611.86,432
2026-09-03T14:30:00+00:00,611.86,612.67,610.23,610.26,503
2026-09-03T14:35:00+00:00,610.26,611.64,609.06,609.07,459
2026-09-03T14:40:00+00:00,609.07,611.21,608.29,611.11,437
2026-09-03T14:45:00+00:00,611.11,611.3,609.23,610.4,403
2026-09-03T14:50:00+00:00,610.4,610.45,607.68,608.7,298
2026-09-03T14:55:00+00:00,608.7,609.27,606.73,608.24,397
2026-09-03T15:00:00+00:00,608.24,609.58,607.87,609.04,434
2026-09-03T15:05:00+00:00,609.04,611.46,609.04,610.52,458
2026-09-03T15:10:00+00:00,610.52,614.75,610.43,614.75,451
2026-09-03T15:15:00+00:00,614.75,617.24,613.91,616.87,466
2026-09-03T15:20:00+00:00,616.87,619.14,616.27,618.36,551
2026-09-03T15:25:00+00:00,618.36,618.45,616.32,617.18,442
2026-09-03T15:30:00+00:00,617.18,618.31,616.93,618.31,319
2026-09-03T15:35:00+00:00,618.31,618.97,617.44,617.78,379
2026-09-03T15:40:00+00:00,617.78,617.88,616.83,616.97,348
2026-09-03T15:45:00+00:00,616.97,617.48,616.06,616.18,250
2026-09-03T15:50:00+00:00,616.18,617.3,616.07,616.37,253
2026-09-03T15:55:00+00:00,616.37,616.87,615.84,616.34,248
2026-09-03T16:00:00+00:00,616.34,616.76,615.83,616.43,277
2026-09-03T16:05:00+00:00,616.43,617.39,615.01,615.28,293
2026-09-03T16:10:00+00:00,615.28,615.94,614.99,615.73,247
2026-09-03T16:15:00+00:00,615.73,615.89,615.01,615.11,191
2026-09-03T16:20:00+00:00,615.11,615.44,614.26,614.63,236
2026-09-03T16:25:00+00:00,614.63,615.05,613.93,614.37,277
2026-09-03T16:30:00+00:00,614.37,614.62,613.31,613.99,199
2026-09-03T16:35:00+00:00,613.99,614.05,613.31,613.39,237
2026-09-03T16:40:00+00:00,613.39,613.7,613.13,613.21,191
2026-09-03T16:45:00+00:00,613.21,614.7,613.18,614.63,240
2026-09-03T16:50:00+00:00,614.63,614.91,612.85,613.49,261
2026-09-03T16:55:00+00:00,613.49,613.8,613.12,613.54,170
2026-09-03T17:00:00+00:00,613.54,613.89,612.84,612.85,226
2026-09-03T17:05:00+00:00,612.85,613.21,612.45,612.46,230
2026-09-03T17:10:00+00:00,612.46,612.64,612.13,612.35,203
2026-09-03T17:15:00+00:00,612.35,612.77,611.75,611.8,162
2026-09-03T17:20:00+00:00,611.8,612.89,611.63,612.15,246
2026-09-03T17:25:00+00:00,612.15,612.96,612.13,612.53,185
2026-09-03T17:30:00+00:00,612.53,613.74,612.53,613.41,304
2026-09-03T17:35:00+00:00,613.41,614.76,613.25,614.32,237
2026-09-03T17:40:00+00:00,614.32,614.52,613.74,613.98,228
2026-09-03T17:45:00+00:00,613.98,614.27,613.78,614.25,188
2026-09-03T17:50:00+00:00,614.25,614.79,613.88,614.75,284
2026-09-03T17:55:00+00:00,614.75,614.97,614.27,614.59,218
2026-09-03T18:00:00+00:00,614.59,615.16,613.98,614.38,286
2026-09-03T18:05:00+00:00,614.38,615.02,614.13,614.14,326
2026-09-03T18:10:00+00:00,614.14,614.71,614.12,614.14,217
2026-09-03T18:15:00+00:00,614.14,614.68,613.78,614.03,188
2026-09-03T18:20:00+00:00,614.03,614.55,613.73,613.98,213
2026-09-03T18:25:00+00:00,613.98,614.27,613.75,614.2,199
2026-09-03T18:30:00+00:00,614.2,614.39,613.83,614.36,172
2026-09-03T18:35:00+00:00,614.36,615.67,614.24,614.83,302
2026-09-03T18:40:00+00:00,614.83,615.04,614.23,614.23,172
2026-09-03T18:45:00+00:00,614.23,614.44,613.09,613.39,230
2026-09-03T18:50:00+00:00,613.39,613.71,613,613.24,225
2026-09-03T18:55:00+00:00,613.24,613.67,612.2,613.43,191
2026-09-03T19:00:00+00:00,613.43,613.59,613.03,613.41,154
2026-09-03T19:05:00+00:00,613.41,613.87,613.29,613.48,156
2026-09-03T19:10:00+00:00,613.48,614.35,613.29,613.65,195
2026-09-03T19:15:00+00:00,613.65,613.67,612.24,613.2,208
2026-09-03T19:20:00+00:00,613.2,613.41,612.71,612.74,258
2026-09-03T19:25:00+00:00,612.74,613.13,612.09,612.39,207
2026-09-03T19:30:00+00:00,612.39,612.83,611.85,612.59,245
2026-09-03T19:35:00+00:00,612.59,613.07,612.26,612.76,255
2026-09-03T19:40:00+00:00,612.76,613.5,612.05,612.92,287
2026-09-03T19:45:00+00:00,612.92,613.5,611.33,611.77,298
2026-09-03T19:50:00+00:00,611.77,611.84,610.58,610.79,401
2026-09-03T19:55:00+00:00,610.79,610.79,609.25,610.51,851
2026-09-04T13:30:00+00:00,610.51,615.49,607.83,608.86,1087
2026-09-04T13:35:00+00:00,608.86,610.4,604.93,606.94,839
2026-09-04T13:40:00+00:00,606.94,608.45,605.03,608.09,784
2026-09-04T13:45:00+00:00,608.09,608.09,605.53,607.03,544
2026-09-04T13:50:00+00:00,607.03,607.76,605.78,607.2,444
2026-09-04T13:55:00+00:00,607.2,608.51,606.79,608.33,399
2026-09-04T14:00:00+00:00,608.33,611.8,607.85,611.38,552
2026-09-04T14:05:00+00:00,611.38,612.4,609.84,610.67,644
2026-09-04T14:10:00+00:00,610.67,612.33,610.57,611.79,606
2026-09-04T14:15:00+00:00,611.79,612.97,608.37,608.37,528
2026-09-04T14:20:00+00:00,608.37,610.43,608.23,609.53,493
2026-09-04T14:25:00+00:00,609.53,610.12,608.34,608.76,350
2026-09-04T14:30:00+00:00,608.76,609.42,607.89,608.13,270
2026-09-04T14:35:00+00:00,608.13,612.79,608.13,612.52,416
2026-09-04T14:40:00+00:00,612.52,612.74,610.23,610.73,495
2026-09-04T14:45:00+00:00,610.73,612.41,610.71,611.27,454
2026-09-04T14:50:00+00:00,611.27,611.45,609.66,609.78,402
2026-09-04T14:55:00+00:00,609.78,609.79,607.84,608.39,386
2026-09-04T15:00:00+00:00,608.39,610.52,608.18,610.52,453
2026-09-04T15:05:00+00:00,610.52,612.78,610.21,611.75,419
2026-09-04T15:10:00+00:00,611.75,611.86,610.23,611.17,354
2026-09-04T15:15:00+00:00,611.17,611.27,609.24,609.76,291
2026-09-04T15:20:00+00:00,609.76,611.96,609.73,611.94,365
2026-09-04T15:25:00+00:00,611.94,612.91,611.62,611.64,340
2026-09-04T15:30:00+00:00,611.64,612.61,611.59,611.74,335
2026-09-04T15:35:00+00:00,611.74,611.96,610.8,610.88,284
2026-09-04T15:40:00+00:00,610.88,611.45,610.8,611.1,190
2026-09-04T15:45:00+00:00,611.1,611.49,609.43,610.89,304
2026-09-04T15:50:00+00:00,610.89,611.64,610.49,610.76,370
2026-09-04T15:55:00+00:00,610.76,611.55,610.75,611.34,251
2026-09-04T16:00:00+00:00,611.34,611.7,610.99,611.45,179
2026-09-04T16:05:00+00:00,611.45,611.94,611.17,611.81,187
2026-09-04T16:10:00+00:00,611.81,612.4,611.51,611.84,192
2026-09-04T16:15:00+00:00,611.84,613.29,611.83,613.07,311
2026-09-04T16:20:00+00:00,613.07,614,613.04,613.55,328
2026-09-04T16:25:00+00:00,613.55,613.57,612.53,612.54,266
2026-09-04T16:30:00+00:00,612.54,612.93,612.23,612.58,203
2026-09-04T16:35:00+00:00,612.58,612.58,611.62,611.92,204
2026-09-04T16:40:00+00:00,611.92,611.94,611.23,611.25,160
2026-09-04T16:45:00+00:00,611.25,611.64,611.15,611.34,184
2026-09-04T16:50:00+00:00,611.34,611.7,610.83,610.83,148
2026-09-04T16:55:00+00:00,610.83,610.99,610.03,610.17,194
2026-09-04T17:00:00+00:00,610.17,610.25,609.44,609.88,208
2026-09-04T17:05:00+00:00,609.88,610.17,609.43,609.77,241
2026-09-04T17:10:00+00:00,609.77,609.88,609.43,609.56,160
2026-09-04T17:15:00+00:00,609.56,609.82,608.45,608.62,236
2026-09-04T17:20:00+00:00,608.62,608.99,608.44,608.77,224
2026-09-04T17:25:00+00:00,608.77,609.7,608.76,609.16,293
2026-09-04T17:30:00+00:00,609.16,609.37,608.43,608.52,174
2026-09-04T17:35:00+00:00,608.52,609.02,608.5,608.84,246
2026-09-04T17:40:00+00:00,608.84,609.6,608.57,609.13,198
2026-09-04T17:45:00+00:00,609.13,609.66,608.96,609.55,157
2026-09-04T17:50:00+00:00,609.55,609.57,608.73,609,148
2026-09-04T17:55:00+00:00,609,609.01,608.24,608.73,223
2026-09-04T18:00:00+00:00,608.73,609.01,608.23,608.56,237
2026-09-04T18:05:00+00:00,608.56,608.65,607.84,607.85,295
2026-09-04T18:10:00+00:00,607.85,608.89,607.84,608.72,234
2026-09-04T18:15:00+00:00,608.72,610.88,608.54,610.38,330
2026-09-04T18:20:00+00:00,610.38,612.25,610.33,611.58,350
2026-09-04T18:25:00+00:00,611.58,611.92,610.43,610.54,286
2026-09-04T18:30:00+00:00,610.54,610.79,609.83,609.85,204
2026-09-04T18:35:00+00:00,609.85,610.53,609.73,610.53,217
2026-09-04T18:40:00+00:00,610.53,611.7,610.48,611.22,251
2026-09-04T18:45:00+00:00,611.22,612.22,611.13,612.02,182
2026-09-04T18:50:00+00:00,612.02,613.38,611.52,613.26,288
2026-09-04T18:55:00+00:00,613.26,614.67,612.93,614.41,260
2026-09-04T19:00:00+00:00,614.41,614.66,613.11,613.21,397
2026-09-04T19:05:00+00:00,613.21,614.95,613.16,614.83,306
2026-09-04T19:10:00+00:00,614.83,616.43,614.8,615.95,412
2026-09-04T19:15:00+00:00,615.95,616.41,615.73,615.83,276
2026-09-04T19:20:00+00:00,615.83,616.09,614.75,615.06,343
2026-09-04T19:25:00+00:00,615.06,616.94,614.83,616.81,304
2026-09-04T19:30:00+00:00,616.81,616.81,615.74,616.04,338
2026-09-04T19:35:00+00:00,616.04,616.04,614.83,615.28,257
2026-09-04T19:40:00+00:00,615.28,616.2,614.94,616.03,285
2026-09-04T19:45:00+00:00,616.03,616.62,615.17,616.57,394
2026-09-04T19:50:00+00:00,616.57,616.72,615.47,616.55,355
2026-09-04T19:55:00+00:00,616.55,617.11,615.71,616.42,699
2026-09-08T13:30:00+00:00,616.42,622.22,614.73,619.75,533
2026-09-08T13:35:00+00:00,619.75,621.12,615.82,618.14,531
2026-09-08T13:40:00+00:00,618.14,619.5,616.24,618.32,447
2026-09-08T13:45:00+00:00,618.32,618.92,615.75,616.55,414
2026-09-08T13:50:00+00:00,616.55,617.11,614.73,615.52,399
2026-09-08T13:55:00+00:00,615.52,617.46,614.93,616.73,354
2026-09-08T14:00:00+00:00,616.73,620.32,615.76,618.94,517
2026-09-08T14:05:00+00:00,618.94,620.05,617.24,618.89,354
2026-09-08T14:10:00+00:00,618.89,619.13,614.93,616.25,505
2026-09-08T14:15:00+00:00,616.25,618.74,615.79,617.73,429
2026-09-08T14:20:00+00:00,617.73,618.96,617.56,618.2,321
2026-09-08T14:25:00+00:00,618.2,618.98,615.73,615.75,370
2026-09-08T14:30:00+00:00,615.75,616.2,614.54,615.95,382
2026-09-08T14:35:00+00:00,615.95,616.35,615.43,615.47,219
2026-09-08T14:40:00+00:00,615.47,616.21,614.93,615.03,224
2026-09-08T14:45:00+00:00,615.03,615.73,614.88,615.23,237
2026-09-08T14:50:00+00:00,615.23,615.41,613.74,613.84,257
2026-09-08T14:55:00+00:00,613.84,614.27,613.36,613.94,246
2026-09-08T15:00:00+00:00,613.94,614.91,613.1,614.63,217
2026-09-08T15:05:00+00:00,614.63,616.1,614.61,615.91,247
2026-09-08T15:10:00+00:00,615.91,618.16,615.7,616.3,328
2026-09-08T15:15:00+00:00,616.3,616.91,615.73,615.73,262
2026-09-08T15:20:00+00:00,615.73,617.14,615.73,617.12,216
2026-09-08T15:25:00+00:00,617.12,617.86,616.7,616.7,303
2026-09-08T15:30:00+00:00,616.7,616.95,616.05,616.36,227
2026-09-08T15:35:00+00:00,616.36,616.81,615.98,616.22,184
2026-09-08T15:40:00+00:00,616.22,616.47,615.64,615.72,206
2026-09-08T15:45:00+00:00,615.72,616.15,615.23,615.65,232
2026-09-08T15:50:00+00:00,615.65,617.45,615.48,616.57,250
2026-09-08T15:55:00+00:00,616.57,617.4,615.75,616.07,258
2026-09-08T16:00:00+00:00,616.07,616.07,614.77,615.77,245
2026-09-08T16:05:00+00:00,615.77,616.2,615.13,615.28,231
2026-09-08T16:10:00+00:00,615.28,616.35,615.28,615.84,121
2026-09-08T16:15:00+00:00,615.84,616.11,615.51,615.75,156
2026-09-08T16:20:00+00:00,615.75,616.23,615.53,616.11,154
2026-09-08T16:25:00+00:00,616.11,616.78,615.26,615.72,222
2026-09-08T16:30:00+00:00,615.72,617.23,615.72,616.47,246
2026-09-08T16:35:00+00:00,616.47,616.9,616.23,616.55,172
2026-09-08T16:40:00+00:00,616.55,617.69,616.53,617.69,196
2026-09-08T16:45:00+00:00,617.69,618.51,617.45,617.98,251
2026-09-08T16:50:00+00:00,617.98,619.54,617.3,617.32,312
2026-09-08T16:55:00+00:00,617.32,617.9,616.59,616.66,164
2026-09-08T17:00:00+00:00,616.66,617.76,615.73,617.64,175
2026-09-08T17:05:00+00:00,617.64,618.23,617.2,617.22,135
2026-09-08T17:10:00+00:00,617.22,618.81,617.21,618.06,210
2026-09-08T17:15:00+00:00,618.06,618.08,617.2,617.43,177
2026-09-08T17:20:00+00:00,617.43,617.81,617.2,617.39,157
2026-09-08T17:25:00+00:00,617.39,617.65,617.21,617.42,109
2026-09-08T17:30:00+00:00,617.42,617.7,617.23,617.35,128
2026-09-08T17:35:00+00:00,617.35,617.91,617.23,617.61,171
2026-09-08T17:40:00+00:00,617.61,617.61,617.15,617.15,176
2026-09-08T17:45:00+00:00,617.15,617.77,617.15,617.6,120
2026-09-08T17:50:00+00:00,617.6,618.17,617.6,618.05,135
2026-09-08T17:55:00+00:00,618.05,618.24,616.77,616.87,143
2026-09-08T18:00:00+00:00,616.87,617.17,615.95,616.18,179
2026-09-08T18:05:00+00:00,616.18,616.65,615.93,616.49,200
2026-09-08T18:10:00+00:00,616.49,616.63,615.73,616.26,235
2026-09-08T18:15:00+00:00,616.26,616.86,616.05,616.34,197
2026-09-08T18:20:00+00:00,616.34,616.55,616.06,616.28,203
2026-09-08T18:25:00+00:00,616.28,616.76,616.07,616.28,220
2026-09-08T18:30:00+00:00,616.28,616.8,615.93,616.07,187
2026-09-08T18:35:00+00:00,616.07,616.14,615.34,615.34,205
2026-09-08T18:40:00+00:00,615.34,616.27,615.08,616.2,182
2026-09-08T18:45:00+00:00,616.2,616.49,613.61,613.89,258
2026-09-08T18:50:00+00:00,613.89,614.75,613.33,614.05,240
2026-09-08T18:55:00+00:00,614.05,619.12,613.84,617.41,368
2026-09-08T19:00:00+00:00,617.41,624.14,617.41,622.83,788
2026-09-08T19:05:00+00:00,622.83,623.46,616.73,617.58,553
2026-09-08T19:10:00+00:00,617.58,617.58,609.45,613.15,729
2026-09-08T19:15:00+00:00,613.15,614.1,611.6,613.04,326
2026-09-08T19:20:00+00:00,613.04,613.9,610.73,612.06,335
2026-09-08T19:25:00+00:00,612.06,613.45,611.73,612.98,241
2026-09-08T19:30:00+00:00,612.98,615.05,612.3,614.28,309
2026-09-08T19:35:00+00:00,614.28,614.92,613.89,614.76,275
2026-09-08T19:40:00+00:00,614.76,615.01,614.23,614.55,253
2026-09-08T19:45:00+00:00,614.55,617.03,614.43,616.73,303
2026-09-08T19:50:00+00:00,616.73,616.88,614.55,615.06,412
2026-09-08T19:55:00+00:00,615.06,616.3,611.68,613.32,756
2026-09-09T13:30:00+00:00,613.32,650.45,613.32,642.86,1351
2026-09-09T13:35:00+00:00,642.86,647.17,640.03,646.04,950
2026-09-09T13:40:00+00:00,646.04,646.98,642.82,646.22,710
2026-09-09T13:45:00+00:00,646.22,648.59,645.92,647.73,739
2026-09-09T13:50:00+00:00,647.73,650.38,646.25,647.18,794
2026-09-09T13:55:00+00:00,647.18,647.97,644.74,644.76,668
2026-09-09T14:00:00+00:00,644.76,647.59,644.74,645.2,555
2026-09-09T14:05:00+00:00,645.2,645.98,643.73,645.47,530
2026-09-09T14:10:00+00:00,645.47,646.41,644.83,644.84,491
2026-09-09T14:15:00+00:00,644.84,646.58,644.06,645.57,522
2026-09-09T14:20:00+00:00,645.57,645.57,641.24,641.74,567
2026-09-09T14:25:00+00:00,641.74,644.47,640.13,643.28,576
2026-09-09T14:30:00+00:00,643.28,643.28,640.21,641.08,433
2026-09-09T14:35:00+00:00,641.08,643.75,640.74,643.37,392
2026-09-09T14:40:00+00:00,643.37,647.77,642.73,647.77,518
2026-09-09T14:45:00+00:00,647.77,650.69,646.59,648.9,743
2026-09-09T14:50:00+00:00,648.9,650.21,647.77,649.83,531
2026-09-09T14:55:00+00:00,649.83,654.54,649.65,654.54,594
2026-09-09T15:00:00+00:00,653.75,656.13,652.76,655.19,880
2026-09-09T15:05:00+00:00,655.19,657.27,654.73,656.44,781
2026-09-09T15:10:00+00:00,656.44,656.75,652.77,652.93,682
2026-09-09T15:15:00+00:00,652.93,657.58,651.73,655.73,778
2026-09-09T15:20:00+00:00,655.73,657.43,651.88,651.9,641
2026-09-09T15:25:00+00:00,651.9,652.78,650.77,651.92,474
2026-09-09T15:30:00+00:00,651.92,654.36,650.93,653.63,450
2026-09-09T15:35:00+00:00,653.63,654.27,651.45,652.29,369
2026-09-09T15:40:00+00:00,652.29,652.45,650.79,651.44,343
2026-09-09T15:45:00+00:00,651.44,651.44,649.06,649.42,389
2026-09-09T15:50:00+00:00,649.42,651.54,649.42,651.04,397
2026-09-09T15:55:00+00:00,651.04,651.38,649.53,651.28,357
2026-09-09T16:00:00+00:00,651.28,653.83,651.03,652.33,393
2026-09-09T16:05:00+00:00,652.33,654.22,650.95,651.35,427
2026-09-09T16:10:00+00:00,651.35,653.35,651.22,652.08,439
2026-09-09T16:15:00+00:00,652.08,652.51,651.73,652.23,401
2026-09-09T16:20:00+00:00,652.23,652.82,651.87,652.25,422
2026-09-09T16:25:00+00:00,652.25,652.66,650.36,650.77,421
2026-09-09T16:30:00+00:00,650.77,651.27,650.54,650.75,436
2026-09-09T16:35:00+00:00,650.75,651.07,649.73,650.71,476
2026-09-09T16:40:00+00:00,650.71,650.71,649.55,649.92,374
2026-09-09T16:45:00+00:00,649.92,650.54,649.58,650.3,317
2026-09-09T16:50:00+00:00,650.3,650.73,649.73,649.86,342
2026-09-09T16:55:00+00:00,649.86,650.33,648.98,650.32,322
2026-09-09T17:00:00+00:00,650.32,651.65,649.79,650.52,269
2026-09-09T17:05:00+00:00,650.52,651.34,649.76,649.76,389
2026-09-09T17:10:00+00:00,649.76,652.86,649.73,651,455
2026-09-09T17:15:00+00:00,651,651.7,649.52,650.27,318
2026-09-09T17:20:00+00:00,650.27,652.25,649.7,652.07,384
2026-09-09T17:25:00+00:00,652.07,654.34,651.78,653.25,513
2026-09-09T17:30:00+00:00,653.25,655.18,652.43,652.74,488
2026-09-09T17:35:00+00:00,652.74,653.13,651.28,651.47,347
2026-09-09T17:40:00+00:00,651.47,652.34,650.73,651.78,374
2026-09-09T17:45:00+00:00,651.78,653.2,651.13,651.14,317
2026-09-09T17:50:00+00:00,651.14,652.08,651.07,651.46,350
2026-09-09T17:55:00+00:00,651.46,652.74,651.28,651.77,320
2026-09-09T18:00:00+00:00,651.77,652.07,651.23,651.82,387
2026-09-09T18:05:00+00:00,651.82,652.11,649.76,650.74,382
2026-09-09T18:10:00+00:00,650.74,651.23,650.16,650.16,327
2026-09-09T18:15:00+00:00,650.16,650.8,649.51,650.71,304
2026-09-09T18:20:00+00:00,650.71,651.43,650.46,651.3,399
2026-09-09T18:25:00+00:00,651.3,653.26,651.27,653.15,415
2026-09-09T18:30:00+00:00,653.15,653.23,651.84,652.92,354
2026-09-09T18:35:00+00:00,652.92,653.18,652.14,652.74,385
2026-09-09T18:40:00+00:00,652.74,654.67,652.73,653.61,568
2026-09-09T18:45:00+00:00,653.61,653.73,652.73,652.87,375
2026-09-09T18:50:00+00:00,652.87,653.98,652.23,653.91,460
2026-09-09T18:55:00+00:00,653.91,654.22,652.93,653.3,345
2026-09-09T19:00:00+00:00,653.3,653.3,652.23,652.43,279
2026-09-09T19:05:00+00:00,652.43,654.91,652.06,653.88,364
2026-09-09T19:10:00+00:00,653.88,654.96,653.83,654.68,353
2026-09-09T19:15:00+00:00,654.68,655.09,654.2,654.6,264
2026-09-09T19:20:00+00:00,654.6,654.95,653.73,654.61,281
2026-09-09T19:25:00+00:00,654.61,655.72,654.6,655.28,333
2026-09-09T19:30:00+00:00,655.28,655.63,654.2,654.69,336
2026-09-09T19:35:00+00:00,654.69,656.66,654.37,655.95,413
2026-09-09T19:40:00+00:00,655.95,655.95,652.14,652.64,493
2026-09-09T19:45:00+00:00,652.64,653.7,652.63,653.22,359
2026-09-09T19:50:00+00:00,653.22,655.6,652.98,654.76,632
2026-09-09T19:55:00+00:00,654.76,654.76,651.33,652.89,1034
2026-09-10T13:30:00+00:00,652.89,660.46,646.86,657.41,982
2026-09-10T13:35:00+00:00,657.41,660.16,650.82,658.72,924
2026-09-10T13:40:00+00:00,658.72,662.62,648.01,648.03,725
2026-09-10T13:45:00+00:00,648.03,648.76,642.85,644.87,616
2026-09-10T13:50:00+00:00,644.87,645.13,642.82,644.3,470
2026-09-10T13:55:00+00:00,644.3,646.01,642.77,643.24,418
2026-09-10T14:00:00+00:00,643.24,646.63,643.24,645.66,337
2026-09-10T14:05:00+00:00,645.66,646.36,643.24,645.86,358
2026-09-10T14:10:00+00:00,645.86,650.56,645.86,649.47,456
2026-09-10T14:15:00+00:00,649.47,652.04,648.73,651.91,430
2026-09-10T14:20:00+00:00,651.91,655.14,651.36,652.23,417
2026-09-10T14:25:00+00:00,652.23,654.75,651.75,653.09,327
2026-09-10T14:30:00+00:00,653.09,655.67,652.74,654.71,314
2026-09-10T14:35:00+00:00,654.71,658.35,654.63,658.13,377
2026-09-10T14:40:00+00:00,658.13,658.38,656.12,656.79,302
2026-09-10T14:45:00+00:00,656.79,657.93,656.1,656.1,286
2026-09-10T14:50:00+00:00,656.1,656.95,655.32,656.33,315
2026-09-10T14:55:00+00:00,656.33,657.7,655.93,657.14,279
2026-09-10T15:00:00+00:00,657.14,658.15,656.23,657.17,323
2026-09-10T15:05:00+00:00,657.17,657.73,655.36,655.42,244
2026-09-10T15:10:00+00:00,655.42,656.52,654.06,654.64,234
2026-09-10T15:15:00+00:00,654.64,655.08,652.85,653.28,292
2026-09-10T15:20:00+00:00,653.28,653.82,653.04,653.23,195
2026-09-10T15:25:00+00:00,653.23,653.38,651.23,651.28,303
2026-09-10T15:30:00+00:00,651.28,651.88,650.74,650.76,313
2026-09-10T15:35:00+00:00,650.76,651.84,650.07,651.84,241
2026-09-10T15:40:00+00:00,651.84,656.39,651.82,653.75,406
2026-09-10T15:45:00+00:00,653.75,653.75,651.89,652.75,249
2026-09-10T15:50:00+00:00,652.75,653.35,651.88,651.9,328
2026-09-10T15:55:00+00:00,651.9,653.15,651.6,651.86,293
2026-09-10T16:00:00+00:00,651.86,653.67,651.74,653.36,197
2026-09-10T16:05:00+00:00,653.36,653.36,651.19,651.39,234
2026-09-10T16:10:00+00:00,651.39,652.22,650.98,652.13,176
2026-09-10T16:15:00+00:00,652.13,652.56,651,651.06,141
2026-09-10T16:20:00+00:00,651.06,651.86,650.25,650.7,212
2026-09-10T16:25:00+00:00,650.7,650.83,649.97,650.26,173
2026-09-10T16:30:00+00:00,650.26,650.53,649.23,649.27,172
2026-09-10T16:35:00+00:00,649.27,649.97,648.63,649.45,190
2026-09-10T16:40:00+00:00,649.45,651.24,648.64,650.79,202
2026-09-10T16:45:00+00:00,650.79,652.25,650.26,650.74,175
2026-09-10T16:50:00+00:00,650.74,651.66,650.44,651.66,114
2026-09-10T16:55:00+00:00,651.66,652.31,651.4,651.4,188
2026-09-10T17:00:00+00:00,651.4,652.16,650.23,650.6,136
2026-09-10T17:05:00+00:00,650.6,652.27,650.6,652.11,175
2026-09-10T17:10:00+00:00,652.11,652.71,651.53,651.53,124
2026-09-10T17:15:00+00:00,651.53,651.55,648.74,648.9,186
2026-09-10T17:20:00+00:00,648.9,648.95,648.19,648.35,299
2026-09-10T17:25:00+00:00,648.35,648.87,648.18,648.58,219
2026-09-10T17:30:00+00:00,648.58,649.75,647.76,649.6,188
2026-09-10T17:35:00+00:00,649.6,650.02,648.56,648.56,142
2026-09-10T17:40:00+00:00,648.56,650.02,648.55,649.45,178
2026-09-10T17:45:00+00:00,649.45,649.81,648.06,648.3,186
2026-09-10T17:50:00+00:00,648.3,648.62,647.75,647.75,123
2026-09-10T17:55:00+00:00,647.75,648.21,647.64,647.79,175
2026-09-10T18:00:00+00:00,647.79,648.51,647.64,648.02,179
2026-09-10T18:05:00+00:00,648.02,648.89,647.88,647.9,194
2026-09-10T18:10:00+00:00,647.9,648.36,646.93,647,207
2026-09-10T18:15:00+00:00,647,647.13,646.28,646.6,210
2026-09-10T18:20:00+00:00,646.6,647.06,646.28,646.67,185
2026-09-10T18:25:00+00:00,646.67,647.23,646.63,646.89,134
2026-09-10T18:30:00+00:00,646.89,647.22,646.03,646.28,209
2026-09-10T18:35:00+00:00,646.28,646.37,645.82,646,169
2026-09-10T18:40:00+00:00,646,646.68,645.82,646.13,214
2026-09-10T18:45:00+00:00,646.13,646.15,645.23,645.36,132
2026-09-10T18:50:00+00:00,645.36,646.61,645.35,645.99,224
2026-09-10T18:55:00+00:00,645.99,646.01,645.23,645.5,168
2026-09-10T19:00:00+00:00,645.5,645.5,643.48,643.57,297
2026-09-10T19:05:00+00:00,643.57,645.59,643.55,645.2,243
2026-09-10T19:10:00+00:00,645.2,645.91,644.82,645.34,188
2026-09-10T19:15:00+00:00,645.34,645.6,643.88,644.47,207
2026-09-10T19:20:00+00:00,644.47,644.7,643.31,643.42,275
2026-09-10T19:25:00+00:00,643.42,643.83,642.93,642.94,184
2026-09-10T19:30:00+00:00,642.94,643.33,642.63,643.25,205
2026-09-10T19:35:00+00:00,643.25,643.58,642.73,643.41,214
2026-09-10T19:40:00+00:00,643.41,644.5,643.1,644.41,302
2026-09-10T19:45:00+00:00,644.41,644.74,641.87,642.4,252
2026-09-10T19:50:00+00:00,642.4,643.47,641.98,642.24,356
2026-09-10T19:55:00+00:00,642.24,644.62,642.24,644.62,665
2026-09-11T13:30:00+00:00,644.62,658.66,644.62,656.62,532
2026-09-11T13:35:00+00:00,656.62,660.33,656.62,658.58,712
2026-09-11T13:40:00+00:00,658.58,661.58,657.5,660.08,550
2026-09-11T13:45:00+00:00,660.08,663.61,653.79,654.51,727
2026-09-11T13:50:00+00:00,654.51,654.99,653.02,654.99,509
2026-09-11T13:55:00+00:00,654.99,655.75,651.96,654.58,420
2026-09-11T14:00:00+00:00,654.58,655.89,653.53,653.72,355
2026-09-11T14:05:00+00:00,653.72,655.67,652.87,653.71,435
2026-09-11T14:10:00+00:00,653.71,654.28,652.26,652.59,295
2026-09-11T14:15:00+00:00,652.59,652.82,651.24,652.24,304
2026-09-11T14:20:00+00:00,652.24,653.93,651.78,653.28,255
2026-09-11T14:25:00+00:00,653.28,653.35,651.55,651.55,306
2026-09-11T14:30:00+00:00,651.55,652.1,651.24,651.26,261
2026-09-11T14:35:00+00:00,651.26,653.06,650.84,652.09,298
2026-09-11T14:40:00+00:00,652.09,654.05,651.81,653.12,285
2026-09-11T14:45:00+00:00,653.12,653.57,650.74,651.87,301
2026-09-11T14:50:00+00:00,651.87,652.07,649.97,650.19,212
2026-09-11T14:55:00+00:00,650.19,650.56,648.5,649.08,300
2026-09-11T15:00:00+00:00,649.08,650.23,648.84,650.23,247
2026-09-11T15:05:00+00:00,650.23,652.04,650.05,650.93,241
2026-09-11T15:10:00+00:00,650.93,651.49,650.53,651.25,211
2026-09-11T15:15:00+00:00,651.25,653.85,651.08,653.31,283
2026-09-11T15:20:00+00:00,653.31,653.78,651.69,651.95,269
2026-09-11T15:25:00+00:00,651.95,652.43,651.5,651.56,250
2026-09-11T15:30:00+00:00,651.56,652.45,650.94,651.31,205
2026-09-11T15:35:00+00:00,651.31,653.43,650.96,653.13,233
2026-09-11T15:40:00+00:00,653.13,654.04,652.73,653,277
2026-09-11T15:45:00+00:00,653,653,650.23,650.5,255
2026-09-11T15:50:00+00:00,650.5,652.11,650.5,651.61,248
2026-09-11T15:55:00+00:00,651.61,652.74,651.42,651.65,226
2026-09-11T16:00:00+00:00,651.65,652.36,651.42,652.04,202
2026-09-11T16:05:00+00:00,652.04,652.46,651.58,652.46,200
2026-09-11T16:10:00+00:00,652.46,652.46,650.3,650.3,215
2026-09-11T16:15:00+00:00,650.3,650.82,650,650.26,213
2026-09-11T16:20:00+00:00,650.26,650.47,649.35,649.45,316
2026-09-11T16:25:00+00:00,649.45,650.17,648.58,648.63,259
2026-09-11T16:30:00+00:00,648.63,649.67,648.18,648.75,271
2026-09-11T16:35:00+00:00,648.75,649.2,647.38,648.02,310
2026-09-11T16:40:00+00:00,648.02,649.04,647.73,649.04,204
2026-09-11T16:45:00+00:00,649.04,649.11,647.79,647.85,270
2026-09-11T16:50:00+00:00,647.85,648.13,647.09,647.33,247
2026-09-11T16:55:00+00:00,647.33,647.95,647.28,647.3,200
2026-09-11T17:00:00+00:00,647.3,648.46,647.25,648.14,266
2026-09-11T17:05:00+00:00,648.14,649.16,647.74,648.68,231
2026-09-11T17:10:00+00:00,648.68,648.94,648.23,648.64,210
2026-09-11T17:15:00+00:00,648.64,649.3,648.34,649.05,251
2026-09-11T17:20:00+00:00,649.05,649.94,648.95,649.94,234
2026-09-11T17:25:00+00:00,649.94,650.21,649.57,650.05,191
2026-09-11T17:30:00+00:00,650.05,650.73,649.63,650.08,278
2026-09-11T17:35:00+00:00,650.08,650.2,649.3,649.46,134
2026-09-11T17:40:00+00:00,649.46,649.82,648.62,648.84,269
2026-09-11T17:45:00+00:00,648.84,648.95,648.23,648.54,195
2026-09-11T17:50:00+00:00,648.54,648.78,648.23,648.78,159
2026-09-11T17:55:00+00:00,648.78,649.55,648.58,649.15,187
2026-09-11T18:00:00+00:00,649.15,650.29,648.73,649.09,141
2026-09-11T18:05:00+00:00,649.09,649.27,648.23,648.48,142
2026-09-11T18:10:00+00:00,648.48,648.97,647.95,648.69,169
2026-09-11T18:15:00+00:00,648.69,648.91,648.09,648.42,153
2026-09-11T18:20:00+00:00,648.42,648.42,647.74,648.38,136
2026-09-11T18:25:00+00:00,648.38,649.21,648.38,648.98,146
2026-09-11T18:30:00+00:00,648.98,649.83,648.54,649.82,216
2026-09-11T18:35:00+00:00,649.82,650.1,649.47,649.48,147
2026-09-11T18:40:00+00:00,649.48,649.49,648.12,648.82,224
2026-09-11T18:45:00+00:00,648.82,649.1,648.48,649.08,193
2026-09-11T18:50:00+00:00,649.08,649.85,649.08,649.62,155
2026-09-11T18:55:00+00:00,649.62,649.89,649.47,649.7,157
2026-09-11T19:00:00+00:00,649.7,650.44,649.58,650.07,172
2026-09-11T19:05:00+00:00,650.07,650.37,649.54,649.97,165
2026-09-11T19:10:00+00:00,649.97,650.62,649.73,650.56,148
2026-09-11T19:15:00+00:00,650.56,650.71,649.73,650.14,233
2026-09-11T19:20:00+00:00,650.14,650.55,649.47,650.4,176
2026-09-11T19:25:00+00:00,650.4,650.9,650.09,650.74,229
2026-09-11T19:30:00+00:00,650.74,650.75,649.23,649.59,285
2026-09-11T19:35:00+00:00,649.59,649.61,648.94,649.07,180
2026-09-11T19:40:00+00:00,649.07,649.11,647.93,648.15,240
2026-09-11T19:45:00+00:00,648.15,648.55,647.33,647.39,245
2026-09-11T19:50:00+00:00,647.39,647.6,645.77,646.98,390
2026-09-11T19:55:00+00:00,646.98,648.39,646.53,648.04,599
